id,name,address,city,county,state,zip,phone,facilityType,careTypes,capacity,licenseNumber,licensingAgency,lastInspectionDate,inspectionScore,acceptsMedicaid,acceptsMedicare,acceptsVeteransBenefits,website,operatingStatus,dataSource,lastUpdated,latitude,longitude
1,Magnolia Manor,8911 Highway 78,Huntsville,Madison,AL,35801,(938) 454-8010,Continuing Care Retirement Community,"Specialty Care, Skilled Nursing, Intermediate Care, Assisted Living",108,AL-ASL-98702,Alabama Department of Public Health,2024-05-01,80,True,False,True,https://www.huntsville-senior-care.com,Active,Alabama Department of Public Health,2025-07-12,34.749562,-86.582246
2,Madison Center,3178 Memorial Parkway,Madison,Madison,AL,35756,(205) 887-7013,Intermediate Care Facility,"Memory Care, Independent Living",70,AL-ASL-50210,Alabama Department of Public Health,2024-07-10,85,False,False,False,https://www.madison-senior-care.com,Active,Alabama Department of Public Health,2025-07-12,34.726037,-86.738246
3,Pine House,4902 University Boulevard,Huntsville,Madison,AL,35803,(251) 937-9244,Intermediate Care Facility,"Skilled Nursing, Continuing Care, Adult Day Care",102,AL-ASL-38719,Alabama Department of Public Health,2024-09-24,85,True,False,False,https://www.huntsville-senior-care.com,Active,Alabama Department of Public Health,2025-07-12,34.750604,-86.575424
4,Manor Care Center,9342 University Boulevard,Madison,Madison,AL,35757,(659) 956-9387,Memory Care Community,"Intermediate Care, Respite Care, Adult Day Care",126,AL-ASL-57598,Alabama Department of Public Health,2024-07-13,83,False,True,False,https://www.madison-senior-care.com,Active,Alabama Department of Public Health,2025-07-12,34.720596,-86.729815
5,Maple Plaza,2744 Government Street,Meridianville,Madison,AL,35824,(659) 441-4809,Skilled Nursing Facility,"Continuing Care, Assisted Living, Independent Living, Specialty Care",114,AL-ASL-88451,Alabama Department of Public Health,2024-12-06,96,True,False,False,https://www.meridianville-senior-care.com,Active,Alabama Department of Public Health,2025-07-12,34.166902,-88.197314
6,Meridianville Gardens,3936 Madison Boulevard,Meridianville,Madison,AL,35819,(659) 856-6517,Intermediate Care Facility,"Memory Care, Assisted Living",95,AL-ASL-72610,Alabama Department of Public Health,2024-09-16,76,True,True,True,https://www.meridianville-senior-care.com,Active,Alabama Department of Public Health,2025-07-12,33.633734,-86.901777
7,Plantation Court,2766 Highway 65,Huntsville,Madison,AL,35805,(205) 433-4524,Memory Care Community,"Assisted Living, Independent Living, Intermediate Care",124,AL-ASL-70512,Alabama Department of Public Health,2024-02-10,83,False,False,False,https://www.huntsville-senior-care.com,Active,Alabama Department of Public Health,2025-07-12,34.758763,-86.562172
8,Village House,1321 Spring Hill Avenue,Meridianville,Madison,AL,35826,(251) 796-5457,Skilled Nursing Facility,"Skilled Nursing, Adult Day Care, Respite Care, Assisted Living",117,AL-ASL-18411,Alabama Department of Public Health,2024-09-28,84,True,True,True,https://www.meridianville-senior-care.com,Active,Alabama Department of Public Health,2025-07-12,32.592135,-84.902978
9,Manor Commons,582 University Boulevard,Athens,Limestone,AL,35907,(659) 434-1024,Skilled Nursing Facility,"Specialty Care, Memory Care",128,AL-ASL-84232,Alabama Department of Public Health,2024-09-23,75,True,True,False,https://www.athens-senior-care.com,Active,Alabama Department of Public Health,2025-07-12,30.496883,-86.805191
10,Manor Residence,9441 Old Madison Pike,Ardmore,Limestone,AL,36825,(251) 381-4631,Intermediate Care Facility,"Respite Care, Skilled Nursing, Continuing Care",54,AL-ASL-39040,Alabama Department of Public Health,2024-09-08,88,True,False,True,https://www.ardmore-senior-care.com,Active,Alabama Department of Public Health,2025-07-12,32.705559,-87.710643
11,Manor Senior Living,150 Highway 72,Athens,Limestone,AL,35164,(659) 803-5945,Continuing Care Retirement Community,"Intermediate Care, Continuing Care",88,AL-ASL-89908,Alabama Department of Public Health,2024-10-18,99,False,False,True,https://www.athens-senior-care.com,Active,Alabama Department of Public Health,2025-07-12,34.538461,-86.299074
12,Florence Care Center,9358 Airport Boulevard,Florence,Lauderdale,AL,36353,(256) 362-8846,Assisted Living Facility,"Continuing Care, Skilled Nursing",43,AL-ASL-83508,Alabama Department of Public Health,2024-04-03,82,True,True,False,https://www.florence-senior-care.com,Active,Alabama Department of Public Health,2025-07-12,32.861222,-86.785552
13,River Memory Care,1000 Governors Drive,Florence,Lauderdale,AL,35935,(334) 522-5010,Specialty Care Assisted Living,"Adult Day Care, Continuing Care, Assisted Living, Independent Living",101,AL-ASL-39629,Alabama Department of Public Health,2024-09-15,91,False,True,True,https://www.florence-senior-care.com,Active,Alabama Department of Public Health,2025-07-12,31.053334,-85.460468
14,Dogwood Court,9266 Old Madison Pike,Sheffield,Lauderdale,AL,36867,(659) 811-1603,Residential Care Facility,"Skilled Nursing, Assisted Living, Respite Care",53,AL-ASL-71980,Alabama Department of Public Health,2024-08-15,72,False,False,True,https://www.sheffield-senior-care.com,Active,Alabama Department of Public Health,2025-07-12,33.700042,-87.222755
15,Plantation Place,4717 Highway 65,Muscle Shoals,Lauderdale,AL,36108,(334) 362-4042,Assisted Living Facility,"Skilled Nursing, Independent Living, Respite Care",92,AL-ASL-32980,Alabama Department of Public Health,2024-01-27,76,True,False,False,https://www.muscleshoals-senior-care.com,Active,Alabama Department of Public Health,2025-07-12,31.054441,-85.370623
16,Colonial Residence,4650 Government Street,Sheffield,Lauderdale,AL,35970,(251) 810-1632,Adult Day Care Center,"Memory Care, Assisted Living, Continuing Care, Specialty Care",66,AL-ASL-94677,Alabama Department of Public Health,2024-08-22,84,True,True,True,https://www.sheffield-senior-care.com,Active,Alabama Department of Public Health,2025-07-12,30.589472,-86.68464
17,Lauderdale Plaza,8875 Highway 431,Sheffield,Lauderdale,AL,36879,(256) 349-5175,Specialty Care Assisted Living,"Intermediate Care, Assisted Living, Specialty Care",60,AL-ASL-22118,Alabama Department of Public Health,2024-07-09,77,True,False,False,https://www.sheffield-senior-care.com,Active,Alabama Department of Public Health,2025-07-12,33.398115,-87.782979
18,Dogwood Care Center,6953 University Boulevard,Muscle Shoals,Lauderdale,AL,36641,(334) 307-6618,Skilled Nursing Facility,"Continuing Care, Adult Day Care",54,AL-ASL-38934,Alabama Department of Public Health,2024-11-11,92,False,True,True,https://www.muscleshoals-senior-care.com,Active,Alabama Department of Public Health,2025-07-12,32.263588,-87.482539
19,Muscle Shoals Commons,4903 Highway 431,Muscle Shoals,Lauderdale,AL,36711,(256) 599-8898,Adult Day Care Center,"Assisted Living, Intermediate Care, Memory Care",134,AL-ASL-60874,Alabama Department of Public Health,2024-07-04,75,False,True,False,https://www.muscleshoals-senior-care.com,Active,Alabama Department of Public Health,2025-07-12,31.171567,-86.296101
20,Ridge Assisted Living,4663 University Boulevard,Tuscumbia,Colbert,AL,35755,(659) 849-9789,Adult Day Care Center,"Specialty Care, Independent Living, Intermediate Care",154,AL-ASL-13391,Alabama Department of Public Health,2024-05-19,84,False,True,False,https://www.tuscumbia-senior-care.com,Active,Alabama Department of Public Health,2025-07-12,32.803917,-84.82039
21,Tuscumbia Center,5391 Governors Drive,Tuscumbia,Colbert,AL,36380,(659) 302-8801,Assisted Living Facility,"Respite Care, Intermediate Care, Adult Day Care, Continuing Care",132,AL-ASL-12993,Alabama Department of Public Health,2024-08-14,88,True,True,False,https://www.tuscumbia-senior-care.com,Active,Alabama Department of Public Health,2025-07-12,31.757174,-86.647373
22,Colbert Retirement Community,3275 Highway 280,Tuscumbia,Colbert,AL,36128,(334) 412-6470,Memory Care Community,"Assisted Living, Intermediate Care, Memory Care, Independent Living",144,AL-ASL-23373,Alabama Department of Public Health,2024-09-22,76,False,False,True,https://www.tuscumbia-senior-care.com,Active,Alabama Department of Public Health,2025-07-12,33.02619,-87.52813
23,Magnolia Retirement Community,4015 Old Madison Pike,Russellville,Franklin,AL,36911,(256) 773-6659,Assisted Living Facility,"Respite Care, Continuing Care, Specialty Care, Memory Care",118,AL-ASL-39055,Alabama Department of Public Health,2024-02-22,84,True,False,True,https://www.russellville-senior-care.com,Active,Alabama Department of Public Health,2025-07-12,34.265747,-85.730581
24,Maple Gardens,7592 Dexter Avenue,Red Bay,Franklin,AL,35510,(205) 344-7348,Assisted Living Facility,"Skilled Nursing, Specialty Care, Adult Day Care",112,AL-ASL-74139,Alabama Department of Public Health,2024-05-27,82,False,True,False,https://www.redbay-senior-care.com,Active,Alabama Department of Public Health,2025-07-12,31.125144,-86.208071
25,Ridge House,6762 Memorial Parkway,Russellville,Franklin,AL,35602,(334) 442-2031,Intermediate Care Facility,"Skilled Nursing, Adult Day Care, Specialty Care",102,AL-ASL-24243,Alabama Department of Public Health,2024-03-27,81,False,False,False,https://www.russellville-senior-care.com,Active,Alabama Department of Public Health,2025-07-12,34.177852,-86.416042
26,Franklin Center,2602 Highway 431,Red Bay,Franklin,AL,35331,(205) 764-2562,Memory Care Community,"Continuing Care, Skilled Nursing, Intermediate Care, Adult Day Care",32,AL-ASL-11191,Alabama Department of Public Health,2024-10-17,89,True,False,True,https://www.redbay-senior-care.com,Active,Alabama Department of Public Health,2025-07-12,34.554028,-87.95919
27,Magnolia Assisted Living,302 Spring Hill Avenue,Hillsboro,Lawrence,AL,35236,(334) 843-2086,Memory Care Community,"Adult Day Care, Assisted Living, Skilled Nursing, Independent Living",57,AL-ASL-36091,Alabama Department of Public Health,2024-08-14,80,False,False,False,https://www.hillsboro-senior-care.com,Active,Alabama Department of Public Health,2025-07-12,32.648562,-88.415614
28,Camellia Gardens,452 Highway 72,Moulton,Lawrence,AL,36642,(659) 466-2177,Intermediate Care Facility,"Skilled Nursing, Adult Day Care",28,AL-ASL-10401,Alabama Department of Public Health,2024-05-04,91,True,True,False,https://www.moulton-senior-care.com,Active,Alabama Department of Public Health,2025-07-12,34.802318,-86.816959
29,Dogwood Commons,5323 Government Street,Hillsboro,Lawrence,AL,35280,(251) 961-9750,Assisted Living Facility,"Continuing Care, Adult Day Care, Intermediate Care",85,AL-ASL-77844,Alabama Department of Public Health,2024-06-01,81,True,False,False,https://www.hillsboro-senior-care.com,Active,Alabama Department of Public Health,2025-07-12,31.632165,-85.868909
30,Camellia Estates,2152 Governors Drive,Moulton,Lawrence,AL,36276,(659) 716-7234,Specialty Care Assisted Living,"Intermediate Care, Independent Living",50,AL-ASL-14165,Alabama Department of Public Health,2024-11-19,84,False,True,False,https://www.moulton-senior-care.com,Active,Alabama Department of Public Health,2025-07-12,34.712922,-86.599316
31,Magnolia Assisted Living,4247 University Drive,Priceville,Morgan,AL,36919,(205) 858-1245,Assisted Living Facility,"Assisted Living, Respite Care",31,AL-ASL-85898,Alabama Department of Public Health,2024-05-17,100,True,False,False,https://www.priceville-senior-care.com,Active,Alabama Department of Public Health,2025-07-12,34.122077,-85.189217
32,Ridge Gardens,9571 Highway 280,Decatur,Morgan,AL,35611,(256) 501-9782,Intermediate Care Facility,"Specialty Care, Independent Living, Respite Care, Adult Day Care",40,AL-ASL-34209,Alabama Department of Public Health,2024-06-17,93,False,True,False,https://www.decatur-senior-care.com,Active,Alabama Department of Public Health,2025-07-12,34.63009,-86.960027
33,Priceville Memory Care,4380 Airport Boulevard,Priceville,Morgan,AL,35206,(251) 892-2021,Specialty Care Assisted Living,"Respite Care, Continuing Care",36,AL-ASL-35206,Alabama Department of Public Health,2024-01-10,80,True,False,True,https://www.priceville-senior-care.com,Active,Alabama Department of Public Health,2025-07-12,34.191202,-86.328826
34,Estate Gardens,8909 Memorial Parkway,Hartselle,Morgan,AL,35825,(659) 415-5857,Residential Care Facility,"Assisted Living, Memory Care",119,AL-ASL-34989,Alabama Department of Public Health,2024-12-22,79,True,True,True,https://www.hartselle-senior-care.com,Active,Alabama Department of Public Health,2025-07-12,34.329064,-84.800164
35,Morgan Center,2515 Government Street,Priceville,Morgan,AL,35261,(659) 951-5025,Assisted Living Facility,"Respite Care, Memory Care, Specialty Care",120,AL-ASL-87936,Alabama Department of Public Health,2024-02-16,94,True,True,True,https://www.priceville-senior-care.com,Active,Alabama Department of Public Health,2025-07-12,34.51703,-87.329197
36,Morgan Senior Living,5641 Research Park Boulevard,Hartselle,Morgan,AL,35207,(251) 660-8924,Specialty Care Assisted Living,"Respite Care, Continuing Care",107,AL-ASL-80036,Alabama Department of Public Health,2024-05-09,99,False,False,False,https://www.hartselle-senior-care.com,Active,Alabama Department of Public Health,2025-07-12,34.945129,-86.804202
37,Camellia Residence,4275 University Boulevard,Decatur,Morgan,AL,35601,(251) 517-3722,Intermediate Care Facility,"Intermediate Care, Continuing Care, Specialty Care, Memory Care",34,AL-ASL-73357,Alabama Department of Public Health,2024-08-26,78,True,True,False,https://www.decatur-senior-care.com,Active,Alabama Department of Public Health,2025-07-12,34.634979,-86.969614
38,Oak Residence,6896 Spring Hill Avenue,Arab,Cullman,AL,36851,(251) 333-5554,Intermediate Care Facility,"Intermediate Care, Skilled Nursing, Specialty Care",61,AL-ASL-18208,Alabama Department of Public Health,2024-05-08,93,False,False,False,https://www.arab-senior-care.com,Active,Alabama Department of Public Health,2025-07-12,31.130302,-88.006604
39,Valley Manor,5475 Highway 431,Hanceville,Cullman,AL,36591,(334) 860-1054,Assisted Living Facility,"Memory Care, Independent Living, Intermediate Care",86,AL-ASL-39905,Alabama Department of Public Health,2024-02-17,88,False,False,True,https://www.hanceville-senior-care.com,Active,Alabama Department of Public Health,2025-07-12,34.753124,-86.796137
40,Valley Plaza,7590 Highway 65,Cullman,Cullman,AL,35266,(659) 881-1807,Memory Care Community,"Respite Care, Skilled Nursing",85,AL-ASL-73108,Alabama Department of Public Health,2024-04-27,79,False,True,False,https://www.cullman-senior-care.com,Active,Alabama Department of Public Health,2025-07-12,33.851109,-88.437579
41,Cullman Court,9717 Old Madison Pike,Cullman,Cullman,AL,36141,(251) 842-5840,Skilled Nursing Facility,"Memory Care, Specialty Care, Assisted Living, Adult Day Care",83,AL-ASL-45944,Alabama Department of Public Health,2024-12-03,77,True,False,False,https://www.cullman-senior-care.com,Active,Alabama Department of Public Health,2025-07-12,34.93478,-88.25099
42,Azalea Residence,5751 University Drive,Guntersville,Marshall,AL,36680,(938) 584-7924,Residential Care Facility,"Respite Care, Specialty Care",147,AL-ASL-14764,Alabama Department of Public Health,2024-02-28,82,False,True,False,https://www.guntersville-senior-care.com,Active,Alabama Department of Public Health,2025-07-12,31.456714,-85.662283
43,Creek House,1125 Old Madison Pike,Boaz,Marshall,AL,35505,(251) 246-5243,Memory Care Community,"Respite Care, Continuing Care, Independent Living",76,AL-ASL-27996,Alabama Department of Public Health,2024-10-18,84,False,True,True,https://www.boaz-senior-care.com,Active,Alabama Department of Public Health,2025-07-12,31.060393,-85.93792
44,Ridge Memory Care,3502 Highway 78,Guntersville,Marshall,AL,35765,(938) 732-8121,Skilled Nursing Facility,"Intermediate Care, Respite Care, Continuing Care",73,AL-ASL-93908,Alabama Department of Public Health,2024-10-07,85,True,True,True,https://www.guntersville-senior-care.com,Active,Alabama Department of Public Health,2025-07-12,30.754199,-86.527488
45,Creek Home,4645 Highway 78,Guntersville,Marshall,AL,36821,(659) 676-7702,Assisted Living Facility,"Skilled Nursing, Adult Day Care, Memory Care",87,AL-ASL-87701,Alabama Department of Public Health,2024-02-01,86,True,False,False,https://www.guntersville-senior-care.com,Active,Alabama Department of Public Health,2025-07-12,30.789421,-85.318737
46,Garden House,1027 Spring Hill Avenue,Boaz,Marshall,AL,35681,(334) 708-8889,Assisted Living Facility,"Independent Living, Respite Care, Intermediate Care",29,AL-ASL-23687,Alabama Department of Public Health,2024-12-24,85,False,True,True,https://www.boaz-senior-care.com,Active,Alabama Department of Public Health,2025-07-12,30.700449,-87.076606
47,Marshall Memory Care,887 Highway 65,Albertville,Marshall,AL,36677,(251) 812-5225,Assisted Living Facility,"Assisted Living, Continuing Care, Specialty Care",148,AL-ASL-29216,Alabama Department of Public Health,2024-06-16,74,False,False,False,https://www.albertville-senior-care.com,Active,Alabama Department of Public Health,2025-07-12,33.755237,-85.599982
48,Plantation Place,1069 Airport Boulevard,Fort Payne,DeKalb,AL,35534,(334) 659-7439,Memory Care Community,"Respite Care, Assisted Living, Adult Day Care, Intermediate Care",35,AL-ASL-28539,Alabama Department of Public Health,2024-04-18,94,True,False,True,https://www.fortpayne-senior-care.com,Active,Alabama Department of Public Health,2025-07-12,33.640293,-88.362007
49,Camellia Home,8040 Airport Boulevard,Fort Payne,DeKalb,AL,35222,(659) 749-9942,Skilled Nursing Facility,"Intermediate Care, Memory Care",83,AL-ASL-43736,Alabama Department of Public Health,2024-07-15,95,True,True,False,https://www.fortpayne-senior-care.com,Active,Alabama Department of Public Health,2025-07-12,33.572374,-87.800008
50,River Center,509 University Drive,Fort Payne,DeKalb,AL,35499,(205) 655-3366,Assisted Living Facility,"Adult Day Care, Assisted Living, Respite Care",80,AL-ASL-29430,Alabama Department of Public Health,2024-02-02,97,True,False,False,https://www.fortpayne-senior-care.com,Active,Alabama Department of Public Health,2025-07-12,31.480938,-86.388495
51,Camellia Memory Care,115 Memorial Parkway,Leesburg,Cherokee,AL,36153,(205) 454-2107,Residential Care Facility,"Independent Living, Continuing Care, Specialty Care, Skilled Nursing",149,AL-ASL-89750,Alabama Department of Public Health,2024-10-23,96,True,True,False,https://www.leesburg-senior-care.com,Active,Alabama Department of Public Health,2025-07-12,33.616371,-85.318658
52,Dogwood House,2921 Highway 78,Cedar Bluff,Cherokee,AL,35995,(256) 766-2093,Specialty Care Assisted Living,"Specialty Care, Assisted Living, Intermediate Care",121,AL-ASL-60299,Alabama Department of Public Health,2024-12-22,95,True,True,True,https://www.cedarbluff-senior-care.com,Active,Alabama Department of Public Health,2025-07-12,31.324272,-87.648543
53,Cherokee Manor,4875 University Boulevard,Cedar Bluff,Cherokee,AL,36977,(659) 445-6535,Adult Day Care Center,"Independent Living, Assisted Living",86,AL-ASL-92098,Alabama Department of Public Health,2024-05-05,74,True,False,True,https://www.cedarbluff-senior-care.com,Active,Alabama Department of Public Health,2025-07-12,30.986438,-85.92862
54,River Place,9901 Airport Boulevard,Cedar Bluff,Cherokee,AL,35595,(938) 429-1666,Assisted Living Facility,"Memory Care, Independent Living",71,AL-ASL-62740,Alabama Department of Public Health,2024-06-21,78,False,False,True,https://www.cedarbluff-senior-care.com,Active,Alabama Department of Public Health,2025-07-12,34.50472,-86.820964
55,Etowah Village,5051 Governors Drive,Rainbow City,Etowah,AL,35426,(205) 890-5921,Memory Care Community,"Independent Living, Specialty Care, Adult Day Care",61,AL-ASL-29297,Alabama Department of Public Health,2024-07-13,98,False,False,False,https://www.rainbowcity-senior-care.com,Active,Alabama Department of Public Health,2025-07-12,31.972218,-86.357223
56,Estate Gardens,5717 Government Street,Rainbow City,Etowah,AL,36467,(205) 319-3233,Specialty Care Assisted Living,"Memory Care, Independent Living",56,AL-ASL-95141,Alabama Department of Public Health,2024-09-18,88,False,True,True,https://www.rainbowcity-senior-care.com,Active,Alabama Department of Public Health,2025-07-12,30.922195,-87.704351
57,Creek Retirement Community,3317 Governors Drive,Rainbow City,Etowah,AL,35828,(256) 865-4678,Memory Care Community,"Independent Living, Assisted Living, Intermediate Care, Respite Care",57,AL-ASL-47377,Alabama Department of Public Health,2024-05-07,94,False,False,True,https://www.rainbowcity-senior-care.com,Active,Alabama Department of Public Health,2025-07-12,32.609634,-88.400546
58,Manor Care Center,9313 Airport Boulevard,Gadsden,Etowah,AL,36478,(659) 480-7344,Skilled Nursing Facility,"Respite Care, Continuing Care, Independent Living",73,AL-ASL-98179,Alabama Department of Public Health,2024-03-19,96,False,True,False,https://www.gadsden-senior-care.com,Active,Alabama Department of Public Health,2025-07-12,32.900217,-86.788031
59,Dogwood Residence,6851 Dexter Avenue,Gadsden,Etowah,AL,35977,(251) 520-3208,Memory Care Community,"Memory Care, Adult Day Care, Independent Living",37,AL-ASL-23989,Alabama Department of Public Health,2024-09-25,74,False,True,False,https://www.gadsden-senior-care.com,Active,Alabama Department of Public Health,2025-07-12,34.585704,-84.977133
60,Creek Manor,1049 Spring Hill Avenue,Rainbow City,Etowah,AL,36280,(256) 686-3988,Intermediate Care Facility,"Continuing Care, Independent Living, Adult Day Care, Assisted Living",142,AL-ASL-68353,Alabama Department of Public Health,2024-06-10,96,True,False,False,https://www.rainbowcity-senior-care.com,Active,Alabama Department of Public Health,2025-07-12,32.522284,-87.00435
61,Oak House,516 Highway 65,Gadsden,Etowah,AL,36412,(251) 800-1333,Assisted Living Facility,"Intermediate Care, Specialty Care",129,AL-ASL-64886,Alabama Department of Public Health,2024-07-04,75,False,False,False,https://www.gadsden-senior-care.com,Active,Alabama Department of Public Health,2025-07-12,31.971293,-88.340454
62,Etowah Assisted Living,3697 Dexter Avenue,Gadsden,Etowah,AL,36636,(938) 820-7393,Specialty Care Assisted Living,"Adult Day Care, Intermediate Care, Specialty Care",65,AL-ASL-58524,Alabama Department of Public Health,2024-09-24,72,False,True,True,https://www.gadsden-senior-care.com,Active,Alabama Department of Public Health,2025-07-12,30.866906,-87.138418
63,Garden Center,1360 Highway 72,Moody,St. Clair,AL,36993,(256) 492-3716,Continuing Care Retirement Community,"Skilled Nursing, Respite Care, Intermediate Care, Continuing Care",28,AL-ASL-80322,Alabama Department of Public Health,2024-04-02,97,True,False,False,https://www.moody-senior-care.com,Active,Alabama Department of Public Health,2025-07-12,30.621307,-88.076451
64,Dogwood Residence,2065 Government Street,Ashville,St. Clair,AL,35474,(938) 257-6935,Residential Care Facility,"Assisted Living, Adult Day Care, Respite Care, Continuing Care",114,AL-ASL-56000,Alabama Department of Public Health,2024-10-05,98,True,False,False,https://www.ashville-senior-care.com,Active,Alabama Department of Public Health,2025-07-12,33.788666,-85.48093
65,St. Clair Court,4204 University Drive,Pell City,St. Clair,AL,35177,(256) 860-3283,Continuing Care Retirement Community,"Respite Care, Adult Day Care",63,AL-ASL-68443,Alabama Department of Public Health,2024-08-21,72,False,True,False,https://www.pellcity-senior-care.com,Active,Alabama Department of Public Health,2025-07-12,31.521099,-85.857977
66,Estate Senior Living,4211 Highway 72,Moody,St. Clair,AL,35482,(334) 871-4125,Residential Care Facility,"Specialty Care, Memory Care, Adult Day Care, Skilled Nursing",60,AL-ASL-10792,Alabama Department of Public Health,2024-08-28,90,True,True,True,https://www.moody-senior-care.com,Active,Alabama Department of Public Health,2025-07-12,33.282253,-88.315435
67,St. Clair Court,6546 Government Street,Pell City,St. Clair,AL,35348,(256) 439-7406,Specialty Care Assisted Living,"Adult Day Care, Memory Care, Continuing Care",32,AL-ASL-47507,Alabama Department of Public Health,2024-04-26,81,True,False,False,https://www.pellcity-senior-care.com,Active,Alabama Department of Public Health,2025-07-12,33.862326,-86.870223
68,Heritage Center,9663 Government Street,Oxford,Calhoun,AL,36463,(205) 207-7976,Memory Care Community,"Specialty Care, Independent Living",152,AL-ASL-64321,Alabama Department of Public Health,2024-04-02,89,True,True,False,https://www.oxford-senior-care.com,Active,Alabama Department of Public Health,2025-07-12,30.434806,-87.278189
69,Anniston Retirement Community,6168 Highway 72,Anniston,Calhoun,AL,36209,(334) 620-7593,Skilled Nursing Facility,"Continuing Care, Assisted Living, Intermediate Care",28,AL-ASL-83849,Alabama Department of Public Health,2024-09-03,98,True,True,True,https://www.anniston-senior-care.com,Active,Alabama Department of Public Health,2025-07-12,30.387095,-87.404192
70,Calhoun Place,1697 Highway 72,Oxford,Calhoun,AL,36812,(256) 377-3456,Assisted Living Facility,"Intermediate Care, Skilled Nursing",88,AL-ASL-67181,Alabama Department of Public Health,2024-03-05,91,False,False,False,https://www.oxford-senior-care.com,Active,Alabama Department of Public Health,2025-07-12,34.402576,-86.501451
71,Azalea House,2740 Governors Drive,Oxford,Calhoun,AL,36394,(251) 319-4043,Residential Care Facility,"Skilled Nursing, Memory Care, Independent Living",48,AL-ASL-36661,Alabama Department of Public Health,2024-04-20,78,True,True,True,https://www.oxford-senior-care.com,Active,Alabama Department of Public Health,2025-07-12,30.610024,-88.486403
72,Calhoun Assisted Living,2139 Research Park Boulevard,Jacksonville,Calhoun,AL,36553,(256) 722-6003,Residential Care Facility,"Skilled Nursing, Assisted Living, Adult Day Care, Respite Care",26,AL-ASL-54312,Alabama Department of Public Health,2024-12-17,96,False,True,False,https://www.jacksonville-senior-care.com,Active,Alabama Department of Public Health,2025-07-12,34.492107,-85.247734
73,Azalea Manor,1869 Airport Boulevard,Anniston,Calhoun,AL,35242,(334) 664-9889,Memory Care Community,"Assisted Living, Specialty Care, Respite Care",123,AL-ASL-82052,Alabama Department of Public Health,2024-01-24,86,True,False,False,https://www.anniston-senior-care.com,Active,Alabama Department of Public Health,2025-07-12,30.219499,-84.898904
74,Magnolia Manor,6969 Memorial Parkway,Anniston,Calhoun,AL,35424,(334) 506-1124,Memory Care Community,"Memory Care, Continuing Care",64,AL-ASL-97921,Alabama Department of Public Health,2024-03-04,79,False,True,False,https://www.anniston-senior-care.com,Active,Alabama Department of Public Health,2025-07-12,30.59395,-87.339315
75,Ridge Commons,2214 Airport Boulevard,Heflin,Cleburne,AL,35427,(205) 791-6763,Adult Day Care Center,"Memory Care, Respite Care, Adult Day Care, Assisted Living",130,AL-ASL-45559,Alabama Department of Public Health,2024-11-19,80,False,True,True,https://www.heflin-senior-care.com,Active,Alabama Department of Public Health,2025-07-12,33.194204,-85.377326
76,Manor Memory Care,1665 Highway 431,Heflin,Cleburne,AL,36253,(334) 811-5712,Skilled Nursing Facility,"Assisted Living, Skilled Nursing, Intermediate Care, Memory Care",125,AL-ASL-24900,Alabama Department of Public Health,2024-06-27,99,False,True,True,https://www.heflin-senior-care.com,Active,Alabama Department of Public Health,2025-07-12,32.043242,-87.752329
77,Creek Place,2014 Highway 431,Heflin,Cleburne,AL,36550,(205) 747-4221,Specialty Care Assisted Living,"Continuing Care, Respite Care",44,AL-ASL-50594,Alabama Department of Public Health,2024-05-05,92,True,True,False,https://www.heflin-senior-care.com,Active,Alabama Department of Public Health,2025-07-12,32.086831,-86.891509
78,Pine Care Center,4743 Memorial Parkway,Cleveland,Blount,AL,36974,(334) 745-8038,Intermediate Care Facility,"Continuing Care, Skilled Nursing, Respite Care",50,AL-ASL-85978,Alabama Department of Public Health,2024-04-08,97,False,True,True,https://www.cleveland-senior-care.com,Active,Alabama Department of Public Health,2025-07-12,32.425401,-84.820284
79,Camellia Gardens,4487 Airport Boulevard,Locust Fork,Blount,AL,35264,(256) 711-2007,Skilled Nursing Facility,"Continuing Care, Intermediate Care",109,AL-ASL-62751,Alabama Department of Public Health,2024-04-12,90,False,False,True,https://www.locustfork-senior-care.com,Active,Alabama Department of Public Health,2025-07-12,32.276554,-85.147796
80,Camellia Plaza,6238 Madison Boulevard,Oneonta,Blount,AL,36958,(659) 550-8811,Adult Day Care Center,"Independent Living, Respite Care, Assisted Living, Intermediate Care",116,AL-ASL-93607,Alabama Department of Public Health,2024-12-25,92,True,True,True,https://www.oneonta-senior-care.com,Active,Alabama Department of Public Health,2025-07-12,31.39271,-85.512232
81,Stevenson House,4774 Dexter Avenue,Stevenson,Jackson,AL,36171,(659) 704-6414,Adult Day Care Center,"Memory Care, Independent Living",105,AL-ASL-69716,Alabama Department of Public Health,2024-03-21,84,False,False,True,https://www.stevenson-senior-care.com,Active,Alabama Department of Public Health,2025-07-12,31.913665,-85.730704
82,Garden Center,5261 Madison Boulevard,Bridgeport,Jackson,AL,36511,(938) 495-9214,Assisted Living Facility,"Skilled Nursing, Specialty Care",101,AL-ASL-39546,Alabama Department of Public Health,2024-12-16,93,False,True,True,https://www.bridgeport-senior-care.com,Active,Alabama Department of Public Health,2025-07-12,31.585347,-85.983409
83,Village Memory Care,9820 Highway 72,Stevenson,Jackson,AL,36336,(256) 907-8145,Memory Care Community,"Adult Day Care, Continuing Care, Memory Care, Respite Care",44,AL-ASL-66441,Alabama Department of Public Health,2024-09-04,78,True,False,False,https://www.stevenson-senior-care.com,Active,Alabama Department of Public Health,2025-07-12,31.19332,-86.204483
84,Sylacauga Center,7736 Highway 78,Sylacauga,Talladega,AL,36303,(256) 751-9659,Skilled Nursing Facility,"Assisted Living, Respite Care",26,AL-ASL-53620,Alabama Department of Public Health,2024-08-15,84,True,True,False,https://www.sylacauga-senior-care.com,Active,Alabama Department of Public Health,2025-07-12,33.369582,-84.947873
85,Camellia Gardens,5249 Governors Drive,Lincoln,Talladega,AL,35743,(938) 460-7397,Continuing Care Retirement Community,"Specialty Care, Skilled Nursing",106,AL-ASL-71741,Alabama Department of Public Health,2024-03-18,78,False,False,False,https://www.lincoln-senior-care.com,Active,Alabama Department of Public Health,2025-07-12,31.885443,-85.525026
86,Heritage Village,9825 Highway 280,Talladega,Talladega,AL,35230,(251) 757-6267,Memory Care Community,"Skilled Nursing, Adult Day Care, Respite Care, Specialty Care",64,AL-ASL-35841,Alabama Department of Public Health,2024-05-09,93,True,True,True,https://www.talladega-senior-care.com,Active,Alabama Department of Public Health,2025-07-12,33.797381,-87.924742
87,Maple Village,6698 Dexter Avenue,Sylacauga,Talladega,AL,36164,(256) 818-8217,Assisted Living Facility,"Memory Care, Independent Living",36,AL-ASL-67277,Alabama Department of Public Health,2024-12-10,84,True,True,False,https://www.sylacauga-senior-care.com,Active,Alabama Department of Public Health,2025-07-12,30.325058,-85.421113
88,Talladega Home,2956 Airport Boulevard,Sylacauga,Talladega,AL,35202,(251) 776-5539,Residential Care Facility,"Intermediate Care, Respite Care, Continuing Care",91,AL-ASL-80243,Alabama Department of Public Health,2024-08-19,89,False,True,False,https://www.sylacauga-senior-care.com,Active,Alabama Department of Public Health,2025-07-12,32.756227,-86.887757
89,Garden Place,5745 University Boulevard,Sylacauga,Talladega,AL,35253,(334) 784-6294,Intermediate Care Facility,"Continuing Care, Respite Care, Independent Living",110,AL-ASL-42426,Alabama Department of Public Health,2024-08-26,82,True,True,False,https://www.sylacauga-senior-care.com,Active,Alabama Department of Public Health,2025-07-12,30.368603,-88.233026
90,Ridge Gardens,4186 Spring Hill Avenue,Sylacauga,Talladega,AL,35226,(938) 546-4220,Specialty Care Assisted Living,"Memory Care, Assisted Living, Continuing Care, Intermediate Care",30,AL-ASL-26705,Alabama Department of Public Health,2024-05-19,93,False,True,True,https://www.sylacauga-senior-care.com,Active,Alabama Department of Public Health,2025-07-12,30.592053,-87.099462
91,River Assisted Living,948 Memorial Parkway,Ashland,Clay,AL,35206,(205) 957-6042,Memory Care Community,"Continuing Care, Memory Care",108,AL-ASL-55820,Alabama Department of Public Health,2024-11-07,90,False,True,True,https://www.ashland-senior-care.com,Active,Alabama Department of Public Health,2025-07-12,32.47224,-87.641329
92,Clay Memory Care,7076 Memorial Parkway,Lineville,Clay,AL,36441,(251) 520-4514,Skilled Nursing Facility,"Assisted Living, Continuing Care, Adult Day Care, Independent Living",74,AL-ASL-24572,Alabama Department of Public Health,2024-03-06,72,True,False,True,https://www.lineville-senior-care.com,Active,Alabama Department of Public Health,2025-07-12,34.255389,-85.089442
93,Ridge Gardens,1662 Memorial Parkway,Goodwater,Clay,AL,35830,(256) 959-1965,Assisted Living Facility,"Adult Day Care, Independent Living",92,AL-ASL-11557,Alabama Department of Public Health,2024-10-16,97,True,False,False,https://www.goodwater-senior-care.com,Active,Alabama Department of Public Health,2025-07-12,30.803421,-85.213394
94,Oak Memory Care,3301 Governors Drive,Lineville,Clay,AL,35552,(659) 827-1274,Specialty Care Assisted Living,"Continuing Care, Respite Care",70,AL-ASL-39984,Alabama Department of Public Health,2024-07-15,87,True,True,False,https://www.lineville-senior-care.com,Active,Alabama Department of Public Health,2025-07-12,33.656341,-88.089682
95,Camellia Assisted Living,8833 Governors Drive,Wedowee,Randolph,AL,36326,(251) 932-9058,Residential Care Facility,"Skilled Nursing, Independent Living, Respite Care, Adult Day Care",156,AL-ASL-11411,Alabama Department of Public Health,2024-07-24,72,True,True,False,https://www.wedowee-senior-care.com,Active,Alabama Department of Public Health,2025-07-12,33.771898,-86.303227
96,Randolph Home,7499 Government Street,Roanoke,Randolph,AL,35320,(938) 473-2767,Specialty Care Assisted Living,"Memory Care, Continuing Care, Adult Day Care, Independent Living",92,AL-ASL-61917,Alabama Department of Public Health,2024-05-28,75,False,False,False,https://www.roanoke-senior-care.com,Active,Alabama Department of Public Health,2025-07-12,30.783145,-88.196093
97,Winston Senior Living,1911 Airport Boulevard,Double Springs,Winston,AL,35397,(659) 984-6441,Adult Day Care Center,"Memory Care, Assisted Living",45,AL-ASL-87873,Alabama Department of Public Health,2024-05-02,96,True,True,False,https://www.doublesprings-senior-care.com,Active,Alabama Department of Public Health,2025-07-12,33.37373,-86.899127
98,Addison Care Center,1954 Highway 65,Addison,Winston,AL,35310,(938) 817-7395,Residential Care Facility,"Memory Care, Independent Living, Continuing Care",106,AL-ASL-24873,Alabama Department of Public Health,2024-08-05,86,False,True,True,https://www.addison-senior-care.com,Active,Alabama Department of Public Health,2025-07-12,31.663681,-84.859639
99,Garden Village,4968 Dexter Avenue,Double Springs,Winston,AL,36625,(334) 829-3000,Adult Day Care Center,"Adult Day Care, Respite Care, Specialty Care",120,AL-ASL-48509,Alabama Department of Public Health,2024-10-26,95,True,False,True,https://www.doublesprings-senior-care.com,Active,Alabama Department of Public Health,2025-07-12,33.79643,-87.069846
100,Addison Place,8512 Madison Boulevard,Addison,Winston,AL,35651,(659) 286-8013,Specialty Care Assisted Living,"Intermediate Care, Adult Day Care, Skilled Nursing",80,AL-ASL-95803,Alabama Department of Public Health,2024-04-27,90,False,True,True,https://www.addison-senior-care.com,Active,Alabama Department of Public Health,2025-07-12,34.351176,-87.771391
101,Sumiton Place,2081 University Drive,Sumiton,Walker,AL,35281,(205) 325-7669,Adult Day Care Center,"Respite Care, Skilled Nursing, Memory Care, Intermediate Care",131,AL-ASL-93559,Alabama Department of Public Health,2024-01-23,90,False,True,False,https://www.sumiton-senior-care.com,Active,Alabama Department of Public Health,2025-07-12,31.497132,-87.439619
102,Camellia Court,4021 Dexter Avenue,Jasper,Walker,AL,36303,(205) 314-4613,Intermediate Care Facility,"Independent Living, Assisted Living, Specialty Care",93,AL-ASL-18070,Alabama Department of Public Health,2024-07-27,93,False,False,True,https://www.jasper-senior-care.com,Active,Alabama Department of Public Health,2025-07-12,34.161477,-87.543671
103,Plantation Senior Living,2986 Dexter Avenue,Sumiton,Walker,AL,35524,(334) 942-1280,Assisted Living Facility,"Independent Living, Respite Care",103,AL-ASL-89776,Alabama Department of Public Health,2024-02-12,73,True,True,False,https://www.sumiton-senior-care.com,Active,Alabama Department of Public Health,2025-07-12,31.118342,-84.945866
104,Village Retirement Community,4873 Highway 65,Cordova,Walker,AL,35414,(334) 394-6683,Intermediate Care Facility,"Specialty Care, Adult Day Care",92,AL-ASL-53610,Alabama Department of Public Health,2024-05-23,72,True,False,True,https://www.cordova-senior-care.com,Active,Alabama Department of Public Health,2025-07-12,33.648493,-87.056022
105,Southern Gardens,124 Madison Boulevard,Berry,Fayette,AL,35599,(938) 994-4668,Skilled Nursing Facility,"Respite Care, Independent Living, Specialty Care, Intermediate Care",93,AL-ASL-30277,Alabama Department of Public Health,2024-03-26,75,True,True,True,https://www.berry-senior-care.com,Active,Alabama Department of Public Health,2025-07-12,31.566045,-84.979099
106,Fayette Place,1133 University Boulevard,Berry,Fayette,AL,35207,(938) 832-8339,Intermediate Care Facility,"Continuing Care, Intermediate Care",145,AL-ASL-78557,Alabama Department of Public Health,2024-11-22,94,True,True,False,https://www.berry-senior-care.com,Active,Alabama Department of Public Health,2025-07-12,31.751883,-86.537406
107,Lamar Center,3345 Highway 280,Vernon,Lamar,AL,36285,(256) 868-7151,Residential Care Facility,"Continuing Care, Assisted Living",97,AL-ASL-90551,Alabama Department of Public Health,2024-03-24,89,True,True,True,https://www.vernon-senior-care.com,Active,Alabama Department of Public Health,2025-07-12,32.993843,-88.315004
108,Oak Retirement Community,7752 Government Street,Sulligent,Lamar,AL,36231,(205) 252-9619,Memory Care Community,"Independent Living, Respite Care",133,AL-ASL-99757,Alabama Department of Public Health,2024-07-27,76,False,False,True,https://www.sulligent-senior-care.com,Active,Alabama Department of Public Health,2025-07-12,32.645187,-86.834292
109,Sulligent Assisted Living,3187 Highway 72,Sulligent,Lamar,AL,36516,(334) 584-7473,Continuing Care Retirement Community,"Intermediate Care, Adult Day Care",131,AL-ASL-33372,Alabama Department of Public Health,2024-04-18,76,False,False,False,https://www.sulligent-senior-care.com,Active,Alabama Department of Public Health,2025-07-12,30.781009,-87.47881
110,Camellia Village,3048 Research Park Boulevard,Detroit,Lamar,AL,35213,(334) 894-3154,Adult Day Care Center,"Specialty Care, Assisted Living",80,AL-ASL-58274,Alabama Department of Public Health,2024-05-23,97,True,False,True,https://www.detroit-senior-care.com,Active,Alabama Department of Public Health,2025-07-12,34.512663,-87.63293
111,Estate Memory Care,4809 Highway 72,Winfield,Marion,AL,36350,(205) 883-1655,Assisted Living Facility,"Continuing Care, Memory Care, Adult Day Care",27,AL-ASL-95096,Alabama Department of Public Health,2024-06-25,93,True,True,True,https://www.winfield-senior-care.com,Active,Alabama Department of Public Health,2025-07-12,30.684138,-87.693143
112,Marion Center,8667 Research Park Boulevard,Hamilton,Marion,AL,36634,(251) 784-4230,Memory Care Community,"Assisted Living, Respite Care, Memory Care, Skilled Nursing",27,AL-ASL-76176,Alabama Department of Public Health,2024-04-27,92,True,True,True,https://www.hamilton-senior-care.com,Active,Alabama Department of Public Health,2025-07-12,34.723169,-85.152666
113,Pickens Gardens,4555 Governors Drive,Aliceville,Pickens,AL,35618,(205) 969-7944,Assisted Living Facility,"Adult Day Care, Independent Living",133,AL-ASL-58233,Alabama Department of Public Health,2024-12-21,82,False,False,True,https://www.aliceville-senior-care.com,Active,Alabama Department of Public Health,2025-07-12,33.779999,-86.102884
114,Reform House,5954 Highway 65,Reform,Pickens,AL,36597,(938) 844-6049,Adult Day Care Center,"Adult Day Care, Intermediate Care",142,AL-ASL-64430,Alabama Department of Public Health,2024-11-28,83,False,True,True,https://www.reform-senior-care.com,Active,Alabama Department of Public Health,2025-07-12,33.22177,-86.747118
115,Maple Care Center,1496 Governors Drive,Northport,Tuscaloosa,AL,36224,(251) 375-6060,Memory Care Community,"Skilled Nursing, Memory Care, Assisted Living, Continuing Care",28,AL-ASL-85375,Alabama Department of Public Health,2024-12-21,95,False,False,True,https://www.northport-senior-care.com,Active,Alabama Department of Public Health,2025-07-12,32.644365,-86.069155
116,Tuscaloosa Estates,6066 Highway 72,Brookwood,Tuscaloosa,AL,35748,(659) 863-7545,Assisted Living Facility,"Assisted Living, Intermediate Care",27,AL-ASL-68068,Alabama Department of Public Health,2024-01-09,83,False,True,False,https://www.brookwood-senior-care.com,Active,Alabama Department of Public Health,2025-07-12,33.224766,-86.038313
117,Estate Senior Living,3998 Highway 65,Tuscaloosa,Tuscaloosa,AL,35404,(659) 303-8156,Continuing Care Retirement Community,"Assisted Living, Continuing Care, Specialty Care, Independent Living",115,AL-ASL-26208,Alabama Department of Public Health,2024-05-13,93,True,True,True,https://www.tuscaloosa-senior-care.com,Active,Alabama Department of Public Health,2025-07-12,33.232814,-87.549332
118,Hills Retirement Community,3835 Airport Boulevard,Tuscaloosa,Tuscaloosa,AL,35408,(334) 566-4518,Residential Care Facility,"Respite Care, Memory Care",136,AL-ASL-45978,Alabama Department of Public Health,2024-11-23,98,False,False,True,https://www.tuscaloosa-senior-care.com,Active,Alabama Department of Public Health,2025-07-12,33.216085,-87.556813
119,Plantation Care Center,4750 Highway 431,Northport,Tuscaloosa,AL,35888,(938) 404-6601,Residential Care Facility,"Intermediate Care, Continuing Care, Assisted Living",116,AL-ASL-50461,Alabama Department of Public Health,2024-06-19,75,True,False,True,https://www.northport-senior-care.com,Active,Alabama Department of Public Health,2025-07-12,31.675078,-85.583145
120,Pine Care Center,8206 Highway 65,Brookwood,Tuscaloosa,AL,35416,(251) 969-4256,Continuing Care Retirement Community,"Respite Care, Continuing Care, Independent Living, Specialty Care",59,AL-ASL-40452,Alabama Department of Public Health,2024-09-15,85,True,False,False,https://www.brookwood-senior-care.com,Active,Alabama Department of Public Health,2025-07-12,30.380419,-88.392028
121,Camellia Center,1839 Memorial Parkway,Brookwood,Tuscaloosa,AL,35911,(659) 863-3329,Memory Care Community,"Independent Living, Adult Day Care",69,AL-ASL-87640,Alabama Department of Public Health,2024-07-22,94,False,True,False,https://www.brookwood-senior-care.com,Active,Alabama Department of Public Health,2025-07-12,31.075142,-87.839487
122,Tuscaloosa Senior Living,7295 Dexter Avenue,Northport,Tuscaloosa,AL,36681,(659) 657-1439,Specialty Care Assisted Living,"Assisted Living, Adult Day Care",89,AL-ASL-36236,Alabama Department of Public Health,2024-05-21,95,False,False,True,https://www.northport-senior-care.com,Active,Alabama Department of Public Health,2025-07-12,32.293042,-88.155305
123,Pine Residence,4519 Airport Boulevard,Hoover,Jefferson,AL,35226,(256) 473-4877,Skilled Nursing Facility,"Memory Care, Respite Care, Continuing Care, Assisted Living",35,AL-ASL-88352,Alabama Department of Public Health,2024-09-27,97,True,False,True,https://www.hoover-senior-care.com,Active,Alabama Department of Public Health,2025-07-12,33.421984,-86.809479
124,Colonial Memory Care,5439 Government Street,Birmingham,Jefferson,AL,35203,(659) 618-1674,Intermediate Care Facility,"Continuing Care, Specialty Care, Intermediate Care, Skilled Nursing",107,AL-ASL-29219,Alabama Department of Public Health,2024-05-23,92,False,True,True,https://www.birmingham-senior-care.com,Active,Alabama Department of Public Health,2025-07-12,33.536942,-86.796995
125,Oak Gardens,5483 University Drive,Birmingham,Jefferson,AL,35206,(659) 503-2996,Adult Day Care Center,"Skilled Nursing, Continuing Care, Memory Care",129,AL-ASL-15211,Alabama Department of Public Health,2024-11-12,88,False,False,False,https://www.birmingham-senior-care.com,Active,Alabama Department of Public Health,2025-07-12,33.548153,-86.79115
126,Magnolia Residence,9998 Research Park Boulevard,Vestavia Hills,Jefferson,AL,35210,(334) 273-1568,Continuing Care Retirement Community,"Intermediate Care, Memory Care",68,AL-ASL-94291,Alabama Department of Public Health,2024-08-17,75,True,True,True,https://www.vestaviahills-senior-care.com,Active,Alabama Department of Public Health,2025-07-12,31.229259,-87.164097
127,Hills Care Center,4868 Highway 65,Vestavia Hills,Jefferson,AL,35292,(251) 442-7989,Intermediate Care Facility,"Adult Day Care, Specialty Care, Skilled Nursing, Memory Care",49,AL-ASL-56718,Alabama Department of Public Health,2024-09-12,83,False,False,True,https://www.vestaviahills-senior-care.com,Active,Alabama Department of Public Health,2025-07-12,30.698489,-86.856708
128,Birmingham Home,1024 Highway 280,Birmingham,Jefferson,AL,35202,(251) 302-3706,Continuing Care Retirement Community,"Specialty Care, Memory Care, Skilled Nursing",67,AL-ASL-37869,Alabama Department of Public Health,2024-02-07,74,True,False,False,https://www.birmingham-senior-care.com,Active,Alabama Department of Public Health,2025-07-12,33.53698,-86.775287
129,Ridge Gardens,8150 University Boulevard,Hoover,Jefferson,AL,35216,(938) 694-7713,Assisted Living Facility,"Independent Living, Respite Care, Intermediate Care",52,AL-ASL-49236,Alabama Department of Public Health,2024-11-02,72,True,True,False,https://www.hoover-senior-care.com,Active,Alabama Department of Public Health,2025-07-12,33.416324,-86.79432
130,Camellia Residence,5779 Highway 72,Vestavia Hills,Jefferson,AL,35211,(659) 769-1326,Residential Care Facility,"Skilled Nursing, Intermediate Care",97,AL-ASL-28910,Alabama Department of Public Health,2024-03-04,76,False,False,True,https://www.vestaviahills-senior-care.com,Active,Alabama Department of Public Health,2025-07-12,33.368329,-85.81207
131,Shelby Gardens,3396 Madison Boulevard,Calera,Shelby,AL,35493,(256) 487-7336,Continuing Care Retirement Community,"Skilled Nursing, Intermediate Care, Adult Day Care, Independent Living",80,AL-ASL-83869,Alabama Department of Public Health,2024-08-22,100,False,True,False,https://www.calera-senior-care.com,Active,Alabama Department of Public Health,2025-07-12,31.717345,-86.319707
132,Calera Assisted Living,3099 Highway 431,Calera,Shelby,AL,35879,(256) 750-7558,Assisted Living Facility,"Skilled Nursing, Assisted Living, Specialty Care",154,AL-ASL-34187,Alabama Department of Public Health,2024-07-19,91,False,False,True,https://www.calera-senior-care.com,Active,Alabama Department of Public Health,2025-07-12,30.227396,-85.588859
133,Creek Residence,298 Dexter Avenue,Alabaster,Shelby,AL,35421,(251) 854-2589,Residential Care Facility,"Assisted Living, Intermediate Care",116,AL-ASL-12331,Alabama Department of Public Health,2024-11-15,93,False,False,False,https://www.alabaster-senior-care.com,Active,Alabama Department of Public Health,2025-07-12,31.106799,-85.274263
134,Shelby Court,7247 Highway 78,Calera,Shelby,AL,36479,(205) 430-6196,Skilled Nursing Facility,"Respite Care, Assisted Living",130,AL-ASL-90465,Alabama Department of Public Health,2024-06-21,93,True,False,False,https://www.calera-senior-care.com,Active,Alabama Department of Public Health,2025-07-12,34.929181,-88.414916
135,Magnolia Estates,2616 Highway 280,Alabaster,Shelby,AL,35723,(251) 688-7866,Memory Care Community,"Assisted Living, Intermediate Care",151,AL-ASL-77864,Alabama Department of Public Health,2024-03-14,98,True,False,True,https://www.alabaster-senior-care.com,Active,Alabama Department of Public Health,2025-07-12,30.830543,-87.548945
136,Shelby Commons,5277 Highway 280,Pelham,Shelby,AL,35757,(938) 961-1965,Adult Day Care Center,"Specialty Care, Intermediate Care, Independent Living",157,AL-ASL-76492,Alabama Department of Public Health,2024-08-18,92,True,True,False,https://www.pelham-senior-care.com,Active,Alabama Department of Public Health,2025-07-12,32.697873,-86.465914
137,Estate Estates,7287 Memorial Parkway,Calera,Shelby,AL,36357,(659) 738-7439,Adult Day Care Center,"Skilled Nursing, Independent Living",75,AL-ASL-14782,Alabama Department of Public Health,2024-10-06,82,False,False,False,https://www.calera-senior-care.com,Active,Alabama Department of Public Health,2025-07-12,33.961817,-87.473648
138,River Retirement Community,8390 Madison Boulevard,Pelham,Shelby,AL,36745,(938) 819-2384,Specialty Care Assisted Living,"Continuing Care, Memory Care, Intermediate Care",110,AL-ASL-63140,Alabama Department of Public Health,2024-05-14,89,False,True,True,https://www.pelham-senior-care.com,Active,Alabama Department of Public Health,2025-07-12,30.893479,-85.944294
139,Hills Plaza,8453 Dexter Avenue,Centreville,Bibb,AL,36322,(256) 952-1753,Intermediate Care Facility,"Memory Care, Respite Care",77,AL-ASL-14866,Alabama Department of Public Health,2024-04-11,86,False,True,True,https://www.centreville-senior-care.com,Active,Alabama Department of Public Health,2025-07-12,33.730952,-85.004393
140,Maple Place,9099 Memorial Parkway,West Blocton,Bibb,AL,35642,(334) 522-3280,Adult Day Care Center,"Independent Living, Skilled Nursing",119,AL-ASL-48956,Alabama Department of Public Health,2024-01-04,79,True,True,True,https://www.westblocton-senior-care.com,Active,Alabama Department of Public Health,2025-07-12,33.653143,-87.790758
141,Manor House,5847 Old Madison Pike,Clanton,Chilton,AL,36945,(938) 431-6462,Memory Care Community,"Respite Care, Adult Day Care, Skilled Nursing, Memory Care",139,AL-ASL-76901,Alabama Department of Public Health,2024-06-21,96,False,True,False,https://www.clanton-senior-care.com,Active,Alabama Department of Public Health,2025-07-12,34.888706,-86.468039
142,Dogwood Senior Living,7813 Madison Boulevard,Thorsby,Chilton,AL,35950,(334) 392-4191,Residential Care Facility,"Respite Care, Independent Living, Specialty Care",159,AL-ASL-90506,Alabama Department of Public Health,2024-02-23,75,True,True,False,https://www.thorsby-senior-care.com,Active,Alabama Department of Public Health,2025-07-12,31.168067,-85.849668
143,Chilton Care Center,3518 University Boulevard,Clanton,Chilton,AL,36160,(938) 934-7597,Memory Care Community,"Assisted Living, Intermediate Care, Skilled Nursing",30,AL-ASL-90590,Alabama Department of Public Health,2024-01-02,91,True,False,True,https://www.clanton-senior-care.com,Active,Alabama Department of Public Health,2025-07-12,30.509143,-85.528485
144,Village House,9865 Governors Drive,Millbrook,Autauga,AL,35784,(251) 509-8716,Skilled Nursing Facility,"Adult Day Care, Specialty Care, Assisted Living",54,AL-ASL-28779,Alabama Department of Public Health,2024-08-18,100,True,False,False,https://www.millbrook-senior-care.com,Active,Alabama Department of Public Health,2025-07-12,32.527858,-85.082833
145,Magnolia Assisted Living,476 University Drive,Billingsley,Autauga,AL,36456,(659) 650-8288,Memory Care Community,"Skilled Nursing, Adult Day Care, Respite Care, Assisted Living",80,AL-ASL-16227,Alabama Department of Public Health,2024-11-17,92,False,True,False,https://www.billingsley-senior-care.com,Active,Alabama Department of Public Health,2025-07-12,32.883979,-86.78666
146,River Manor,9223 Highway 431,Millbrook,Autauga,AL,36134,(251) 277-3120,Skilled Nursing Facility,"Adult Day Care, Memory Care",108,AL-ASL-23650,Alabama Department of Public Health,2024-12-13,73,False,True,False,https://www.millbrook-senior-care.com,Active,Alabama Department of Public Health,2025-07-12,32.570328,-87.783473
147,Magnolia Village,8987 Spring Hill Avenue,Millbrook,Autauga,AL,36343,(205) 819-7978,Memory Care Community,"Continuing Care, Memory Care, Assisted Living",139,AL-ASL-22404,Alabama Department of Public Health,2024-02-28,75,False,False,False,https://www.millbrook-senior-care.com,Active,Alabama Department of Public Health,2025-07-12,33.717482,-87.896482
148,Wetumpka Village,6691 Airport Boulevard,Wetumpka,Elmore,AL,36164,(334) 770-8943,Skilled Nursing Facility,"Respite Care, Skilled Nursing, Continuing Care",35,AL-ASL-52998,Alabama Department of Public Health,2024-08-18,92,False,True,False,https://www.wetumpka-senior-care.com,Active,Alabama Department of Public Health,2025-07-12,34.518403,-84.881091
149,Dogwood Estates,3684 Highway 280,Eclectic,Elmore,AL,36965,(251) 847-5452,Specialty Care Assisted Living,"Intermediate Care, Memory Care",123,AL-ASL-60790,Alabama Department of Public Health,2024-07-13,78,True,True,True,https://www.eclectic-senior-care.com,Active,Alabama Department of Public Health,2025-07-12,34.886406,-84.997958
150,Garden Center,6464 Spring Hill Avenue,Eclectic,Elmore,AL,35930,(205) 902-5128,Memory Care Community,"Memory Care, Independent Living, Specialty Care",75,AL-ASL-82072,Alabama Department of Public Health,2024-03-04,72,True,True,True,https://www.eclectic-senior-care.com,Active,Alabama Department of Public Health,2025-07-12,34.123086,-85.626908
151,Goodwater Manor,3391 Old Madison Pike,Goodwater,Coosa,AL,36703,(205) 595-6311,Memory Care Community,"Adult Day Care, Independent Living",120,AL-ASL-83391,Alabama Department of Public Health,2024-02-25,89,True,False,False,https://www.goodwater-senior-care.com,Active,Alabama Department of Public Health,2025-07-12,33.042855,-86.175513
152,Southern Place,5831 Dexter Avenue,Kellyton,Coosa,AL,35960,(659) 497-5181,Specialty Care Assisted Living,"Respite Care, Skilled Nursing, Assisted Living, Independent Living",104,AL-ASL-40821,Alabama Department of Public Health,2024-08-17,100,True,True,True,https://www.kellyton-senior-care.com,Active,Alabama Department of Public Health,2025-07-12,34.554334,-88.226325
153,Dogwood Senior Living,6008 Highway 72,Camp Hill,Tallapoosa,AL,36510,(334) 925-5969,Specialty Care Assisted Living,"Independent Living, Continuing Care, Intermediate Care, Memory Care",61,AL-ASL-17314,Alabama Department of Public Health,2024-03-23,85,False,False,True,https://www.camphill-senior-care.com,Active,Alabama Department of Public Health,2025-07-12,32.838849,-85.187674
154,Camp Hill Place,6760 Highway 72,Camp Hill,Tallapoosa,AL,36804,(659) 960-8585,Continuing Care Retirement Community,"Assisted Living, Specialty Care",83,AL-ASL-26892,Alabama Department of Public Health,2024-09-27,89,True,True,False,https://www.camphill-senior-care.com,Active,Alabama Department of Public Health,2025-07-12,32.399899,-87.054046
155,Ridge Senior Living,3511 Dexter Avenue,Alexander City,Tallapoosa,AL,36176,(256) 298-7952,Memory Care Community,"Respite Care, Intermediate Care, Adult Day Care, Memory Care",156,AL-ASL-76066,Alabama Department of Public Health,2024-09-17,79,True,True,True,https://www.alexandercity-senior-care.com,Active,Alabama Department of Public Health,2025-07-12,34.479406,-86.985279
156,Oak Gardens,9227 Highway 72,Camp Hill,Tallapoosa,AL,35493,(659) 480-7321,Adult Day Care Center,"Independent Living, Specialty Care, Respite Care, Assisted Living",117,AL-ASL-72871,Alabama Department of Public Health,2024-02-09,83,True,True,False,https://www.camphill-senior-care.com,Active,Alabama Department of Public Health,2025-07-12,31.902412,-86.665372
157,Chambers Place,9973 Governors Drive,LaFayette,Chambers,AL,35339,(251) 342-9242,Adult Day Care Center,"Assisted Living, Continuing Care, Independent Living",33,AL-ASL-72506,Alabama Department of Public Health,2024-07-22,74,False,True,True,https://www.lafayette-senior-care.com,Active,Alabama Department of Public Health,2025-07-12,34.059051,-88.241606
158,Camellia Gardens,1248 Highway 431,LaFayette,Chambers,AL,35181,(205) 842-7135,Continuing Care Retirement Community,"Specialty Care, Assisted Living",46,AL-ASL-30649,Alabama Department of Public Health,2024-05-24,80,False,True,True,https://www.lafayette-senior-care.com,Active,Alabama Department of Public Health,2025-07-12,34.503961,-85.786895
159,Valley Estates,7023 Old Madison Pike,LaFayette,Chambers,AL,35606,(659) 418-1938,Skilled Nursing Facility,"Intermediate Care, Memory Care, Skilled Nursing",42,AL-ASL-76487,Alabama Department of Public Health,2024-06-20,92,False,True,True,https://www.lafayette-senior-care.com,Active,Alabama Department of Public Health,2025-07-12,30.934323,-86.057264
160,Heritage Village,7353 Old Madison Pike,Opelika,Lee,AL,35750,(659) 981-1792,Memory Care Community,"Memory Care, Intermediate Care, Continuing Care, Respite Care",45,AL-ASL-43106,Alabama Department of Public Health,2024-02-23,82,False,False,True,https://www.opelika-senior-care.com,Active,Alabama Department of Public Health,2025-07-12,32.640777,-87.542521
161,Lee Home,5748 University Drive,Auburn,Lee,AL,36830,(334) 681-8464,Continuing Care Retirement Community,"Independent Living, Adult Day Care, Intermediate Care, Continuing Care",64,AL-ASL-13957,Alabama Department of Public Health,2024-08-21,85,False,False,True,https://www.auburn-senior-care.com,Active,Alabama Department of Public Health,2025-07-12,32.636528,-85.473565
162,Camellia Senior Living,6113 Dexter Avenue,Auburn,Lee,AL,36832,(938) 947-5941,Assisted Living Facility,"Independent Living, Memory Care",59,AL-ASL-86410,Alabama Department of Public Health,2024-02-18,97,True,True,True,https://www.auburn-senior-care.com,Active,Alabama Department of Public Health,2025-07-12,32.625639,-85.454121
163,River Memory Care,5564 Dexter Avenue,Opelika,Lee,AL,36954,(256) 815-1584,Skilled Nursing Facility,"Specialty Care, Respite Care, Skilled Nursing, Independent Living",80,AL-ASL-17064,Alabama Department of Public Health,2024-08-07,73,True,False,True,https://www.opelika-senior-care.com,Active,Alabama Department of Public Health,2025-07-12,33.337794,-86.166122
164,Azalea Gardens,9233 Highway 65,Smiths Station,Lee,AL,36956,(205) 864-3841,Memory Care Community,"Skilled Nursing, Intermediate Care, Respite Care",79,AL-ASL-29886,Alabama Department of Public Health,2024-01-24,82,True,True,False,https://www.smithsstation-senior-care.com,Active,Alabama Department of Public Health,2025-07-12,32.456188,-87.819017
165,River Care Center,3509 University Boulevard,Smiths Station,Lee,AL,35151,(659) 237-5700,Intermediate Care Facility,"Memory Care, Specialty Care, Assisted Living, Intermediate Care",57,AL-ASL-77942,Alabama Department of Public Health,2024-05-18,74,True,True,True,https://www.smithsstation-senior-care.com,Active,Alabama Department of Public Health,2025-07-12,33.29475,-88.220451
166,Heritage Memory Care,1961 Highway 65,Smiths Station,Lee,AL,35619,(205) 442-3146,Residential Care Facility,"Assisted Living, Independent Living, Skilled Nursing",26,AL-ASL-52591,Alabama Department of Public Health,2024-09-11,88,False,True,True,https://www.smithsstation-senior-care.com,Active,Alabama Department of Public Health,2025-07-12,34.34235,-87.159764
167,Russell Assisted Living,3590 University Drive,Hurtsboro,Russell,AL,36952,(256) 692-9149,Memory Care Community,"Respite Care, Specialty Care, Intermediate Care, Memory Care",66,AL-ASL-36275,Alabama Department of Public Health,2024-09-25,87,True,False,False,https://www.hurtsboro-senior-care.com,Active,Alabama Department of Public Health,2025-07-12,31.335569,-85.769271
168,Pine Estates,6359 Highway 78,Seale,Russell,AL,36685,(334) 300-1960,Assisted Living Facility,"Intermediate Care, Assisted Living",135,AL-ASL-31930,Alabama Department of Public Health,2024-08-05,87,False,True,True,https://www.seale-senior-care.com,Active,Alabama Department of Public Health,2025-07-12,33.83614,-86.315179
169,Russell Senior Living,290 Highway 280,Hurtsboro,Russell,AL,36929,(938) 687-5296,Continuing Care Retirement Community,"Continuing Care, Independent Living, Memory Care, Respite Care",95,AL-ASL-77508,Alabama Department of Public Health,2024-01-26,84,True,True,False,https://www.hurtsboro-senior-care.com,Active,Alabama Department of Public Health,2025-07-12,34.334159,-88.12623
170,Azalea Gardens,5932 Highway 72,Seale,Russell,AL,36904,(938) 822-8683,Specialty Care Assisted Living,"Skilled Nursing, Intermediate Care",43,AL-ASL-33765,Alabama Department of Public Health,2024-11-18,78,True,True,True,https://www.seale-senior-care.com,Active,Alabama Department of Public Health,2025-07-12,34.854991,-86.952096
171,Valley Place,9584 University Drive,Shorter,Macon,AL,35991,(256) 435-6955,Memory Care Community,"Skilled Nursing, Specialty Care, Continuing Care, Adult Day Care",93,AL-ASL-42955,Alabama Department of Public Health,2024-12-23,82,True,False,True,https://www.shorter-senior-care.com,Active,Alabama Department of Public Health,2025-07-12,34.30703,-86.345512
172,River Home,1534 Highway 65,Tuskegee,Macon,AL,35269,(251) 530-3650,Residential Care Facility,"Intermediate Care, Respite Care, Memory Care, Adult Day Care",143,AL-ASL-31993,Alabama Department of Public Health,2024-08-25,89,False,False,False,https://www.tuskegee-senior-care.com,Active,Alabama Department of Public Health,2025-07-12,33.876833,-86.875489
173,Valley Home,8047 University Drive,Union Springs,Bullock,AL,36620,(938) 676-6405,Memory Care Community,"Adult Day Care, Continuing Care, Respite Care",75,AL-ASL-56627,Alabama Department of Public Health,2024-10-09,85,True,False,False,https://www.unionsprings-senior-care.com,Active,Alabama Department of Public Health,2025-07-12,34.016465,-86.940661
174,Maple Gardens,7047 Madison Boulevard,Union Springs,Bullock,AL,35594,(256) 476-7817,Skilled Nursing Facility,"Assisted Living, Specialty Care",31,AL-ASL-80064,Alabama Department of Public Health,2024-06-16,96,False,False,False,https://www.unionsprings-senior-care.com,Active,Alabama Department of Public Health,2025-07-12,34.646905,-87.239239
175,Colonial Care Center,5832 University Drive,Eufaula,Barbour,AL,36688,(256) 390-6285,Skilled Nursing Facility,"Assisted Living, Specialty Care",60,AL-ASL-62832,Alabama Department of Public Health,2024-07-23,80,False,False,True,https://www.eufaula-senior-care.com,Active,Alabama Department of Public Health,2025-07-12,34.177268,-88.459585
176,Eufaula Plaza,7823 University Boulevard,Eufaula,Barbour,AL,35482,(256) 625-8038,Continuing Care Retirement Community,"Assisted Living, Intermediate Care",25,AL-ASL-81537,Alabama Department of Public Health,2024-01-26,100,True,True,True,https://www.eufaula-senior-care.com,Active,Alabama Department of Public Health,2025-07-12,31.008388,-88.089259
177,Oak Memory Care,1897 University Boulevard,Eufaula,Barbour,AL,36360,(205) 368-6634,Adult Day Care Center,"Intermediate Care, Specialty Care",126,AL-ASL-55168,Alabama Department of Public Health,2024-02-19,75,False,True,True,https://www.eufaula-senior-care.com,Active,Alabama Department of Public Health,2025-07-12,31.285363,-85.886702
178,Estate Village,9207 Government Street,Clio,Barbour,AL,35838,(205) 450-7052,Assisted Living Facility,"Continuing Care, Respite Care, Memory Care, Independent Living",138,AL-ASL-73595,Alabama Department of Public Health,2024-03-01,79,False,True,False,https://www.clio-senior-care.com,Active,Alabama Department of Public Health,2025-07-12,34.529726,-85.571169
179,Magnolia Home,8234 Government Street,Goshen,Pike,AL,35768,(256) 894-2743,Skilled Nursing Facility,"Assisted Living, Respite Care, Specialty Care",126,AL-ASL-36851,Alabama Department of Public Health,2024-12-16,92,True,False,True,https://www.goshen-senior-care.com,Active,Alabama Department of Public Health,2025-07-12,33.774571,-87.534572
180,Dogwood Home,1904 Dexter Avenue,Goshen,Pike,AL,36704,(251) 914-2936,Memory Care Community,"Skilled Nursing, Intermediate Care, Independent Living",66,AL-ASL-39422,Alabama Department of Public Health,2024-03-02,94,True,True,True,https://www.goshen-senior-care.com,Active,Alabama Department of Public Health,2025-07-12,31.673404,-86.374644
181,Brundidge Court,600 Highway 78,Brundidge,Pike,AL,36580,(334) 701-8066,Specialty Care Assisted Living,"Specialty Care, Assisted Living, Independent Living",130,AL-ASL-31708,Alabama Department of Public Health,2024-12-11,74,False,True,True,https://www.brundidge-senior-care.com,Active,Alabama Department of Public Health,2025-07-12,34.587887,-86.484372
182,Garden Court,349 Memorial Parkway,Dozier,Crenshaw,AL,36230,(334) 251-8874,Residential Care Facility,"Respite Care, Skilled Nursing",76,AL-ASL-20112,Alabama Department of Public Health,2024-06-07,94,True,True,True,https://www.dozier-senior-care.com,Active,Alabama Department of Public Health,2025-07-12,33.423646,-85.317208
183,Valley Center,8576 Research Park Boulevard,Luverne,Crenshaw,AL,36409,(256) 335-8466,Skilled Nursing Facility,"Specialty Care, Memory Care, Independent Living, Respite Care",157,AL-ASL-78699,Alabama Department of Public Health,2024-05-12,79,True,False,False,https://www.luverne-senior-care.com,Active,Alabama Department of Public Health,2025-07-12,32.230352,-86.802019
184,Pine House,4393 Highway 431,Dozier,Crenshaw,AL,36304,(205) 963-5073,Specialty Care Assisted Living,"Intermediate Care, Adult Day Care, Memory Care",43,AL-ASL-39683,Alabama Department of Public Health,2024-07-17,75,False,False,True,https://www.dozier-senior-care.com,Active,Alabama Department of Public Health,2025-07-12,31.004924,-87.020769
185,Montgomery Residence,7133 Highway 280,Pike Road,Montgomery,AL,36139,(256) 512-7652,Assisted Living Facility,"Skilled Nursing, Assisted Living",84,AL-ASL-57383,Alabama Department of Public Health,2024-02-18,100,False,False,True,https://www.pikeroad-senior-care.com,Active,Alabama Department of Public Health,2025-07-12,34.014516,-86.440464
186,Montgomery Assisted Living,8150 University Drive,Montgomery,Montgomery,AL,36108,(938) 458-3996,Memory Care Community,"Adult Day Care, Independent Living, Assisted Living",93,AL-ASL-80045,Alabama Department of Public Health,2024-02-02,91,False,True,False,https://www.montgomery-senior-care.com,Active,Alabama Department of Public Health,2025-07-12,32.380538,-86.276122
187,Valley Gardens,7645 Highway 78,Montgomery,Montgomery,AL,36102,(251) 978-1591,Residential Care Facility,"Independent Living, Continuing Care, Assisted Living, Adult Day Care",63,AL-ASL-35740,Alabama Department of Public Health,2024-01-17,73,True,False,False,https://www.montgomery-senior-care.com,Active,Alabama Department of Public Health,2025-07-12,32.396563,-86.275608
188,Pine Senior Living,1510 Old Madison Pike,Prattville,Montgomery,AL,36139,(938) 264-5971,Assisted Living Facility,"Intermediate Care, Independent Living, Respite Care",110,AL-ASL-54320,Alabama Department of Public Health,2024-12-26,97,False,False,True,https://www.prattville-senior-care.com,Active,Alabama Department of Public Health,2025-07-12,34.924948,-86.790194
189,Village Gardens,8211 Governors Drive,Pike Road,Montgomery,AL,36171,(251) 493-1499,Skilled Nursing Facility,"Intermediate Care, Specialty Care, Continuing Care",109,AL-ASL-63449,Alabama Department of Public Health,2024-05-14,72,False,True,True,https://www.pikeroad-senior-care.com,Active,Alabama Department of Public Health,2025-07-12,31.461043,-85.26447
190,Pike Road Gardens,9746 Highway 72,Pike Road,Montgomery,AL,36112,(659) 782-6395,Assisted Living Facility,"Respite Care, Independent Living",79,AL-ASL-37587,Alabama Department of Public Health,2024-10-25,85,True,True,False,https://www.pikeroad-senior-care.com,Active,Alabama Department of Public Health,2025-07-12,31.229208,-84.884572
191,Southern Residence,5283 Governors Drive,Pike Road,Montgomery,AL,36120,(334) 592-6203,Specialty Care Assisted Living,"Skilled Nursing, Intermediate Care, Adult Day Care, Independent Living",95,AL-ASL-48475,Alabama Department of Public Health,2024-05-04,99,True,False,True,https://www.pikeroad-senior-care.com,Active,Alabama Department of Public Health,2025-07-12,32.167725,-87.838902
192,Lowndes Residence,5365 Spring Hill Avenue,Fort Deposit,Lowndes,AL,36599,(205) 494-5663,Assisted Living Facility,"Intermediate Care, Respite Care, Independent Living",116,AL-ASL-78644,Alabama Department of Public Health,2024-09-27,100,True,False,False,https://www.fortdeposit-senior-care.com,Active,Alabama Department of Public Health,2025-07-12,33.726452,-88.075244
193,Heritage Commons,111 Highway 78,Fort Deposit,Lowndes,AL,35811,(256) 534-4460,Skilled Nursing Facility,"Memory Care, Continuing Care, Adult Day Care",129,AL-ASL-66496,Alabama Department of Public Health,2024-03-20,79,False,False,False,https://www.fortdeposit-senior-care.com,Active,Alabama Department of Public Health,2025-07-12,31.751471,-87.425079
194,Azalea Gardens,1947 Old Madison Pike,Orrville,Dallas,AL,36576,(659) 572-4091,Continuing Care Retirement Community,"Intermediate Care, Memory Care, Independent Living",135,AL-ASL-37432,Alabama Department of Public Health,2024-08-20,100,False,True,True,https://www.orrville-senior-care.com,Active,Alabama Department of Public Health,2025-07-12,31.598599,-85.189852
195,Magnolia Retirement Community,9355 Highway 72,Selma,Dallas,AL,35610,(334) 802-6078,Residential Care Facility,"Assisted Living, Continuing Care",110,AL-ASL-89108,Alabama Department of Public Health,2024-07-28,96,True,False,True,https://www.selma-senior-care.com,Active,Alabama Department of Public Health,2025-07-12,32.673888,-87.966948
196,Wilcox Home,6209 Governors Drive,Camden,Wilcox,AL,35921,(205) 877-7009,Assisted Living Facility,"Independent Living, Respite Care",80,AL-ASL-34071,Alabama Department of Public Health,2024-08-18,88,False,False,True,https://www.camden-senior-care.com,Active,Alabama Department of Public Health,2025-07-12,32.903774,-85.949331
197,Wilcox Place,6580 Governors Drive,Oak Hill,Wilcox,AL,35573,(938) 934-3734,Specialty Care Assisted Living,"Independent Living, Intermediate Care, Respite Care",55,AL-ASL-85379,Alabama Department of Public Health,2024-03-26,85,False,True,False,https://www.oakhill-senior-care.com,Active,Alabama Department of Public Health,2025-07-12,31.131535,-87.470573
198,Heritage Village,4177 Old Madison Pike,Oak Hill,Wilcox,AL,36832,(938) 581-4198,Specialty Care Assisted Living,"Respite Care, Skilled Nursing, Intermediate Care, Continuing Care",79,AL-ASL-35939,Alabama Department of Public Health,2024-09-08,93,False,False,True,https://www.oakhill-senior-care.com,Active,Alabama Department of Public Health,2025-07-12,31.374194,-85.38985
199,Dogwood Estates,1554 Highway 431,Demopolis,Marengo,AL,36617,(205) 261-9269,Residential Care Facility,"Assisted Living, Continuing Care",156,AL-ASL-31308,Alabama Department of Public Health,2024-01-26,90,True,False,True,https://www.demopolis-senior-care.com,Active,Alabama Department of Public Health,2025-07-12,31.589699,-87.021784
200,Maple Place,1407 Highway 78,Linden,Marengo,AL,36976,(659) 826-4485,Memory Care Community,"Memory Care, Continuing Care, Skilled Nursing, Independent Living",108,AL-ASL-75436,Alabama Department of Public Health,2024-03-24,97,False,False,True,https://www.linden-senior-care.com,Active,Alabama Department of Public Health,2025-07-12,33.166714,-85.769278
201,Oak Village,2143 Highway 72,Linden,Marengo,AL,35202,(256) 446-7111,Residential Care Facility,"Skilled Nursing, Specialty Care, Respite Care, Independent Living",144,AL-ASL-88345,Alabama Department of Public Health,2024-02-15,89,True,False,True,https://www.linden-senior-care.com,Active,Alabama Department of Public Health,2025-07-12,31.943692,-88.082164
202,River Memory Care,8965 Highway 280,Demopolis,Marengo,AL,36124,(659) 357-4139,Skilled Nursing Facility,"Skilled Nursing, Respite Care",136,AL-ASL-58559,Alabama Department of Public Health,2024-11-14,81,False,False,True,https://www.demopolis-senior-care.com,Active,Alabama Department of Public Health,2025-07-12,30.949068,-88.40117
203,Hills Home,4939 Highway 280,Livingston,Sumter,AL,35401,(938) 631-8129,Specialty Care Assisted Living,"Independent Living, Skilled Nursing",63,AL-ASL-13872,Alabama Department of Public Health,2024-02-27,99,True,True,False,https://www.livingston-senior-care.com,Active,Alabama Department of Public Health,2025-07-12,34.108309,-85.415345
204,Southern House,3489 Research Park Boulevard,Livingston,Sumter,AL,35815,(256) 657-1199,Residential Care Facility,"Skilled Nursing, Intermediate Care, Continuing Care",108,AL-ASL-10828,Alabama Department of Public Health,2024-11-26,95,True,False,False,https://www.livingston-senior-care.com,Active,Alabama Department of Public Health,2025-07-12,34.410882,-87.490734
205,Plantation Residence,3892 Governors Drive,York,Sumter,AL,36435,(938) 702-3598,Specialty Care Assisted Living,"Assisted Living, Skilled Nursing, Adult Day Care",76,AL-ASL-74723,Alabama Department of Public Health,2024-11-18,82,True,False,True,https://www.york-senior-care.com,Active,Alabama Department of Public Health,2025-07-12,34.527841,-85.42997
206,Village Commons,5046 Research Park Boulevard,Forkland,Greene,AL,35563,(205) 628-1840,Skilled Nursing Facility,"Respite Care, Memory Care",31,AL-ASL-37166,Alabama Department of Public Health,2024-11-21,99,False,False,True,https://www.forkland-senior-care.com,Active,Alabama Department of Public Health,2025-07-12,30.673633,-87.019239
207,Greene Center,6287 Highway 72,Forkland,Greene,AL,36436,(659) 497-2732,Memory Care Community,"Continuing Care, Independent Living, Intermediate Care, Adult Day Care",140,AL-ASL-85995,Alabama Department of Public Health,2024-04-04,97,False,True,False,https://www.forkland-senior-care.com,Active,Alabama Department of Public Health,2025-07-12,32.65101,-87.219198
208,Akron Place,7029 Highway 280,Akron,Hale,AL,35224,(659) 449-7069,Continuing Care Retirement Community,"Specialty Care, Adult Day Care, Independent Living, Assisted Living",86,AL-ASL-48127,Alabama Department of Public Health,2024-01-06,79,True,True,False,https://www.akron-senior-care.com,Active,Alabama Department of Public Health,2025-07-12,31.079446,-86.575547
209,Hills Plaza,8919 Highway 431,Greensboro,Hale,AL,36535,(205) 253-7735,Skilled Nursing Facility,"Continuing Care, Independent Living, Memory Care, Skilled Nursing",84,AL-ASL-52120,Alabama Department of Public Health,2024-12-26,82,True,False,True,https://www.greensboro-senior-care.com,Active,Alabama Department of Public Health,2025-07-12,33.471447,-87.914399
210,Hale Retirement Community,6823 Madison Boulevard,Greensboro,Hale,AL,36326,(659) 315-3869,Residential Care Facility,"Memory Care, Specialty Care, Adult Day Care",31,AL-ASL-86814,Alabama Department of Public Health,2024-03-23,76,False,False,False,https://www.greensboro-senior-care.com,Active,Alabama Department of Public Health,2025-07-12,34.593028,-87.523584
211,Hale Retirement Community,2966 Old Madison Pike,Akron,Hale,AL,35386,(205) 733-4640,Intermediate Care Facility,"Continuing Care, Skilled Nursing",75,AL-ASL-45583,Alabama Department of Public Health,2024-09-03,79,True,False,True,https://www.akron-senior-care.com,Active,Alabama Department of Public Health,2025-07-12,30.51948,-88.231002
212,Hills Residence,3623 Madison Boulevard,Uniontown,Perry,AL,36419,(251) 525-1619,Intermediate Care Facility,"Memory Care, Skilled Nursing",86,AL-ASL-46423,Alabama Department of Public Health,2024-06-14,73,False,False,True,https://www.uniontown-senior-care.com,Active,Alabama Department of Public Health,2025-07-12,30.735102,-87.774495
213,Perry Care Center,2240 Dexter Avenue,Uniontown,Perry,AL,36546,(256) 691-8131,Intermediate Care Facility,"Memory Care, Skilled Nursing, Assisted Living",107,AL-ASL-38377,Alabama Department of Public Health,2024-01-19,97,False,False,False,https://www.uniontown-senior-care.com,Active,Alabama Department of Public Health,2025-07-12,34.804983,-85.451001
214,Perry Commons,8987 Highway 280,Marion,Perry,AL,35828,(205) 346-2808,Intermediate Care Facility,"Intermediate Care, Independent Living",130,AL-ASL-97149,Alabama Department of Public Health,2024-09-13,77,True,True,True,https://www.marion-senior-care.com,Active,Alabama Department of Public Health,2025-07-12,33.49447,-85.820013
215,Manor Estates,4685 Airport Boulevard,Lisman,Choctaw,AL,35604,(256) 264-5566,Residential Care Facility,"Respite Care, Adult Day Care",145,AL-ASL-97203,Alabama Department of Public Health,2024-06-10,78,True,True,True,https://www.lisman-senior-care.com,Active,Alabama Department of Public Health,2025-07-12,30.875041,-86.307577
216,Creek Plaza,8351 Spring Hill Avenue,Lisman,Choctaw,AL,36139,(334) 256-8049,Intermediate Care Facility,"Respite Care, Independent Living",122,AL-ASL-33483,Alabama Department of Public Health,2024-05-14,93,False,True,False,https://www.lisman-senior-care.com,Active,Alabama Department of Public Health,2025-07-12,30.909203,-88.408127
217,Ridge Center,3474 Dexter Avenue,Toxey,Choctaw,AL,35205,(938) 975-4558,Memory Care Community,"Assisted Living, Specialty Care, Intermediate Care",155,AL-ASL-79856,Alabama Department of Public Health,2024-07-21,76,False,True,True,https://www.toxey-senior-care.com,Active,Alabama Department of Public Health,2025-07-12,30.367784,-86.59693
218,Heritage Memory Care,3989 Research Park Boulevard,Millry,Washington,AL,35340,(938) 659-4364,Continuing Care Retirement Community,"Independent Living, Memory Care, Continuing Care",106,AL-ASL-49576,Alabama Department of Public Health,2024-01-09,100,True,True,True,https://www.millry-senior-care.com,Active,Alabama Department of Public Health,2025-07-12,32.43115,-85.159781
219,Washington Retirement Community,8963 University Boulevard,Millry,Washington,AL,35128,(205) 661-1863,Assisted Living Facility,"Intermediate Care, Independent Living",68,AL-ASL-26581,Alabama Department of Public Health,2024-06-22,94,True,True,False,https://www.millry-senior-care.com,Active,Alabama Department of Public Health,2025-07-12,31.555033,-86.344926
220,Estate Place,8354 Spring Hill Avenue,Fruitdale,Washington,AL,36454,(659) 543-1412,Skilled Nursing Facility,"Adult Day Care, Memory Care, Assisted Living, Independent Living",108,AL-ASL-40317,Alabama Department of Public Health,2024-11-07,86,False,False,True,https://www.fruitdale-senior-care.com,Active,Alabama Department of Public Health,2025-07-12,30.623036,-86.212117
221,Southern Village,213 Highway 431,Millry,Washington,AL,35500,(205) 357-3700,Assisted Living Facility,"Adult Day Care, Skilled Nursing",134,AL-ASL-11681,Alabama Department of Public Health,2024-11-22,84,True,False,False,https://www.millry-senior-care.com,Active,Alabama Department of Public Health,2025-07-12,33.600351,-88.349895
222,Creek Gardens,8481 Dexter Avenue,Thomasville,Clarke,AL,35771,(938) 363-7064,Intermediate Care Facility,"Memory Care, Adult Day Care",133,AL-ASL-27184,Alabama Department of Public Health,2024-10-08,73,False,False,True,https://www.thomasville-senior-care.com,Active,Alabama Department of Public Health,2025-07-12,32.789728,-86.061043
223,Jackson Residence,737 Dexter Avenue,Jackson,Clarke,AL,36991,(251) 335-9925,Intermediate Care Facility,"Skilled Nursing, Memory Care",33,AL-ASL-22816,Alabama Department of Public Health,2024-04-05,98,True,False,False,https://www.jackson-senior-care.com,Active,Alabama Department of Public Health,2025-07-12,34.795109,-85.048992
224,Jackson Place,262 Highway 72,Jackson,Clarke,AL,35779,(251) 753-2837,Intermediate Care Facility,"Respite Care, Skilled Nursing",28,AL-ASL-97748,Alabama Department of Public Health,2024-12-26,88,False,False,True,https://www.jackson-senior-care.com,Active,Alabama Department of Public Health,2025-07-12,30.767063,-86.861902
225,Thomasville Care Center,772 Highway 431,Thomasville,Clarke,AL,36212,(256) 294-3355,Skilled Nursing Facility,"Intermediate Care, Adult Day Care, Respite Care, Specialty Care",34,AL-ASL-49602,Alabama Department of Public Health,2024-03-17,76,True,True,True,https://www.thomasville-senior-care.com,Active,Alabama Department of Public Health,2025-07-12,30.324392,-87.126011
226,Oak Place,5144 Dexter Avenue,Monroeville,Monroe,AL,36342,(205) 337-6137,Intermediate Care Facility,"Specialty Care, Independent Living, Assisted Living",87,AL-ASL-66150,Alabama Department of Public Health,2024-07-18,73,False,False,True,https://www.monroeville-senior-care.com,Active,Alabama Department of Public Health,2025-07-12,31.899814,-85.783189
227,River Home,7575 Highway 78,Monroeville,Monroe,AL,36672,(256) 372-5592,Assisted Living Facility,"Skilled Nursing, Intermediate Care, Continuing Care",81,AL-ASL-13626,Alabama Department of Public Health,2024-05-10,82,False,False,True,https://www.monroeville-senior-care.com,Active,Alabama Department of Public Health,2025-07-12,32.222765,-85.006466
228,River Memory Care,9189 University Drive,Monroeville,Monroe,AL,35137,(659) 793-6588,Residential Care Facility,"Continuing Care, Memory Care",115,AL-ASL-18908,Alabama Department of Public Health,2024-03-25,94,True,True,True,https://www.monroeville-senior-care.com,Active,Alabama Department of Public Health,2025-07-12,33.749812,-88.147515
229,Evergreen Place,2232 Dexter Avenue,Evergreen,Conecuh,AL,35450,(938) 459-8317,Specialty Care Assisted Living,"Respite Care, Memory Care",57,AL-ASL-37088,Alabama Department of Public Health,2024-07-19,74,False,False,False,https://www.evergreen-senior-care.com,Active,Alabama Department of Public Health,2025-07-12,32.902178,-84.849492
230,Conecuh Residence,4614 Research Park Boulevard,Repton,Conecuh,AL,36558,(256) 440-9472,Specialty Care Assisted Living,"Independent Living, Respite Care, Adult Day Care",51,AL-ASL-79989,Alabama Department of Public Health,2024-06-02,99,False,True,True,https://www.repton-senior-care.com,Active,Alabama Department of Public Health,2025-07-12,32.947054,-87.45597
231,Escambia Commons,2482 Old Madison Pike,Flomaton,Escambia,AL,36422,(334) 364-5484,Intermediate Care Facility,"Skilled Nursing, Independent Living, Memory Care, Intermediate Care",129,AL-ASL-16994,Alabama Department of Public Health,2024-05-15,85,True,True,True,https://www.flomaton-senior-care.com,Active,Alabama Department of Public Health,2025-07-12,31.507716,-87.109814
232,Escambia Senior Living,7264 Dexter Avenue,Brewton,Escambia,AL,35680,(256) 273-1954,Memory Care Community,"Adult Day Care, Skilled Nursing",35,AL-ASL-49906,Alabama Department of Public Health,2024-11-11,79,False,False,True,https://www.brewton-senior-care.com,Active,Alabama Department of Public Health,2025-07-12,34.981964,-84.822274
233,Hills Home,6374 University Boulevard,Flomaton,Escambia,AL,36761,(256) 835-1227,Adult Day Care Center,"Adult Day Care, Assisted Living, Independent Living",127,AL-ASL-11205,Alabama Department of Public Health,2024-07-13,91,False,False,True,https://www.flomaton-senior-care.com,Active,Alabama Department of Public Health,2025-07-12,31.247442,-85.230065
234,Florala Assisted Living,931 Highway 65,Florala,Covington,AL,35157,(256) 603-2449,Assisted Living Facility,"Intermediate Care, Memory Care, Independent Living, Assisted Living",139,AL-ASL-15582,Alabama Department of Public Health,2024-04-16,78,False,True,True,https://www.florala-senior-care.com,Active,Alabama Department of Public Health,2025-07-12,33.699732,-88.338564
235,Florala House,2948 Old Madison Pike,Florala,Covington,AL,36365,(205) 484-9672,Residential Care Facility,"Adult Day Care, Respite Care, Independent Living, Continuing Care",128,AL-ASL-69594,Alabama Department of Public Health,2024-04-27,89,False,False,False,https://www.florala-senior-care.com,Active,Alabama Department of Public Health,2025-07-12,33.463454,-84.82828
236,Ridge Home,9639 Highway 431,Elba,Coffee,AL,35490,(938) 331-5671,Assisted Living Facility,"Intermediate Care, Specialty Care, Memory Care",128,AL-ASL-44824,Alabama Department of Public Health,2024-06-06,94,True,False,False,https://www.elba-senior-care.com,Active,Alabama Department of Public Health,2025-07-12,32.4146,-86.081846
237,Pine Commons,2090 Highway 431,Elba,Coffee,AL,36618,(251) 397-9434,Memory Care Community,"Independent Living, Respite Care, Adult Day Care",160,AL-ASL-21713,Alabama Department of Public Health,2024-09-22,88,True,False,False,https://www.elba-senior-care.com,Active,Alabama Department of Public Health,2025-07-12,30.781132,-85.052345
238,River Village,4503 Highway 65,Enterprise,Coffee,AL,36839,(256) 963-3757,Specialty Care Assisted Living,"Independent Living, Respite Care",139,AL-ASL-67232,Alabama Department of Public Health,2024-06-09,81,False,True,True,https://www.enterprise-senior-care.com,Active,Alabama Department of Public Health,2025-07-12,33.90988,-88.17462
239,Village Plaza,5822 Madison Boulevard,Enterprise,Coffee,AL,35625,(659) 958-9599,Specialty Care Assisted Living,"Skilled Nursing, Independent Living, Memory Care",153,AL-ASL-66787,Alabama Department of Public Health,2024-11-16,94,True,True,True,https://www.enterprise-senior-care.com,Active,Alabama Department of Public Health,2025-07-12,34.171326,-87.50998
240,Dogwood Plaza,3344 Highway 65,Geneva,Geneva,AL,36967,(938) 539-7894,Intermediate Care Facility,"Adult Day Care, Respite Care",160,AL-ASL-64503,Alabama Department of Public Health,2024-10-22,73,True,True,True,https://www.geneva-senior-care.com,Active,Alabama Department of Public Health,2025-07-12,31.777147,-86.14305
241,Geneva Gardens,6066 Spring Hill Avenue,Geneva,Geneva,AL,35280,(256) 979-9029,Residential Care Facility,"Skilled Nursing, Intermediate Care",136,AL-ASL-74028,Alabama Department of Public Health,2024-05-02,90,True,False,True,https://www.geneva-senior-care.com,Active,Alabama Department of Public Health,2025-07-12,32.506014,-87.93599
242,Plantation Home,5063 Old Madison Pike,Dothan,Houston,AL,36352,(659) 942-8780,Continuing Care Retirement Community,"Memory Care, Intermediate Care, Adult Day Care, Independent Living",58,AL-ASL-67293,Alabama Department of Public Health,2024-11-22,83,True,False,False,https://www.dothan-senior-care.com,Active,Alabama Department of Public Health,2025-07-12,31.238756,-85.383497
243,Houston Memory Care,5639 Airport Boulevard,Ashford,Houston,AL,36791,(938) 869-8266,Continuing Care Retirement Community,"Specialty Care, Adult Day Care, Skilled Nursing",111,AL-ASL-23917,Alabama Department of Public Health,2024-10-09,72,True,True,False,https://www.ashford-senior-care.com,Active,Alabama Department of Public Health,2025-07-12,30.971183,-87.042187
244,Estate Estates,6395 Dexter Avenue,Ashford,Houston,AL,36752,(256) 584-9021,Adult Day Care Center,"Continuing Care, Independent Living",95,AL-ASL-55290,Alabama Department of Public Health,2024-08-04,100,True,True,True,https://www.ashford-senior-care.com,Active,Alabama Department of Public Health,2025-07-12,32.453394,-84.876674
245,Garden Care Center,7571 Dexter Avenue,Wicksburg,Houston,AL,35318,(256) 570-1608,Specialty Care Assisted Living,"Adult Day Care, Respite Care, Independent Living, Memory Care",115,AL-ASL-92355,Alabama Department of Public Health,2024-09-21,89,True,True,True,https://www.wicksburg-senior-care.com,Active,Alabama Department of Public Health,2025-07-12,33.414428,-85.304745
246,River Memory Care,8200 Old Madison Pike,Dothan,Houston,AL,36303,(205) 451-8333,Memory Care Community,"Respite Care, Assisted Living, Independent Living",142,AL-ASL-69394,Alabama Department of Public Health,2024-10-22,98,True,False,False,https://www.dothan-senior-care.com,Active,Alabama Department of Public Health,2025-07-12,31.250279,-85.378035
247,Hills Senior Living,1579 Highway 65,Abbeville,Henry,AL,35910,(334) 259-3465,Specialty Care Assisted Living,"Independent Living, Respite Care, Assisted Living, Intermediate Care",82,AL-ASL-28633,Alabama Department of Public Health,2024-11-01,95,False,True,True,https://www.abbeville-senior-care.com,Active,Alabama Department of Public Health,2025-07-12,33.872539,-86.954898
248,Heritage Plaza,9420 Dexter Avenue,Headland,Henry,AL,36970,(334) 350-3947,Continuing Care Retirement Community,"Independent Living, Respite Care",154,AL-ASL-89784,Alabama Department of Public Health,2024-07-27,84,True,True,True,https://www.headland-senior-care.com,Active,Alabama Department of Public Health,2025-07-12,33.967882,-87.602476
249,Henry Manor,3479 Governors Drive,Abbeville,Henry,AL,35184,(251) 709-4604,Residential Care Facility,"Intermediate Care, Assisted Living",111,AL-ASL-32309,Alabama Department of Public Health,2024-01-28,80,False,True,True,https://www.abbeville-senior-care.com,Active,Alabama Department of Public Health,2025-07-12,32.535792,-85.413314
250,Dale House,6675 Government Street,Midland City,Dale,AL,36146,(659) 412-7399,Adult Day Care Center,"Respite Care, Adult Day Care, Specialty Care",34,AL-ASL-30506,Alabama Department of Public Health,2024-02-16,85,True,False,False,https://www.midlandcity-senior-care.com,Active,Alabama Department of Public Health,2025-07-12,33.697011,-88.107554
251,Estate Retirement Community,7285 University Boulevard,Midland City,Dale,AL,35494,(251) 261-1126,Assisted Living Facility,"Continuing Care, Memory Care",38,AL-ASL-41856,Alabama Department of Public Health,2024-11-27,85,True,False,False,https://www.midlandcity-senior-care.com,Active,Alabama Department of Public Health,2025-07-12,30.505702,-86.322152
252,Azalea Manor,3704 Governors Drive,Ozark,Dale,AL,36569,(256) 457-6158,Memory Care Community,"Respite Care, Adult Day Care, Specialty Care, Intermediate Care",64,AL-ASL-52219,Alabama Department of Public Health,2024-11-14,73,True,True,True,https://www.ozark-senior-care.com,Active,Alabama Department of Public Health,2025-07-12,32.13003,-88.097993
253,Dale Memory Care,101 Government Street,Daleville,Dale,AL,35422,(256) 438-1378,Residential Care Facility,"Respite Care, Assisted Living",92,AL-ASL-60198,Alabama Department of Public Health,2024-03-15,85,True,False,False,https://www.daleville-senior-care.com,Active,Alabama Department of Public Health,2025-07-12,30.665318,-88.182212
254,Foley Center,1781 Highway 280,Foley,Baldwin,AL,35112,(938) 776-7657,Adult Day Care Center,"Continuing Care, Assisted Living",33,AL-ASL-83766,Alabama Department of Public Health,2024-05-18,76,False,True,False,https://www.foley-senior-care.com,Active,Alabama Department of Public Health,2025-07-12,34.143761,-84.822917
255,Village Commons,3426 Highway 431,Foley,Baldwin,AL,36627,(659) 881-1492,Intermediate Care Facility,"Skilled Nursing, Continuing Care, Specialty Care, Respite Care",160,AL-ASL-32346,Alabama Department of Public Health,2024-12-09,86,False,False,True,https://www.foley-senior-care.com,Active,Alabama Department of Public Health,2025-07-12,34.375669,-88.02179
256,Baldwin Home,3913 Research Park Boulevard,Foley,Baldwin,AL,35908,(251) 528-2572,Continuing Care Retirement Community,"Intermediate Care, Adult Day Care, Specialty Care",33,AL-ASL-74299,Alabama Department of Public Health,2024-04-24,88,False,False,False,https://www.foley-senior-care.com,Active,Alabama Department of Public Health,2025-07-12,31.305518,-88.286627
257,Creek House,1351 Memorial Parkway,Gulf Shores,Baldwin,AL,36367,(256) 401-2811,Memory Care Community,"Skilled Nursing, Assisted Living",125,AL-ASL-78452,Alabama Department of Public Health,2024-12-25,77,True,True,False,https://www.gulfshores-senior-care.com,Active,Alabama Department of Public Health,2025-07-12,32.161725,-85.636733
258,Southern Home,8386 Highway 65,Gulf Shores,Baldwin,AL,35363,(334) 994-1502,Adult Day Care Center,"Specialty Care, Assisted Living, Respite Care, Continuing Care",86,AL-ASL-20010,Alabama Department of Public Health,2024-09-04,96,True,False,False,https://www.gulfshores-senior-care.com,Active,Alabama Department of Public Health,2025-07-12,31.809662,-85.792064
259,Camellia Retirement Community,1903 Highway 78,Foley,Baldwin,AL,36387,(251) 759-7401,Skilled Nursing Facility,"Memory Care, Skilled Nursing, Adult Day Care, Specialty Care",33,AL-ASL-15190,Alabama Department of Public Health,2024-02-13,78,True,True,False,https://www.foley-senior-care.com,Active,Alabama Department of Public Health,2025-07-12,34.418117,-86.119474
260,Valley Gardens,4717 Highway 431,Gulf Shores,Baldwin,AL,36378,(938) 828-2982,Specialty Care Assisted Living,"Assisted Living, Continuing Care, Skilled Nursing",141,AL-ASL-41359,Alabama Department of Public Health,2024-09-17,76,True,True,True,https://www.gulfshores-senior-care.com,Active,Alabama Department of Public Health,2025-07-12,31.112804,-85.693486
261,Dogwood Plaza,1315 Government Street,Chickasaw,Mobile,AL,36671,(256) 672-7655,Residential Care Facility,"Respite Care, Specialty Care",45,AL-ASL-25798,Alabama Department of Public Health,2024-04-16,77,False,True,False,https://www.chickasaw-senior-care.com,Active,Alabama Department of Public Health,2025-07-12,31.324135,-88.077633
262,Mobile Place,791 Old Madison Pike,Mobile,Mobile,AL,36601,(938) 272-9508,Skilled Nursing Facility,"Intermediate Care, Skilled Nursing",152,AL-ASL-65535,Alabama Department of Public Health,2024-11-07,90,True,False,False,https://www.mobile-senior-care.com,Active,Alabama Department of Public Health,2025-07-12,30.717178,-88.014842
263,Hills Commons,6877 Highway 280,Mobile,Mobile,AL,36601,(205) 540-3904,Continuing Care Retirement Community,"Memory Care, Skilled Nursing, Independent Living",153,AL-ASL-63145,Alabama Department of Public Health,2024-11-21,87,True,False,True,https://www.mobile-senior-care.com,Active,Alabama Department of Public Health,2025-07-12,30.718073,-88.012148
264,Prichard Assisted Living,602 Spring Hill Avenue,Prichard,Mobile,AL,36690,(938) 289-6793,Assisted Living Facility,"Assisted Living, Continuing Care, Independent Living",153,AL-ASL-25061,Alabama Department of Public Health,2024-03-06,72,False,False,True,https://www.prichard-senior-care.com,Active,Alabama Department of Public Health,2025-07-12,32.455562,-88.430511
265,Valley Senior Living,7381 Memorial Parkway,Mobile,Mobile,AL,36603,(334) 209-9108,Adult Day Care Center,"Respite Care, Independent Living, Memory Care, Continuing Care",60,AL-ASL-25774,Alabama Department of Public Health,2024-12-27,74,False,False,False,https://www.mobile-senior-care.com,Active,Alabama Department of Public Health,2025-07-12,30.711068,-88.027266
266,Garden Place,6170 University Boulevard,Prichard,Mobile,AL,36680,(251) 493-8173,Adult Day Care Center,"Assisted Living, Memory Care",36,AL-ASL-14910,Alabama Department of Public Health,2024-04-21,82,True,True,True,https://www.prichard-senior-care.com,Active,Alabama Department of Public Health,2025-07-12,32.14519,-88.227201
267,Chickasaw Plaza,7443 Highway 78,Chickasaw,Mobile,AL,36674,(938) 519-7935,Continuing Care Retirement Community,"Skilled Nursing, Assisted Living, Independent Living",153,AL-ASL-10466,Alabama Department of Public Health,2024-01-06,75,False,False,False,https://www.chickasaw-senior-care.com,Active,Alabama Department of Public Health,2025-07-12,30.338587,-87.488485
268,Plantation Place,7634 Old Madison Pike,Chickasaw,Mobile,AL,36623,(251) 534-5260,Memory Care Community,"Continuing Care, Independent Living, Assisted Living",50,AL-ASL-94261,Alabama Department of Public Health,2024-12-08,82,False,False,False,https://www.chickasaw-senior-care.com,Active,Alabama Department of Public Health,2025-07-12,32.359129,-86.274955
269,Heritage Commons,2475 Highway 72,McKenzie,Butler,AL,36100,(251) 628-1436,Memory Care Community,"Assisted Living, Skilled Nursing",36,AL-ASL-91496,Alabama Department of Public Health,2024-05-03,81,False,False,True,https://www.mckenzie-senior-care.com,Active,Alabama Department of Public Health,2025-07-12,30.976995,-87.07551
270,Butler Care Center,7193 Memorial Parkway,Georgiana,Butler,AL,35684,(205) 292-2437,Intermediate Care Facility,"Intermediate Care, Respite Care, Adult Day Care, Skilled Nursing",59,AL-ASL-58908,Alabama Department of Public Health,2024-12-26,93,True,True,True,https://www.georgiana-senior-care.com,Active,Alabama Department of Public Health,2025-07-12,34.460891,-84.905822
