Property_ID,Property_Name,Address,City,State,Zip_Code,County,Latitude,Longitude,Total_Units,Assisted_Units,Phone,Client_Group,Client_Type,Program_Type,Source
800235665,Reseda Ranch,19013 Arminta Street,Los Angeles,,,Los Angeles,,,6,0,,Family & Elderly,Family,Section 202 - Elderly Housing,HUD
800254949,Central Avenue Senior Apartments,14519 Central Avenue,Baldwin Park,,,Los Angeles,,,0,0,,,,Section 202 - Elderly Housing,HUD
800253440,Mission Paradise Senior Affordable Housing,28000 - 28090 Mission Blvd,Hayward,,,Alameda,,,0,0,,,,Section 202 - Elderly Housing,HUD
800257115,Treasure Island,tbd,,,,San Francisco,,,0,0,,,,Section 202 - Elderly Housing,HUD
800500153,1245 McKay Ave,1245 McKay Ave,,,,Alameda,,,0,0,,,,Section 202 - Elderly Housing,HUD
800000067,South Bay Retirement Residence,1001 W CRESSEY ST,Compton,,,Los Angeles,,,75,74,(310) 609-0110,Wholly Elderly Housekeeping,Elderly,Section 202 - Elderly Housing,HUD
800001507,FICKETT TOWERS,14801 SHERMAN WAY,,,,Los Angeles,,,200,198,,Wholly Elderly Housekeeping,Elderly,Elderly Housing,HUD
800001593,GRANDVIEW TERRACE,3940 Grand View Blvd,Los Angeles,,,Los Angeles,,,191,190,310-391-8919,Elderly,Elderly,Elderly Housing,HUD
800002397,Satellite Central,540 21st St.,,,,Alameda,,,352,345,(510) 451-8636,Wholly Elderly Housekeeping,Elderly,Elderly Housing,HUD
800002271,RAMONA ESTATES,1935 E 122ND ST,Willowbrook,,,Los Angeles,,,60,60,(310) 604-0392,Wholly Elderly Housekeeping,Elderly,Section 202 - Elderly Housing,HUD
800002338,Rotary Plaza,433 Alida Way,South San Francisco,,,San Mateo,,,179,140,(650) 871-5323,Wholly Elderly Housekeeping,Elderly,Elderly Housing,HUD
800001567,GLENDORA GARDENS,340 N Wabash Ave,Glendora,,,Los Angeles,,,105,105,,Elderly,Elderly,Elderly Housing,HUD
800001862,LITTLE TOKYO TOWERS,455 E 3RD ST,,,,Los Angeles,,,301,180,,Wholly Elderly Housekeeping,Elderly,Elderly Housing,HUD
800002035,NEW HAMPSHIRE ARMS,819 S NEW HAMPSHIRE AVE,Los Angeles,,,Los Angeles,,,36,36,213-389-9073,Wholly Elderly Housekeeping,Elderly,Elderly Housing,HUD
800002146,Park Place,1230 N ST,,,,Sacramento,,,151,143,(916) 444-8400,Wholly elderly congregate,Elderly,Elderly Housing,HUD
800002149,Park Sunset,1353 Seventh AVE,San Francisco,,,San Francisco,,,30,29,(415) 661-8411,Wholly Elderly Housekeeping,Elderly,Elderly Housing,HUD
800002095,OLIVE TREE TERRACE,721 N AZUSA AVE,West Covina,,,Los Angeles,,,82,82,626-967-1656,Wholly Elderly Housekeeping,Elderly,Elderly Housing,HUD
800002133,Palm Springs Pointe,3200 E Baristo Rd,Palm Springs,,,Riverside,,,116,116,(760)320-8420,Elderly,Elderly,Elderly Housing,HUD
800002334,E. BOYD ESTERS MANOR,1101 N CENTRAL AVE,Compton,,,Los Angeles,,,50,50,310-603-2954,Wholly Elderly Housekeeping,Elderly,Section 202 - Elderly Housing,HUD
800002391,Fourth Street Senior Housing,1122 4th St,Santa Monica,,,Los Angeles,,,66,65,310-917-5004,Wholly Elderly Housekeeping,Elderly,Section 202 - Elderly Housing,HUD
800002115,PACIFIC MANOR,609 N GLENOAKS BLVD,,,,Los Angeles,,,169,166,(818) 846-2667,Wholly Elderly Housekeeping,Elderly,Elderly Housing,HUD
800002392,WILSHIRE HOUSE,1125 3rd St,Santa Monica,,,Los Angeles,,,72,71,310-395-4545,Wholly Elderly Housekeeping,Elderly,Section 202 - Elderly Housing,HUD
800256401,The Eliza,TBD,Oakland,,,Alameda,,,0,0,,,,Section 202 - Elderly Housing,HUD
800001572,Golden Age Gardens Apts,740 S 36th St,San Diego,,,San Diego,,,76,75,(619) 231-7833,Partially elderly handicapped,Elderly,Elderly Housing,HUD
800001506,Fernwood Apartments,45151 FERN AVE,Lancaster,,,Los Angeles,,,76,75,,Partially elderly handicapped,Elderly,Elderly Housing,HUD
800002425,SHERMAN PARK APTS,17964 SHERMAN WAY,,,,Los Angeles,,,135,134,818-324-2184,Wholly Elderly Housekeeping,Elderly,Elderly Housing,HUD
800002050,Newark Gardens II,35322 CEDAR BLVD,Newark,,,Alameda,,,50,50,(510) 791-8058,Wholly Elderly Housekeeping,Elderly,Section 202 - Elderly Housing,HUD
800001600,Greenfair Towers II,701 FAIRGROUNDS DR,,,,Sacramento,,,194,194,(916) 456-6427,Wholly Elderly Housekeeping,Elderly,Elderly Housing,HUD
800001775,LA MIRADA SR HSG,14129 ADOREE ST,La Mirada,,,Los Angeles,,,75,74,562-404-9975,Wholly Elderly Housekeeping,Elderly,Section 202 - Elderly Housing,HUD
800002072,NOTRE DAME APARTMENTS,1590 Broadway,,,,San Francisco,,,203,191,(415) 673-2011,Wholly Elderly Housekeeping,Elderly,Elderly Housing,HUD
800002424,SHERMAN ARMS APARTMENTS,17760-6 SHERMAN WAY,,,,Los Angeles,,,74,74,818 342-0052,Elderly,Elderly,Elderly Housing,HUD
800002123,"Palm Springs Senior Housing, Inc.",1201 E VISTA CHINO,Palm Springs,,,Riverside,,,60,59,760-321-9370,Wholly Elderly Housekeeping,Elderly,Section 202 - Elderly Housing,HUD
800001551,Fuller Lodge,2141 Bancroft AVE,San Leandro,,,Alameda,,,26,25,510-351-2650,Wholly developmentally disabled,Disabled,Section 202 - Elderly Housing,HUD
800002071,NORWALK CHRISTIAN TOWERS,14141 CLARKDALE AVE,Norwalk,,,Los Angeles,,,185,144,,Wholly Elderly Housekeeping,Elderly,Elderly Housing,HUD
800002075,Oak Center Towers,1515 MARKET ST,Oakland,,,Alameda,,,196,195,510-465-1166,Wholly Elderly Housekeeping,Elderly,Elderly Housing,HUD
800256403,Pacific Avenue Senior Homes,3701 Pacific Avenue,Livermore,,,Alameda,,,0,0,,,,Section 202 - Elderly Housing,HUD
800001550,FULLER AVENUE SR HOUSING,1627-37 FULLER AVE,Los Angeles,,,Los Angeles,,,89,88,323 387-9634,Wholly Elderly Housekeeping,Elderly,Section 202 - Elderly Housing,HUD
800002106,Otterbein Manor,5375 MANILA AVE,Oakland,,,Alameda,,,39,39,(510) 653-0256,Wholly Elderly Housekeeping,Elderly,Elderly Housing,HUD
800002108,OXFORD PARK,1920 S OXFORD ST,Los Angeles,,,Los Angeles,,,109,108,323-731-7661,Wholly elderly congregate,Elderly,Elderly Housing,HUD
800002119,Padre Apts,241 JONES ST,,,,San Francisco,,,41,41,415-474-8415,Wholly Elderly Housekeeping,Elderly,Elderly Housing,HUD
800002141,PARADISE GARDENS III,1040 BUSCHMANN RD,Paradise,,,Butte,,,48,48,(530)877-7230,Elderly,Elderly,Elderly Housing,HUD
800001604,GUADALUPE PLAZA,4142 42ND ST,San Diego,,,San Diego,,,126,124,,Wholly Elderly Housekeeping,Elderly,Section 202 - Elderly Housing,HUD
800001831,LAWNDALE SENIOR HOUSING,4716 W 153rd Pl,LAWNDALE,,,Los Angeles,,,56,55,(310)644-1102,Wholly Elderly Housekeeping,Elderly,Section 202 - Elderly Housing,HUD
800002377,San Lorenzo Ruiz Center,50 RIZAL ST,,,,San Francisco,,,147,145,415-495-5007,Wholly elderly congregate,Elderly,Section 202 - Elderly Housing,HUD
800001997,Monsignor Lyne Community,118 DIAMOND ST,San Francisco,,,San Francisco,,,20,19,(415) 255-8004,Wholly Elderly Housekeeping,Elderly,Section 202 - Elderly Housing,HUD
800002007,MORENO VALLEY HOUSING,24545 BAY AVE,Moreno Valley,,,Riverside,,,24,23,951-247-0230,Wholly physically disabled,Disabled,Section 202 - Elderly Housing,HUD
800001839,Leland Apartments,980 HOWARD ST,,,,San Francisco,,,24,24,(415) 777-4849,Wholly physically disabled,Disabled,Section 202 - Elderly Housing,HUD
800002340,Royal Adah Arms,1240 FILLMORE ST,,,,San Francisco,,,142,142,(415) 567-3840,Wholly Elderly Housekeeping,Elderly,Elderly Housing,HUD
800001780,LA PRO XXXII APTS,1348 W INGRAHAM ST,,,,Los Angeles,,,113,113,,Wholly Elderly Housekeeping,Elderly,Elderly Housing,HUD
800001559,Gardena Sr Hsg,17150 S PARK LN,Gardena,,,Los Angeles,,,74,73,(310)532-8310,Wholly Elderly Housekeeping,Elderly,Section 202 - Elderly Housing,HUD
800002350,Russell Manor,8200 BRUCEVILLE RD,,,,Sacramento,,,66,65,(916) 681-3715,Wholly Elderly Housekeeping,Elderly,Section 202 - Elderly Housing,HUD
800001992,MIYAKO GARDEN APTS,223 S CENTRAL AVE,,,,Los Angeles,,,100,100,213-617-8614,Partially elderly handicapped,Elderly,Elderly Housing,HUD
800002042,NEW OPPORTUNITIES FOR LIVING,16102 Acre St,Los Angeles,,,Los Angeles,,,14,12,(818)708-1740,Chronically Mentally Ill,Disabled,Section 202 - Elderly Housing,HUD
800001881,"Lucian Manor Affordable Housing, Inc.",120 PARMAC RD,Chico,,,Butte,,,38,38,(530) 895-3120,Wholly Elderly Housekeeping,Elderly,Section 202 - Elderly Housing,HUD
800001837,LEFFINGWELL MANOR,11410 SANTA GERTRUDE AVE,East La Mirada,,,Los Angeles,,,89,89,,Wholly Elderly Housekeeping,Elderly,Elderly Housing,HUD
800001846,Liberty Village,22439 MARLIN PLACE,Los Angeles,,,Los Angeles,,,12,12,818-587-9450,Wholly developmentally disabled,Disabled,Section 202 - Elderly Housing,HUD
800002097,One Venice,ONE N VENICE BLVD,Los Angeles,,,Los Angeles,,,50,50,310 821-9332,Wholly Elderly Housekeeping,Elderly,Elderly Housing,HUD
800002403,SEASIDE VILLA,319 N BROADWAY,,,,Los Angeles,,,47,40,310 376-9363,Wholly Elderly Housekeeping,Elderly,Elderly Housing,HUD
800002140,PANORAMA VIEW APTS,9222 VAN NUYS BLVD.,Los Angeles,,,Los Angeles,,,89,87,(818) 892-8397,Wholly Elderly Housekeeping,Elderly,Elderly Housing,HUD
800002345,ROYAL VISTA TERRACE,1310 ROYAL OAKS DR,Duarte,,,Los Angeles,,,75,74,,Wholly Elderly Housekeeping,Elderly,Section 202 - Elderly Housing,HUD
800002427,SHERMAN WAY SENIOR HSG,15864 SHERMAN WAY,Los Angeles,,,Los Angeles,,,74,73,(818) 785-9765,Wholly Elderly Housekeeping,Elderly,Section 202 - Elderly Housing,HUD
800002049,Newark Gardens I,35300 CEDAR BLVD,Newark,,,Alameda,,,150,150,(510) 791-8058,Wholly Elderly Housekeeping,Elderly,Section 202 - Elderly Housing,HUD
800001777,LA POSADA,151 N SUNOL DR,East Los Angeles,,,Los Angeles,,,75,74,,Wholly Elderly Housekeeping,Elderly,Section 202 - Elderly Housing,HUD
800002389,SANTA MONICA CHRISTIAN TOWERS,1233 6TH ST,Santa Monica,,,Los Angeles,,,163,10,,Wholly elderly - hskpg & congregat,Elderly,Section 202 - Elderly Housing,HUD
800001205,CASA LA MERCED,140 N MONTEBELLO BLVD,Montebello,,,Los Angeles,,,130,129,(323) 721-9668,Wholly Elderly Housekeeping,Elderly,Section 202 - Elderly Housing,HUD
800002144,Park Pacific Tower,714 Pacific Avenue,Long Beach,,,Los Angeles,,,183,157,,Wholly Elderly Housekeeping,Elderly,Elderly Housing,HUD
800002094,Olive Tree Plaza,671 WEST A ST,,,,Alameda,,,26,26,(510) 784-0866,Wholly physically handicapped,Disabled,Section 202 - Elderly Housing,HUD
800002378,EMERYVILLA APARTMENTS,4320 SAN PABLO AVE,Emeryville,,,Alameda,,,50,49,(510) 601-8235,Wholly Elderly Housekeeping,Elderly,Section 202 - Elderly Housing,HUD
800001832,LAWRENCE F MOORE MANOR,1909 CEDAR ST,Berkeley,,,Alameda,,,46,46,(510) 647-0700,Wholly Elderly Housekeeping,Elderly,Elderly Housing,HUD
800001776,LA PINTORESCA,1275 LA PINTORESCA DR,Pasadena,,,Los Angeles,,,64,64,626 797-1704,Wholly Elderly Housekeeping,Elderly,Elderly Housing,HUD
800001545,Friends Retirement Center,2691 North Lincoln Ave,Altadena,,,Los Angeles,,,25,5,(626)798-5916,Wholly Elderly Housekeeping,Elderly,Section 202 - Elderly Housing,HUD
800002039,NEW HORIZONS I,15756 Parthenia ST,Los Angeles,,,Los Angeles,,,8,6,,Wholly physically handicapped,Disabled,Section 202 - Elderly Housing,HUD
800001533,Francis of Assisi,145 GUERRERO ST,,,,San Francisco,,,110,110,(415) 621-4092,Wholly elderly congregate,Elderly,Section 202 - Elderly Housing,HUD
800002056,SUNSET-NORMANDIE TOWERS,1428 N NORMANDIE AVE,,,,Los Angeles,,,148,147,,Wholly Elderly Housekeeping,Elderly,Elderly Housing,HUD
800001825,Lassen Apartments,441 ELLIS ST,San Francisco,,,San Francisco,,,81,81,(415) 885-0407,Wholly Elderly Housekeeping,Elderly,Elderly Housing,HUD
800002054,NIKKEI VILLAGE,9551 LAUREL CANYON BLVD,Los Angeles,,,Los Angeles,,,100,99,818 896-9675,Wholly Elderly Housekeeping,Elderly,Elderly Housing,HUD
800002399,SCHERER PARK APTS,4676 LONG BEACH BLVD.,,,,Los Angeles,,,58,57,562 422-1798,Partially elderly handicapped,Elderly,Elderly Housing,HUD
800001564,Geneva Plaza,1441 21st St,Santa Monica,,,Los Angeles,,,100,100,310-829-9833,Wholly Elderly Housekeeping,Elderly,Section 202 - Elderly Housing,HUD
800001596,GREAT EXPECTATIONS,17026 Rinaldi Street,Los Angeles,,,Los Angeles,,,8,6,818-708-1740,Wholly developmentally disabled,Disabled,Section 202 - Elderly Housing,HUD
800002393,LINCOLN COURT APARTMENTS,2851 LINCOLN BOULEVARD,SANTA MONICA,,,Los Angeles,,,40,39,(310) 314-8269,Wholly Elderly Housekeeping,Elderly,Section 202 - Elderly Housing,HUD
800001744,Kernwood Terrace Apartments,337 N MEDNICK AVE,,,,Los Angeles,,,51,51,(323) 263-9707,Elderly,Elderly,Elderly Housing,HUD
800001577,GOLDEN WEST TOWER,3510 W MARICOPA ST,,,,Los Angeles,,,180,178,,Wholly Elderly Housekeeping,Elderly,Elderly Housing,HUD
800002114,Pacific Grove,41247 ROBERTS AVE,Fremont,,,Alameda,,,20,19,(510)668-1159,Chronically Mentally Ill,Disabled,Section 202 - Elderly Housing,HUD
800001824,LAS TORRES,944 S GRATTAN ST,Los Angeles,,,Los Angeles,,,105,104,,Wholly Elderly Housekeeping,Elderly,Section 202 - Elderly Housing,HUD
800001808,LARC HOMES,24624 APPLE ST,Santa Clarita,,,Los Angeles,,,6,6,,Wholly developmentally disabled,Disabled,Section 202 - Elderly Housing,HUD
800002130,PALMDALE GARDENS APTS,38601 10th St E,Palmdale,,,Los Angeles,,,76,76,,Wholly Elderly Housekeeping,Elderly,Elderly Housing,HUD
800001843,Stovall Terrace Apartments,4075 S FIGUEROA ST,Los Angeles,,,Los Angeles,,,97,95,(323)235-6250,Wholly Elderly Housekeeping,Elderly,Section 202 - Elderly Housing,HUD
800002446,SILVERCREST- SANTA FE SPRINGS,12015 LAKELAND RD,,,,Los Angeles,,,22,21,,Wholly Elderly Housekeeping,Elderly,Section 202 - Elderly Housing,HUD
800002333,ROSE OF SHARON,1600 Lakeshore AVE,Oakland,,,Alameda,,,143,88,(510) 832-6090,Wholly Elderly Housekeeping,Elderly,Elderly Housing,HUD
800001860,LIONS MANOR,215 N Chandler Ave,Monterey Park,,,Los Angeles,,,125,125,,Wholly Elderly Housekeeping,Elderly,Elderly Housing,HUD
800002036,SILVER LAKE NEW HOPE COURTYARD APARTMENTS,2301 Brier Ave,Los Angeles,,,Los Angeles,,,15,14,310-395-1026,Wholly physically disabled,Disabled,Section 202 - Elderly Housing,HUD
800002301,RESEDA EAST,18450 INGOMAR ST,Los Angeles,,,Los Angeles,,,70,70,818-342-7176,Elderly,Elderly,Elderly Housing,HUD
800001979,MILWOOD APTS,6922 MILWOOD AVE,Los Angeles,,,Los Angeles,,,8,8,,Wholly Elderly Housekeeping,Elderly,Elderly Housing,HUD
800002322,Cambridge Gardens,3533 Harrison St,Riverside,,,Riverside,,,75,74,951-352-7701,Wholly Elderly Housekeeping,Elderly,Section 202 - Elderly Housing,HUD
800001804,LANCASTER HOMES APTS,711 W JACKMAN ST,Lancaster,,,Los Angeles,,,120,120,,Elderly,Elderly,Elderly Housing,HUD
800002145,PARK PASEO,123 S ISABEL ST,Glendale,,,Los Angeles,,,98,96,818-502-1771,Wholly Elderly Housekeeping,Elderly,Section 202 - Elderly Housing,HUD
800001869,SEA MIST TOWER,1451 ATLANTIC BLVD,Long Beach,,,Los Angeles,,,75,74,(562) 218-0580,Wholly Elderly Housekeeping,Elderly,Section 202 - Elderly Housing,HUD
800001748,Griffith Kilgore Gardens,2411 S CENTRAL AVE,Los Angeles,,,Los Angeles,,,90,90,,Wholly Elderly Housekeeping,Elderly,Elderly Housing,HUD
800001822,LAS PALMAS,1778 N LAS PALMAS,Los Angeles,,,Los Angeles,,,74,74,213-485-7535,Partially elderly handicapped,Elderly,Elderly Housing,HUD
800001823,LAS PALOMAS APTS,3025 GLEASON AVE,Los Angeles,,,Los Angeles,,,48,47,,Wholly Elderly Housekeeping,Elderly,Elderly Housing,HUD
800002354,SILVERCREST-RIVERSIDE,3003 ORANGE ST,,,,Riverside,,,75,74,,Wholly Elderly Housekeeping,Elderly,Section 202 - Elderly Housing,HUD
800001582,Good Shepherd Residence,1335 MOWRY AVE,Fremont,,,Alameda,,,32,32,(510) 505-1246,Wholly physically handicapped,Disabled,Section 202 - Elderly Housing,HUD
800001580,GOOD SHEPHERD HOMES,510 CENTINELA AVE,Inglewood,,,Los Angeles,,,70,39,310 412-0412,Wholly physically handicapped,Disabled,Section 202 - Elderly Housing,HUD
800001868,LOMITA KIWANIS GARDEN,25109 EBONY LN,Lomita,,,Los Angeles,,,67,67,,Wholly Elderly Housekeeping,Elderly,Section 202 - Elderly Housing,HUD
800002363,SILVERCREST-PASADENA,975 E UNION ST,Pasadena,,,Los Angeles,,,75,74,,Wholly Elderly Housekeeping,Elderly,Section 202 - Elderly Housing,HUD
800001597,GREEN HOTEL,50 E GREEN ST,Pasadena,,,Los Angeles,,,139,138,626 793-7070,Wholly Elderly Housekeeping,Elderly,Elderly Housing,HUD
800001451,Casa Paredes,501 N SOTO ST,,,,Los Angeles,,,10,10,,Chronically Mentally Ill,Disabled,Section 202 - Elderly Housing,HUD
800002445,Silvercrest Residence- San Francisco,133 SHIPLEY ST,San Francisco,,,San Francisco,,,257,103,(415) 543-5381,Wholly elderly - hskpg & congregat,Elderly,Elderly Housing,HUD
800002026,NAOMI GARDENS,655 W NAOMI AVE,,,,Los Angeles,,,101,100,626 445 8474,Partially elderly handicapped,Elderly,Section 202 - Elderly Housing,HUD
800002055,Noble Tower,1515 LAKESIDE DR,,,,Alameda,,,195,195,(510) 444-5228,Elderly,Elderly,Elderly Housing,HUD
800001581,GOOD SHEPHERD MANOR,4411 11th Ave,Los Angeles,,,Los Angeles,,,143,143,(323) 299-5735,Wholly Elderly Housekeeping,Elderly,Elderly Housing,HUD
800001523,Foothill Gardens,7687 Foothill Blvd,Los Angeles,,,Los Angeles,,,54,53,818 352-1307,Wholly Elderly Housekeeping,Elderly,Elderly Housing,HUD
800001528,Forrest Palms Seniors Center,1825 EL MONTE AVE,,,,Sacramento,,,40,39,(916)925-5673,Wholly Elderly Housekeeping,Elderly,Elderly Housing,HUD
800002266,RAINBOW HOMES,15917 Chase St,Los Angeles,,,Los Angeles,,,14,12,,Wholly developmentally disabled,Disabled,Section 202 - Elderly Housing,HUD
800002096,On Lok House,1441 Powell Street,,,,San Francisco,,,54,54,(415) 292-8667,Wholly Elderly Housekeeping,Elderly,Section 202 - Elderly Housing,HUD
800001573,GOLDEN AGE VILLAGE,234 N Rural Drive,Monterey Park,,,Los Angeles,,,120,120,(626) 571-7977,Wholly Elderly Housekeeping,Elderly,Section 202 - Elderly Housing,HUD
800001838,Leisure Manor,2901 EL CAMINO AVE,Arden-Arcade,,,Sacramento,,,101,100,(916) 481-5151,Wholly elderly congregate,Elderly,Elderly Housing,HUD
800002436,Sierra Sunrise Senior Apartments,4525 MANZANITA AVE,,,,Sacramento,,,119,114,(916) 481-9494,Wholly Elderly Housekeeping,Elderly,Elderly Housing,HUD
800002065,NORTHGATE TERRACE,550 24th ST,Oakland,,,Alameda,,,201,155,(510) 465-9346,Wholly Elderly Housekeeping,Elderly,Section 202 - Elderly Housing,HUD
800002256,PROJECT HOMELIFE,10223 Parise Dr,,,,Los Angeles,,,3,3,562-946-0467 ext 13,Wholly developmentally disabled,Disabled,Section 202 - Elderly Housing,HUD
800001983,Leaster Apartments,1422 W MIRAMAR ST,Los Angeles,,,Los Angeles,,,84,83,,Indv. families - not eld/ handicap,Family,Section 202 - Elderly Housing,HUD
800001176,Carson Gardens Apartments,21811 SO.  MAIN ST,Carson,,,Los Angeles,,,101,100,310-518-2790,Wholly Elderly Housekeeping,Elderly,Elderly Housing,HUD
800001985,MIRAMAR TOWERS,2000 MIRAMAR ST,Los Angeles,,,Los Angeles,,,156,156,,Elderly,Elderly,Elderly Housing,HUD
800002023,MURRAY PLACE,4324 FLORENCE AVE,Bell,,,Los Angeles,,,72,71,954-835-9200,Wholly Elderly Housekeeping,Elderly,Section 202 - Elderly Housing,HUD
800001728,Jones Memorial Homes I,1640 STEINER ST,San Francisco,,,San Francisco,,,32,32,(415) 922-4770,Wholly Elderly Housekeeping,Elderly,Section 202 - Elderly Housing,HUD
800002024,Namiki Apts,1776 SUTTER ST,,,,San Francisco,,,34,33,(415) 922-1788,Wholly Elderly Housekeeping,Elderly,Elderly Housing,HUD
800001923,MARTEL PARK,907 N MARTEL AVE,Los Angeles,,,Los Angeles,,,72,72,(323) 874-7999,Wholly Elderly Housekeeping,Elderly,Elderly Housing,HUD
800002299,REGENCY TOWERS,151 N LOCUST ST,Inglewood,,,Los Angeles,,,104,103,,Elderly,Elderly,Elderly Housing,HUD
800002255,Progressive Home Elderly,7010 S DENVER AVE,,,,Los Angeles,,,141,111,714-899-3305,Wholly elderly - hskpg & congregat,Elderly,Section 202 - Elderly Housing,HUD
800001732,JOSEPHINE LUM LODGE,2747 OLIVER DR,Hayward,,,Alameda,,,150,106,(510) 782-2311,Wholly Elderly Housekeeping,Elderly,Elderly Housing,HUD
800002012,MOUNT RUBIDOUX MANOR,3993 10TH ST,,,,Riverside,,,188,170,(951) 684-3154,Wholly Elderly Housekeeping,Elderly,Elderly Housing,HUD
800001794,LAKE MERRITT APTS,1417 FIRST AVE,Oakland,,,Alameda,,,55,54,(510) 763-1417,Wholly Elderly Housekeeping,Elderly,Elderly Housing,HUD
800002238,Pres John Adams Mnr III,8005 ALTA VISTA LN,Citrus Heights,,,Sacramento,,,28,27,(916) 548-0405,Wholly developmentally disabled,Disabled,Section 202 - Elderly Housing,HUD
800001181,CASA CORAZON,408 ELM AVE,Long Beach,,,Los Angeles,,,24,24,(562) 436-3001,Wholly physically handicapped,Disabled,Section 202 - Elderly Housing,HUD
800001182,Casa De Angelo,3151 NORTE DAME DR,Rosemont,,,Sacramento,,,100,100,(916) 381-1962,Wholly Elderly Housekeeping,Elderly,Elderly Housing,HUD
800002289,RAYEN PARK APARTMENTS,15233 RAYEN ST,Los Angeles,,,Los Angeles,,,84,84,818-892-4747,Wholly Elderly Housekeeping,Elderly,Elderly Housing,HUD
800001751,Kings Road Apartments,800 KINGS RD,Los Angeles,,,Los Angeles,,,106,106,(323) 653-3090,Elderly,Elderly,Elderly Housing,HUD
800001443,Eden Lodge,400 SPRINGLAKE DR,San Leandro,,,Alameda,,,143,143,(510)352-7008,Wholly Elderly Housekeeping,Elderly,Section 202 - Elderly Housing,HUD
800002013,MOUNT ZION TOWERS,4827 S CENTRAL AVE,Los Angeles,,,Los Angeles,,,118,117,323-231-9361,Wholly Elderly Housekeeping,Elderly,Elderly Housing,HUD
800002247,Eskaton Jefferson Manor,5959 66TH AVE,Florin,,,Sacramento,,,104,104,(916)421-9422,Wholly elderly congregate,Elderly,Section 202 - Elderly Housing,HUD
800001892,MAC ARTHUR PARK TOWERS,450 GRAND VIEW ST,Los Angeles,,,Los Angeles,,,183,182,213-382-8395,Wholly elderly - hskpg & congregat,Elderly,Elderly Housing,HUD
800002248,Presidio Gate,2770 Lombard St,,,,San Francisco,,,55,54,(415) 567-1050,Wholly Elderly Housekeeping,Elderly,Section 202 - Elderly Housing,HUD
800002068,NORTHRIDGE PARK,9628 RESEDA BLVD,,,,Los Angeles,,,68,68,818-993-9236,Elderly,Elderly,Elderly Housing,HUD
800002297,Redwood Lodge,40767 FREMONT BLVD,Fremont,,,Alameda,,,24,24,(510) 657-6231,Wholly physically handicapped,Disabled,Section 202 - Elderly Housing,HUD
800002305,"Redding / RHF Housing, Inc.",2142 BUTTE ST,Redding,,,Shasta,,,12,12,(530) 244-2320,Wholly developmentally disabled,Disabled,Section 202 - Elderly Housing,HUD
800002222,Kottinger Gardens Phase 2,251 KOTTINGER DR,Pleasanton,,,Alameda,,,40,31,(510) 846-3050,Wholly Elderly Housekeeping,Elderly,Elderly Housing,HUD
800002224,PLEDGERVILLE SENIOR CITIZENS VILLA,11060 NORRIS AVE,,,,Los Angeles,,,94,93,(818) 897-7784,Wholly Elderly Housekeeping,Elderly,Section 202 - Elderly Housing,HUD
800001896,MADISON SENIOR HOUSING,1151 N Madison Ave,Los Angeles,,,Los Angeles,,,70,69,,Wholly Elderly Housekeeping,Elderly,Section 202 - Elderly Housing,HUD
800001445,EL BETHEL TERRACE,1099 FILLMORE ST,,,,San Francisco,,,101,100,(415) 931-4496,Wholly elderly congregate,Elderly,Section 202 - Elderly Housing,HUD
800002021,MOUNT MORIAH SENIOR VILLA,476 W 43rd St,Los Angeles,,,Los Angeles,,,41,40,,Wholly Elderly Housekeeping,Elderly,Section 202 - Elderly Housing,HUD
800001562,Garrison House,779 FORD STREET,,,,Riverside,,,7,6,,Wholly physically handicapped,Disabled,Section 202 - Elderly Housing,HUD
800002547,Progress Apartments,1272 S Van Ness Ave,San Francisco,,,San Francisco,,,12,11,(415) 861-0828,Chronically Mentally Ill,Disabled,Section 202 - Elderly Housing,HUD
800002117,PACIFIC RIM APTS,230 S GREVILLEA AVE,Inglewood,,,Los Angeles,,,40,39,,Wholly physically handicapped,Disabled,Section 202 - Elderly Housing,HUD
800001487,Fairfax Towers,1200 N Fairfax Ave,West Hollywood,,,Los Angeles,,,151,150,1-323-650-1271,Wholly Elderly Housekeeping,Elderly,Section 202 - Elderly Housing,HUD
800001857,Linda Glen,32 LINDA AVE,Oakland,,,Alameda,,,42,40,(510) 654-1882,Wholly Elderly Housekeeping,Elderly,Elderly Housing,HUD
800002044,Ravitz House,7927 Lindley Ave,Los Angeles,,,Los Angeles,,,14,12,818-708-1740,Wholly developmentally disabled,Disabled,Section 202 - Elderly Housing,HUD
800002409,Sequoia Manor,40789 FREMONT BLVD,Fremont,,,Alameda,,,81,80,(510) 770-1378,Wholly Elderly Housekeeping,Elderly,Section 202 - Elderly Housing,HUD
800001499,FAME ARMS,2420 S WESTERN AVE,Los Angeles,,,Los Angeles,,,40,39,323-402-1190,Wholly physically handicapped,Disabled,Section 202 - Elderly Housing,HUD
800001541,FREEMAN VILLA,1229 S WEST MORELAND AVE,Los Angeles,,,Los Angeles,,,41,41,(213) 383-7945,Elderly,Elderly,Elderly Housing,HUD
800002061,NORTH HOLLYWOOD SR. CITIZENS,11035 MAGNOLIA BLVD,,,,Los Angeles,,,200,200,(818)509-5705,Wholly Elderly Housekeeping,Elderly,Section 202 - Elderly Housing,HUD
800002303,RESEDA PARK APTS,6505 RESEDA BLVD,,,,Los Angeles,,,136,136,818-345-2490,Wholly Elderly Housekeeping,Elderly,Elderly Housing,HUD
800001475,Eucalyptus Apartments,2067 ALAMITOS AVE,,,,Los Angeles,,,24,23,562-494-9086,Wholly physically disabled,Disabled,Section 202 - Elderly Housing,HUD
800001737,Junipero Serra House,926 FILLMORE ST,,,,San Francisco,,,25,24,(415) 922-4135,Wholly physically handicapped,Disabled,Section 202 - Elderly Housing,HUD
800001721,Jessie L. Terry Manor,3100 S Vermont AVE,Los Angeles,,,Los Angeles,,,170,170,(323) 734-1664,Wholly Elderly Housekeeping,Elderly,Elderly Housing,HUD
800002257,PROJECT INDEPENDENCE,10454 AMESTOY AVE,,,,Los Angeles,,,24,24,818-782-2211,Wholly developmentally disabled,Disabled,Section 202 - Elderly Housing,HUD
800001481,J. L. RICHARD TERRACE,250 EAST 12TH ST,Oakland,,,Alameda,,,80,80,(510) 465-9646,Wholly Elderly Housekeeping,Elderly,Section 202 - Elderly Housing,HUD
800002317,River City Residence Club,1816 O ST,,,,Sacramento,,,15,15,916-442-0899,Chronically Mentally Ill,Disabled,Section 202 - Elderly Housing,HUD
800001502,Fargo Senior Center,868 FARGO AVE,San Leandro,,,Alameda,,,75,29,(510) 351-1103,Wholly Elderly Housekeeping,Elderly,Elderly Housing,HUD
800002003,Montgomery Plaza,21659 Montgomery ST,Hayward,,,Alameda,,,50,50,(510) 538-6016,Wholly Elderly Housekeeping,Elderly,Elderly Housing,HUD
800001730,Jones Senior Homes,1727 FILLMORE ST,San Francisco,,,San Francisco,,,51,51,(415) 922-4770,Elderly,Elderly,Section 202 - Elderly Housing,HUD
800001494,Fairway Apts.,77 Westborough Blvd,South San Francisco,,,San Mateo,,,74,74,(650) 588-4005,Wholly Elderly Housekeeping,Elderly,Elderly Housing,HUD
800002280,RANCHO DEL VALLE,6560 WINNETKA Blvd,Los Angeles,,,Los Angeles,,,25,24,(818)347-1440,Wholly physically handicapped,Disabled,Section 202 - Elderly Housing,HUD
800001797,Lakemount  Apartments,136 E 12th St,Oakland,,,Alameda,,,66,66,(510) 832-2018,Wholly Elderly Housekeeping,Elderly,Elderly Housing,HUD
800001486,Fairfax Senior Citizens Apts,737 S GENESEE AVE,,,,Los Angeles,,,45,45,323 456-2500,Wholly Elderly Housekeeping,Elderly,Elderly Housing,HUD
800002291,Redding Pilgrim,"910 Canby Road, Bldg 2",Redding,,,Shasta,,,50,49,(530) 222-2210,Wholly Elderly Housekeeping,Elderly,Section 202 - Elderly Housing,HUD
800002037,New Hope Ctyrd Santa Monica,1637 Appian Way,Santa Monica,,,Los Angeles,,,25,25,310 395-1026,Wholly physically disabled,Disabled,Section 202 - Elderly Housing,HUD
800002038,NEW HOPE HOME,1150 NEW YORK ST,Long Beach,,,Los Angeles,,,140,140,(562) 591-5681,Wholly elderly - hskpg & congregat,Elderly,Section 202 - Elderly Housing,HUD
800002282,Rancho Sol Y Luna,3599 Pennsylvania,Fremont,,,Alameda,,,188,38,(510) 794-8393,Elderly,Elderly,Elderly Housing,HUD
800002312,RIDGEVIEW MANOR,14610- GLEDHILL ST,,,,Los Angeles,,,40,39,,Wholly physically handicapped,Disabled,Section 202 - Elderly Housing,HUD
800001490,Fairmount Terrace I and II,4000 Fairmount St,East Los Angeles,,,Los Angeles,,,208,207,(323)268-8474,Wholly Elderly Housekeeping,Elderly,Section 202 - Elderly Housing,HUD
800002040,NEW HORIZONS II,15746 PARTHENIA,Los Angeles,,,Los Angeles,,,8,6,1-818-894-9301,Wholly physically handicapped,Disabled,Section 202 - Elderly Housing,HUD
800002031,NEILSON VILLA,3100 NEILSON WAY,Santa Monica,,,Los Angeles,,,100,20,310 392-3322,Wholly Elderly Housekeeping,Elderly,Elderly Housing,HUD
800001796,LAKESHORE VILLA,6888 GOLFCREST DR,San Diego,,,San Diego,,,126,124,,Wholly Elderly Housekeeping,Elderly,Elderly Housing,HUD
800002259,Providence House,540 23RD ST,Oakland,,,Alameda,,,41,40,(510) 444-0839,Wholly physically handicapped,Disabled,Section 202 - Elderly Housing,HUD
800002300,REGENT PLAZA,201 W REGENT ST,Inglewood,,,Los Angeles,,,107,106,310 672-5198,Elderly,Elderly,Elderly Housing,HUD
800001470,ERAS HOME II,4215 KEYSTONE AVE,Culver City,,,Los Angeles,,,6,6,(310)838-1109,Wholly developmentally disabled,Disabled,Section 202 - Elderly Housing,HUD
800002410,HERALD HOTEL,308 EDDY ST,San Francisco,,,San Francisco,,,73,72,(415) 441-8782,Partially elderly handicapped,Elderly,Elderly Housing,HUD
800001503,FEDERATION TOWER,3799 E Willow St,Long Beach,,,Los Angeles,,,50,50,562-426-8404,Partially elderly handicapped,Elderly,Section 202 - Elderly Housing,HUD
800001504,Fellowship Manor,1201 GOLDEN GATE AVE,,,,San Francisco,,,106,105,415-922-0154,Wholly elderly congregate,Elderly,Section 202 - Elderly Housing,HUD
800001729,Jones Memorial Homes II,1950 POST ST,San Francisco,,,San Francisco,,,103,101,(415) 922-4770,Wholly Elderly Housekeeping,Elderly,Elderly Housing,HUD
800001717,JCI GARDENS,2000 W 162nd St,Torrance,,,Los Angeles,,,101,100,310-515-3642,Wholly Elderly Housekeeping,Elderly,Section 202 - Elderly Housing,HUD
800002041,NEW HORIZONS III,15713 PARTHENIA,Los Angeles,,,Los Angeles,,,8,6,,Wholly physically handicapped,Disabled,Section 202 - Elderly Housing,HUD
800001203,Pacific Bridge Adult Res. Fac.,500 S McPherrin Ave,Monterey Park,,,Los Angeles,,,7,6,,Wholly developmentally disabled,Disabled,Section 202 - Elderly Housing,HUD
800002302,Reseda Manor,7725 RESEDA BLVD,,,,Los Angeles,,,40,40,(213) 833-1860,Elderly,Elderly,Elderly Housing,HUD
800001476,EUCALYPTUS PARK,811 N EUCALYPTUS AVE,Inglewood,,,Los Angeles,,,93,92,,Wholly Elderly Housekeeping,Elderly,Elderly Housing,HUD
800001988,Mission Plaza Apartments,2027 MISSION ST,,,,San Francisco,,,132,132,(415) 864-2996,Partially elderly handicapped,Elderly,Elderly Housing,HUD
800001707,INDIO GARDENS,82490 Requa Ave,Indio,,,Riverside,,,151,150,(706) 347-4993,Wholly elderly congregate,Elderly,Elderly Housing,HUD
800000989,Castlewood Terrace,16920 CHATSWORTH ST,,,,Los Angeles,,,68,67,8188327165,Wholly Elderly Housekeeping,Elderly,Section 202 - Elderly Housing,HUD
800001190,CASA DE LOS AMIGOS,123 S CATALINA AVE,,,,Los Angeles,,,136,53,310 3763457,Wholly Elderly Housekeeping,Elderly,Elderly Housing,HUD
800001402,DICKENS SENIOR HOUSING,14559 DICKENS ST,Los Angeles,,,Los Angeles,,,83,82,,Wholly Elderly Housekeeping,Elderly,Section 202 - Elderly Housing,HUD
800001685,HOMEWARD BOUND,1045 S Bedford St Apt 9,,,,Los Angeles,,,4,4,,Wholly developmentally disabled,Disabled,Section 202 - Elderly Housing,HUD
800001189,CASA DE LAS HERMANITAS,2801 E 2ND ST,,,,Los Angeles,,,88,88,323 262-1709,Elderly,Elderly,Elderly Housing,HUD
800001164,Canterbury Village,23420 AVENIDA ROTELLA,Santa Clarita,,,Los Angeles,,,63,63,661-255-9797,Wholly Elderly Housekeeping,Elderly,Section 202 - Elderly Housing,HUD
800001929,MIRACLE MILE SENIOR CITIZEN HOUSING CORPORATION,404 Cochran AVE,Los Angeles,,,Los Angeles,,,28,27,323-549-0328,Wholly Elderly Housekeeping,Elderly,Section 202 - Elderly Housing,HUD
800001227,CASA VALLE,14440 BLEDSOE ST,Los Angeles,,,Los Angeles,,,11,10,(818)782-2211,Wholly developmentally disabled,Disabled,Section 202 - Elderly Housing,HUD
800001935,MAYWOOD MANOR COOP,4646 SLAUSON AVE,Maywood,,,Los Angeles,,,55,54,(323)773-5175,Wholly Elderly Housekeeping,Elderly,Section 202 - Elderly Housing,HUD
800001160,Candlewood Park,4051 E. CANDLEWOOD ST,Lakewood,,,Los Angeles,,,81,80,562 531-3135,Wholly Elderly Housekeeping,Elderly,Elderly Housing,HUD
800001188,Casa Velasco,3430 FOOTHILL BLVD,Oakland,,,Alameda,,,20,20,(510) 534-6200,Wholly Elderly Housekeeping,Elderly,Elderly Housing,HUD
800001882,Luella Fuller Group Home,342 WEST JOAQUIN AVE,,,,Alameda,,,6,5,(510) 614-0521,Wholly developmentally disabled,Disabled,Section 202 - Elderly Housing,HUD
800002517,Strawberry Creek Lodge,1320 ADDISON ST,Berkeley,,,Alameda,,,150,53,(510) 841-8330,Wholly Elderly Housekeeping,Elderly,Section 202 - Elderly Housing,HUD
800001117,Alcoa Boise Cascade,701 FAIRGROUNDS DR,,,,Sacramento,,,52,52,(916) 456-6427,Wholly elderly congregate,Elderly,Elderly Housing,HUD
800001226,Casa TELACU,251 S ARIZONA ST,East Los Angeles,,,Los Angeles,,,75,74,,Wholly Elderly Housekeeping,Elderly,Section 202 - Elderly Housing,HUD
800000988,O'Farrell Towers,477 OFARRELL ST,San Francisco,,,San Francisco,,,101,101,(415) 771-2708,Wholly Elderly Housekeeping,Elderly,Elderly Housing,HUD
800002543,Empire Village,"254  PALIN AVENUE, #5",Galt,,,Sacramento,,,54,54,209-745-1862,Wholly Elderly Housekeeping,Elderly,Elderly Housing,HUD
800002195,PILGRIM TOWER,1207 S Vermont Ave,,,,Los Angeles,,,111,97,,Wholly physically handicapped,Disabled,Section 202 - Elderly Housing,HUD
800001218,CASA PANORAMA TOWER,14555 Osborne St,Los Angeles,,,Los Angeles,,,154,153,,Elderly,Elderly,Elderly Housing,HUD
800001436,Eastern Park Apts,711 EDDY ST,,,,San Francisco,,,202,201,(415) 776-0114,Wholly elderly congregate,Elderly,Section 202 - Elderly Housing,HUD
800001934,MAYFLOWER GARDENS II,6570 W AVENUE L-12,,,,Los Angeles,,,76,76,,Wholly Elderly Housekeeping,Elderly,Elderly Housing,HUD
800001174,Carondelet Snr Cit Apts,512 S CARONDELET ST,Los Angeles,,,Los Angeles,,,46,46,213-487-7298,Wholly Elderly Housekeeping,Elderly,Elderly Housing,HUD
800002526,Summerfield Plaza,2624 Traction Avenue,Sacramento,,,Sacramento,,,40,40,916-924-0961,Partially elderly handicapped,Elderly,Section 202 - Elderly Housing,HUD
800001253,CERRO PUEBLO,2835 CLAIRMONT DR.,San Diego,,,San Diego,,,46,46,619-275-5361,Wholly Elderly Housekeeping,Elderly,Elderly Housing,HUD
800001184,Casa De Esperanza,12000 DENHOLM DR,El Monte,,,Los Angeles,,,9,8,(626) 444-8943,Wholly developmentally disabled,Disabled,Section 202 - Elderly Housing,HUD
800002470,SOUTHLAKE TOWER,1501 ALICE ST,,,,Alameda,,,130,130,510-465-0481,Wholly Elderly Housekeeping,Elderly,Elderly Housing,HUD
800001618,Harriet Tubman Terrace,2870 ADELINE ST,Berkeley,,,Alameda,,,91,91,(510)843-0134,Wholly Elderly Housekeeping,Elderly,Elderly Housing,HUD
800001180,Casa Colina Del Sol,5207 52nd Place,San Diego,,,San Diego,,,75,74,,Wholly Elderly Housekeeping,Elderly,Elderly Housing,HUD
800001887,LUTHERAN TOWERS,2340 4TH ST,Long Beach,,,Los Angeles,,,93,92,,Partially elderly handicapped,Elderly,Section 202 - Elderly Housing,HUD
800001619,Hartford Place,2058 HARTFORD DR,Chico,,,Butte,,,21,20,(530) 345-2029,Wholly developmentally disabled,Disabled,Section 202 - Elderly Housing,HUD
800001234,CASTLE ARGYLE APTS,1919 ARGYLE AVE,,,,Los Angeles,,,98,95,323-465-2082,Wholly Elderly Housekeeping,Elderly,Elderly Housing,HUD
800001709,Inglewood Meadows,1 S LOCUST ST,Inglewood,,,Los Angeles,,,199,198,,Elderly,Elderly,Elderly Housing,HUD
800001711,IVY GLEN APT.,113 N CEDAR ST,,,,Los Angeles,,,25,24,818-241-3888,Wholly physically handicapped,Disabled,Section 202 - Elderly Housing,HUD
800001215,CASA OLIVO,14109 HUBBARD ST,,,,Los Angeles,,,11,10,,Wholly developmentally disabled,Disabled,Section 202 - Elderly Housing,HUD
800001617,VALLEY VILLAGE HARDING,12920 ALTANO ST,,,,Los Angeles,,,7,6,8183614222,Wholly developmentally disabled,Disabled,Section 202 - Elderly Housing,HUD
800001225,CASA SERENA APARTMENTS,5017 AXTELL ST,Los Angeles,,,Los Angeles,,,29,29,(323) 441-0656,Wholly Elderly Housekeeping,Elderly,Elderly Housing,HUD
800000994,Abel Gonzalez,1045 CAPP ST,San Francisco,,,San Francisco,,,30,29,415-641-8003,Wholly Elderly Housekeeping,Elderly,Section 202 - Elderly Housing,HUD
800002509,STEVENSON MANOR,1230 COLE AVE,Los Angeles,,,Los Angeles,,,61,61,818 789 5550,Wholly Elderly Housekeeping,Elderly,Elderly Housing,HUD
800001177,Carter House,449 W 78TH ST,Los Angeles,,,Los Angeles,,,21,20,,Chronically Mentally Ill,Disabled,Section 202 - Elderly Housing,HUD
800001237,CATHAY MANOR,600 N BROADWAY,Los Angeles,,,Los Angeles,,,270,268,(213)626-1190,Partially elderly handicapped,Elderly,Section 202 - Elderly Housing,HUD
800002189,PICO WOOSTER SR CTZ HSNG,1425 S WOOSTER ST,Los Angeles,,,Los Angeles,,,50,49,310 271-9670,Wholly Elderly Housekeeping,Elderly,Section 202 - Elderly Housing,HUD
800001166,Canyon Terrace,2400 SAN DIMAS CYN RD,,,,Los Angeles,,,142,140,909 592-1255,Wholly Elderly Housekeeping,Elderly,Elderly Housing,HUD
800001622,HARVARD PLAZA,340 E HARVARD AVE,,,,Los Angeles,,,150,149,,Wholly Elderly Housekeeping,Elderly,Section 202 - Elderly Housing,HUD
800001185,Casa De La Paloma,133 S KENWOOD STREET,Glendale,,,Los Angeles,,,167,166,818-243-0337,Wholly Elderly Housekeeping,Elderly,Elderly Housing,HUD
800001240,Ceatrice Polite Apartments,321 CLEMENTINA ST,San Francisco,,,San Francisco,,,91,91,(415) 543-6207,Wholly Elderly Housekeeping,Elderly,Section 202 - Elderly Housing,HUD
800001444,EL BETHEL ARMS,1355GOLDEN GATE AVE.,,,,San Francisco,,,255,255,(415) 567-5495,Wholly elderly - hskpg & congregat,Elderly,Elderly Housing,HUD
800002452,Sky Parkway Terrace,5414 SKY PKWY,Sacramento,,,Sacramento,,,59,58,(916) 393-0100,Wholly Elderly Housekeeping,Elderly,Elderly Housing,HUD
800001672,Hollywood Knickerbocker,1714 N. IVAR AVE,Los Angeles,,,Los Angeles,,,282,280,323 462 8202,Wholly Elderly Housekeeping,Elderly,Elderly Housing,HUD
800001014,ALL HALLOWS COMMUNITY,1711 Oakdale Ave,,,,San Francisco,,,45,45,(415) 550-1637,Partially physically handicapped,Disabled,Section 202 - Elderly Housing,HUD
800001438,EC Magnolia Court,22880 Watkins ST,Hayward,,,Alameda,,,21,21,(510) 886-7331,Wholly physically handicapped,Disabled,Section 202 - Elderly Housing,HUD
800001134,Broadway Seniors Center,5200 Broadway,Sacramento,,,Sacramento,,,120,119,(916)456-4731,Wholly Elderly Housekeeping,Elderly,Elderly Housing,HUD
800001283,Clara Park Village,4805 CLARA ST,Cudahy,,,Los Angeles,,,50,49,3235607628,Wholly Elderly Housekeeping,Elderly,Section 202 - Elderly Housing,HUD
800001440,Eddy Street Apartments,1096 EDDY ST,San Francisco,,,San Francisco,,,42,20,(415) 861-0828,Chronically Mentally Ill,Disabled,Section 202 - Elderly Housing,HUD
800001442,Eden Issei Terrace,200 FAGUNDES ST,Hayward,,,Alameda,,,125,100,(510) 785-2296,Wholly elderly congregate,Elderly,Section 202 - Elderly Housing,HUD
800002496,ST. MARY'S TOWER,1120 ATLANTIC AVE,Long Beach,,,Los Angeles,,,148,148,,Wholly Elderly Housekeeping,Elderly,Section 202 - Elderly Housing,HUD
800002235,POSADA DE COLORES,2221 FRUITVALE AVE,Oakland,,,Alameda,,,100,100,(510) 534-6200,Wholly Elderly Housekeeping,Elderly,Section 202 - Elderly Housing,HUD
800001629,Hellenic Seniors Center,7847 RUSH RIVER DR,,,,Sacramento,,,70,70,(916)427-5444,Wholly Elderly Housekeeping,Elderly,Section 202 - Elderly Housing,HUD
800001086,Baywood Apartments,225 41ST ST,Oakland,,,Alameda,,,77,77,(510) 428-2255,Elderly,Elderly,Elderly Housing,HUD
800001674,HOLLYWOOD PLAZA APTS,1637 N VINE ST,,,,Los Angeles,,,153,152,323-462-8202,Wholly Elderly Housekeeping,Elderly,Elderly Housing,HUD
800001686,E. E. CLEVELAND MANOR,2611 ALVINGROOM CT,Oakland,,,Alameda,,,54,53,(510) 638-4543,Wholly Elderly Housekeeping,Elderly,Section 202 - Elderly Housing,HUD
800002200,Lady Shaw Senior Center,1483 MASON ST,San Francisco,,,San Francisco,,,70,69,(415) 677-7572,Wholly Elderly Housekeeping,Elderly,Section 202 - Elderly Housing,HUD
800002487,St. Nicholas Housing Development,10220 AQUEDUCT AVE,Los Angeles,,,Los Angeles,,,36,36,(818) 701-9554,Wholly Elderly Housekeeping,Elderly,Elderly Housing,HUD
800002152,PARK VIEW TERRACE APTS,2451  West 7TH ST,Los Angeles,,,Los Angeles,,,94,94,213 383-0759,Wholly Elderly Housekeeping,Elderly,Elderly Housing,HUD
800001145,Burke Manor,15-NORTH THIRD STREET,Alhambra,,,Los Angeles,,,75,74,626-458-1505,Wholly Elderly Housekeeping,Elderly,Section 202 - Elderly Housing,HUD
800001921,Marlton Manor,240 Jones St,,,,San Francisco,,,151,150,(415)885-0361,Wholly Elderly Housekeeping,Elderly,Elderly Housing,HUD
800001055,Arirang Housing,1725 Whitley Ave,,,,Los Angeles,,,75,74,,Wholly Elderly Housekeeping,Elderly,Section 202 - Elderly Housing,HUD
800002456,Sojourner Truth Manor,5815 Martin Luther King Jr Way,Oakland,,,Alameda,,,88,87,(510) 655-4413,Wholly Elderly Housekeeping,Elderly,Elderly Housing,HUD
800002495,St. Mary's Gardens,801 10TH ST,Oakland,,,Alameda,,,101,100,510-465-9628,Elderly,Elderly,Elderly Housing,HUD
800001683,Homestead,16020 Gresham St,Los Angeles,,,Los Angeles,,,8,6,(818)779-5212,Wholly developmentally disabled,Disabled,Section 202 - Elderly Housing,HUD
800002230,PLYMOUTH WEST,240 CHESTNUT AVENUE,Long Beach,,,Los Angeles,,,196,137,562-595-7567,Wholly Elderly Housekeeping,Elderly,Elderly Housing,HUD
800002231,EMERSON VILLAGE,755 N Palomares St,,,,Los Angeles,,,165,165,909-623-1421,Elderly,Elderly,Elderly Housing,HUD
800002489,St. Timothy's Tower,425 SO OLEANDER AVE,Compton,,,Los Angeles,,,114,112,310 638-8251,Wholly Elderly Housekeeping,Elderly,Elderly Housing,HUD
800002204,Pioneer Towers,515 P St,Sacramento,,,Sacramento,,,198,100,(916) 443-6548,Wholly elderly congregate,Elderly,Elderly Housing,HUD
800002486,ST NICHOLAS CEDARS MANOR,2323 W FOURTH ST,Los Angeles,,,Los Angeles,,,26,26,,Wholly Elderly Housekeeping,Elderly,Elderly Housing,HUD
800001012,ALICE MANOR,10325 GRANDEE AVE,Los Angeles,,,Los Angeles,,,60,60,(323) 567-4709,Wholly Elderly Housekeeping,Elderly,Section 202 - Elderly Housing,HUD
800001689,Hotel Oakland,270 Thirteenth ST,Oakland,,,Alameda,,,315,315,(510)835-3749,Wholly Elderly Housekeeping,Elderly,Elderly Housing,HUD
800002481,Sister Thea Bowman Manor,6400 San Pablo AVE,Oakland,,,Alameda,,,55,55,(510) 420-8802,Wholly Elderly Housekeeping,Elderly,Section 202 - Elderly Housing,HUD
800001285,CLARK SENIORS APARTMENTS,1156 S Clark Dr,Los Angeles,,,Los Angeles,,,41,40,310-859-8655,Partially elderly handicapped,Elderly,Elderly Housing,HUD
800002197,PILGRIM TOWER NORTH,560 E VILLA ST,Pasadena,,,Los Angeles,,,258,205,626 577 0330,Wholly elderly - hskpg & congregat,Elderly,Elderly Housing,HUD
800001357,CULVER CITY SENIOR HSG,5166 SEPULVEDA BLVD,Culver City,,,Los Angeles,,,48,47,310-390-2357,Wholly Elderly Housekeeping,Elderly,Section 202 - Elderly Housing,HUD
800002196,PILGRIM TOWER EAST,440 N MADISON AVE,Pasadena,,,Los Angeles,,,158,158,,Elderly,Elderly,Elderly Housing,HUD
800001692,HUDSON GARDENS,1255 N Hudson Ave,Pasadena,,,Los Angeles,,,41,41,626-794-9179,Elderly,Elderly,Elderly Housing,HUD
800002498,ST. TIMOTHY'S MANOR,415 SOUTH OLEANDER AVE,Compton,,,Los Angeles,,,21,21,,Elderly,Elderly,Section 202 - Elderly Housing,HUD
800001966,MERIT HALL APTS,1035 LEWIS AVE,Long Beach,,,Los Angeles,,,20,19,562-435-1845,Chronically Mentally Ill,Disabled,Section 202 - Elderly Housing,HUD
800001146,Burlington Arms,817 S BURLINGTON,Los Angeles,,,Los Angeles,,,55,54,213 384 7118,Wholly elderly congregate,Elderly,Elderly Housing,HUD
800002488,St. Patrick's Terrace,1212 CENTER ST,Oakland,,,Alameda,,,66,65,(510) 251-8135,Wholly Elderly Housekeeping,Elderly,Elderly Housing,HUD
800001951,Mei Lun Yuen,945 SACRAMENTO ST,San Francisco,,,San Francisco,,,185,185,(415) 421-9446,Partially elderly handicapped,Elderly,Elderly Housing,HUD
800001058,Arrow Plaza,20644 ARROW HWY,Charter Oak,,,Los Angeles,,,64,64,(626) 332.0588,Elderly,Elderly,Elderly Housing,HUD
800001356,Culver City Rotary Plaza,5100 OVERLAND AVE,Culver City,,,Los Angeles,,,100,100,,Wholly Elderly Housekeeping,Elderly,Section 202 - Elderly Housing,HUD
800001669,HOLLYWOOD FOUNTAIN NORTH,6233 Fountain Avenue,Los Angeles,,,Los Angeles,,,89,88,323-461-9936,Wholly Elderly Housekeeping,Elderly,Elderly Housing,HUD
800001645,HOBART GARDENS,1344 N Hobart Blvd,Los Angeles,,,Los Angeles,,,142,141,(323)463-1942,Elderly,Elderly,Elderly Housing,HUD
800002490,St. Andrew's Manor,3250 SAN PABLO AVE,Oakland,,,Alameda,,,60,59,(510)  601 6144,Wholly Elderly Housekeeping,Elderly,Elderly Housing,HUD
800001957,MENORAH TERRACE,1123 N Fuller Ave,West Hollywood,,,Los Angeles,,,39,39,1-323-850-1225,Elderly,Elderly,Elderly Housing,HUD
800002228,PLUMMER VILLAGE,15450 PLUMMER ST,Los Angeles,,,Los Angeles,,,75,74,818 891-0646,Elderly,Elderly,Elderly Housing,HUD
800001682,Homes Now in the Community,1800 Linden St,Oakland,,,Alameda,,,10,10,510-465-1800,Chronically Mentally Ill,Disabled,Section 202 - Elderly Housing,HUD
800002177,PENNINSULA COMMITTEE HOUSE,1729 252ND ST,Los Angeles,,,Los Angeles,,,11,10,,Wholly developmentally disabled,Disabled,Section 202 - Elderly Housing,HUD
800001110,Beverly Towers,1315 West Beverly Blvd,Montebello,,,Los Angeles,,,189,189,,Wholly elderly - hskpg & congregat,Elderly,Elderly Housing,HUD
800002178,Pennsylvania Square,3170 SOUTHERN AVE,South Gate,,,Los Angeles,,,75,75,323 566-5082,Wholly Elderly Housekeeping,Elderly,Elderly Housing,HUD
800002465,Gardena South Park Sr. Citizens,17100 S PARK LN,Gardena,,,Los Angeles,,,126,126,310-327-9919,Wholly Elderly Housekeeping,Elderly,Section 202 - Elderly Housing,HUD
800001403,Dillon Christiana Western,701 FAIRGROUNDS DR,,,,Sacramento,,,140,140,916-456-6427,Wholly elderly congregate,Elderly,Elderly Housing,HUD
800002492,ST. JAMES MANOR,615  S. GRAMERCY PL,Los Angeles,,,Los Angeles,,,65,65,213 384-8491,Wholly Elderly Housekeeping,Elderly,Section 202 - Elderly Housing,HUD
800001399,Diakonia Housing,5581 Mendocino Blvd,Lemon Hill,,,Sacramento,,,48,48,(916) 451-1528,Wholly physically handicapped,Disabled,Section 202 - Elderly Housing,HUD
800001148,Burns Manor,8155 FOOTHILL BLVD,Los Angeles,,,Los Angeles,,,82,81,(818) 352-8715,Wholly Elderly Housekeeping,Elderly,Section 202 - Elderly Housing,HUD
800001105,Bethany Center,580 CAPP ST,,,,San Francisco,,,135,123,(415) 821-4515,Wholly Elderly Housekeeping,Elderly,Elderly Housing,HUD
800001956,MENORAH PARK,3365 SACRAMENTO ST,San Francisco,,,San Francisco,,,151,151,415-929-7912,Wholly Elderly Housekeeping,Elderly,Section 202 - Elderly Housing,HUD
800001670,"HOLLYWOOD FOUNTAIN SOUTH,",6222 FOUNTAIN AVE,Los Angeles,,,Los Angeles,,,73,72,323-461-3758,Wholly Elderly Housekeeping,Elderly,Elderly Housing,HUD
800001642,HILLCREST GARDENS,550 HILLCREST AVE,,,,Alameda,,,55,43,(925) 449-1111,Wholly Elderly Housekeeping,Elderly,Elderly Housing,HUD
800001103,Beth Asher,3649 DIAMOND AVE,Oakland,,,Alameda,,,50,50,(510) 530-4091,Wholly Elderly Housekeeping,Elderly,Elderly Housing,HUD
800001104,BETH EDEN HOUSING DEVELOPMENT,1100 MARKET ST,Oakland,,,Alameda,,,54,54,(510)832-2249,Wholly Elderly Housekeeping,Elderly,Elderly Housing,HUD
800001612,HANCOCK GARDENS APTS.,303 S VAN NESS AVE,Los Angeles,,,Los Angeles,,,66,66,,Wholly Elderly Housekeeping,Elderly,Elderly Housing,HUD
800001142,Budlong Manor,11998 Terra Bella Street,Los Angeles,,,Los Angeles,,,60,59,,Partially elderly handicapped,Elderly,Elderly Housing,HUD
800001965,MERCY TERRACE,333 BAKER ST,San Francisco,,,San Francisco,,,158,158,(415) 931-2325,Wholly Elderly Housekeeping,Elderly,Elderly Housing,HUD
800001908,Maria Manor,174 Ellis St,,,,San Francisco,,,119,118,415-397-7220,Wholly elderly congregate,Elderly,Elderly Housing,HUD
800002482,St Francis Manor,2515 J ST,Sacramento,,,Sacramento,,,128,126,916-447-1939,Wholly elderly congregate,Elderly,Section 202 - Elderly Housing,HUD
800001905,MAPLE PARK APARTMENTS,711 E Maple St,Glendale,,,Los Angeles,,,25,24,,Wholly developmentally disabled,Disabled,Section 202 - Elderly Housing,HUD
800001108,Beverly Hills Sr. Housing,225 N CRESCENT DR,Beverly Hills,,,Los Angeles,,,151,150,310 276-5209,Wholly Elderly Housekeeping,Elderly,Section 202 - Elderly Housing,HUD
800002227,Plummer Park Apts,17051 PLUMMER ST,Los Angeles,,,Los Angeles,,,40,40,,Wholly Elderly Housekeeping,Elderly,Elderly Housing,HUD
800001625,HAYWARD VILLA,27424 TAMPA AVE,Hayward,,,Alameda,,,78,78,(510) 887-2332,Elderly,Elderly,Elderly Housing,HUD
800001955,MENORAH HOUSE,19206 Sherman Way,Los Angeles,,,Los Angeles,,,51,50,(818) 708-0407,Wholly Elderly Housekeeping,Elderly,Elderly Housing,HUD
800001615,Harbor Tower,340 SO MESA AVE,Los Angeles,,,Los Angeles,,,180,178,310 831 8981,Wholly Elderly Housekeeping,Elderly,Elderly Housing,HUD
800001033,AMISTAD HOUSE,2050 Delaware ST,Berkeley,,,Alameda,,,60,60,(510) 548-5189,Wholly Elderly Housekeeping,Elderly,Section 202 - Elderly Housing,HUD
800001412,Doris Foster,14803 FRIAR ST units 1 thru 7,Los Angeles,,,Los Angeles,,,10,10,(661) 266-2577,Chronically Mentally Ill,Disabled,Section 202 - Elderly Housing,HUD
800001413,Dorothy Day Community,54 MCALLISTER ST,,,,San Francisco,,,100,100,(415) 431-9155,Wholly Elderly Housekeeping,Elderly,Section 202 - Elderly Housing,HUD
800001427,E. VICTOR VILLA,555 W 92ND ST,,,,Los Angeles,,,46,42,(323) 757-3612,Wholly Elderly Housekeeping,Elderly,Section 202 - Elderly Housing,HUD
800001429,East Bay Transit Homes,2787 79th Ave,Oakland,,,Alameda,,,12,12,(510) 613-0319,Chronically Mentally Ill,Disabled,Section 202 - Elderly Housing,HUD
800002832,WILTON WILSHIRE ARMS,3966 WILSHIRE BLVD,Los Angeles,,,Los Angeles,,,73,72,213-493-8407,Wholly Elderly Housekeeping,Elderly,Elderly Housing,HUD
800001426,REDWOOD GARDENS,2951 DERBY ST,Berkeley,,,Alameda,,,169,169,415-519-0077,Partially elderly handicapped,Elderly,Section 202 - Elderly Housing,HUD
800002829,Wilshire Place,580 WILSHIRE DR,Redding,,,Shasta,,,17,16,(530)222-0532,Wholly developmentally disabled,Disabled,Section 202 - Elderly Housing,HUD
800001290,CLARK TERRACE,2660 Clark Ave,Norco,,,Riverside,,,78,78,626-338-9940,Wholly Elderly Housekeeping,Elderly,Section 202 - Elderly Housing,HUD
800235861,Oscar Eason Senior Apartments,1602 E. Commerce,San Antonio,,,Bexar,,,32,0,,Elderly,Elderly,Section 202 - Elderly Housing,HUD
800252722,La Vista De Lopez (IE 221D4/202 PRAC),809 E. 9th St,Austin,,,Travis,,,27,0,,Elderly,Elderly,Section 202 - Elderly Housing,HUD
800000168,BRAD HMS FOR ELD #4,2500 Montague St,Selma,,,Dallas,,,30,29,334-874-7900,Wholly Elderly Housekeeping,Elderly,Section 202 - Elderly Housing,HUD
800000162,BEECH CREEK APARTMENTS,100 Beech Creek Ln,,,,Dallas,,,80,80,334-872-5514,Wholly Elderly Housekeeping,Elderly,Elderly Housing,HUD
800000249,EPWORTH HOUSE,2500 FRANKLIN ST,Selma,,,Dallas,,,48,48,334-875-6450,Wholly Elderly Housekeeping,Elderly,Section 202 - Elderly Housing,HUD
800000616,Heritage Manor of Fordyce,507 N Edgar St,Fordyce,,,Dallas,,,16,16,870-352-8184,Wholly Elderly Housekeeping,Elderly,Section 202 - Elderly Housing,HUD
800000648,"HOUSING OPPORTUNITIES, INC.",600 EAST 43RD,Texarkana,,,Miller,,,78,77,903-791-2297,Partially physically handicapped,Disabled,Section 202 - Elderly Housing,HUD
800000649,HOUSING OPPORTUNITIES EXTENSION,606 E 44TH ST,Texarkana,,,Miller,,,13,12,870-773-4527,Wholly developmentally disabled,Disabled,Section 202 - Elderly Housing,HUD
