id,name,address,city,state,zip_code,county,phone,facility_type,licensed_beds,license_number,administrator,coordinates,data_source
1,Valley Senior Living,5516 Maple Dr,Louisville,Kentucky,40208,Jefferson,(364) 804-7662,Adult Day Care,126,KY77860,John Garcia,"[38.26008963246064, -85.77683036061673]",Kentucky Cabinet for Health and Family Services
2,Louisville Place,6138 Bourbon St,Louisville,Kentucky,40204,Jefferson,(859) 808-5770,Continuing Care Retirement Community,165,KY74139,Betty Moore,"[38.2488160206828, -85.75305124691472]",Kentucky Cabinet for Health and Family Services
3,Pine Place,1711 Derby Dr,Louisville,Kentucky,40204,Jefferson,(502) 704-1448,Assisted Living,52,KY80812,Karen Williams,"[38.2337412572251, -85.75875422667794]",Kentucky Cabinet for Health and Family Services
4,Louisville Assisted Living,9345 Washington St,Louisville,Kentucky,40212,Jefferson,(502) 345-3872,Independent Living,94,KY49887,Thomas Walker,"[38.24512463262111, -85.7418169867141]",Kentucky Cabinet for Health and Family Services
5,Louisville Manor,6950 First St,Louisville,Kentucky,40202,Jefferson,(270) 863-1889,Skilled Nursing Facility,173,KY58179,Michael Brown,"[38.24332002446152, -85.73920001508661]",Kentucky Cabinet for Health and Family Services
6,Pine Place,6491 Madison Rd,Louisville,Kentucky,40202,Jefferson,(502) 480-8379,Memory Care,93,KY97639,Anthony Miller,"[38.24685006366936, -85.76402901749238]",Kentucky Cabinet for Health and Family Services
7,Derby Manor,1364 Horse Park Rd,Louisville,Kentucky,40212,Jefferson,(859) 578-3495,Personal Care Home,112,KY49181,Matthew White,"[38.23957277152286, -85.7470282227847]",Kentucky Cabinet for Health and Family Services
8,Bluegrass Health Care,595 Elm St,Louisville,Kentucky,40202,Jefferson,(502) 336-4948,Independent Living,55,KY63747,James Jones,"[38.267428103598654, -85.74269564914479]",Kentucky Cabinet for Health and Family Services
9,Lexington Memory Care,8208 Cedar Ln,Lexington,Kentucky,40513,Fayette,(606) 554-1952,Adult Day Care,179,KY61079,David Martin,"[38.05620287212412, -84.51551418027744]",Kentucky Cabinet for Health and Family Services
10,Riverside Center,1595 Derby Dr,Lexington,Kentucky,40504,Fayette,(502) 829-6962,Memory Care,130,KY71268,Anthony Lewis,"[38.05177284781604, -84.48375348042632]",Kentucky Cabinet for Health and Family Services
11,Lexington Gardens,9572 Mill St,Lexington,Kentucky,40506,Fayette,(502) 260-4905,Adult Day Care,61,KY15672,Susan Ramirez,"[38.03404762805613, -84.50545401986778]",Kentucky Cabinet for Health and Family Services
12,Lexington Health Care,9578 Kentucky Ave,Lexington,Kentucky,40513,Fayette,(270) 757-7474,Continuing Care Retirement Community,69,KY87007,Susan Harris,"[38.04566178038912, -84.50155464054194]",Kentucky Cabinet for Health and Family Services
13,Manor Retirement Community,5891 Third St,Lexington,Kentucky,40513,Fayette,(859) 794-3093,Skilled Nursing Facility,117,KY78085,Mary Wilson,"[38.027144057363195, -84.51370436551291]",Kentucky Cabinet for Health and Family Services
14,Golden Commons,8395 Bourbon St,Lexington,Kentucky,40509,Fayette,(859) 543-4443,Continuing Care Retirement Community,128,KY59283,Karen Williams,"[38.0328022722673, -84.48989191228841]",Kentucky Cabinet for Health and Family Services
15,Heritage Commons,6942 Bluegrass Blvd,Lexington,Kentucky,40508,Fayette,(364) 947-9801,Personal Care Home,68,KY18762,Mark Lee,"[38.020867315356526, -84.5084361048865]",Kentucky Cabinet for Health and Family Services
16,Heritage Senior Living,4092 Church St,Lexington,Kentucky,40513,Fayette,(606) 299-8718,Continuing Care Retirement Community,167,KY72843,Michael White,"[38.05329848177633, -84.49880124365384]",Kentucky Cabinet for Health and Family Services
17,Lexington Health Care,6710 Elm St,Lexington,Kentucky,40504,Fayette,(502) 564-2747,Continuing Care Retirement Community,100,KY60472,Nancy Gonzalez,"[38.03613970970782, -84.51768128490458]",Kentucky Cabinet for Health and Family Services
18,Lexington Memory Care,6847 Jefferson Dr,Lexington,Kentucky,40504,Fayette,(859) 529-1066,Adult Day Care,126,KY51374,Christopher Johnson,"[38.03589670315266, -84.5010177147341]",Kentucky Cabinet for Health and Family Services
19,Thoroughbred Villa,8937 Pine Rd,Lexington,Kentucky,40515,Fayette,(859) 691-2632,Adult Day Care,179,KY72044,Lisa White,"[38.023565063653294, -84.48540048371338]",Kentucky Cabinet for Health and Family Services
20,Meadow Court,4860 Cedar Ln,Lexington,Kentucky,40508,Fayette,(859) 450-1871,Personal Care Home,131,KY12897,James Williams,"[38.022978648415815, -84.49502081078288]",Kentucky Cabinet for Health and Family Services
21,Golden Manor,7712 Main St,Bowling Green,Kentucky,42103,Warren,(270) 351-5973,Skilled Nursing Facility,58,KY91595,Robert Garcia,"[36.952033268205646, -86.48763566132193]",Kentucky Cabinet for Health and Family Services
22,Bowling Green Assisted Living,7040 Kentucky Ave,Bowling Green,Kentucky,42104,Warren,(859) 563-3909,Skilled Nursing Facility,104,KY17235,James Jones,"[36.97876494252775, -86.47457645938752]",Kentucky Cabinet for Health and Family Services
23,Meadow Senior Living,3945 Mill St,Bowling Green,Kentucky,42101,Warren,(606) 312-7276,Continuing Care Retirement Community,64,KY38174,Michael Walker,"[36.96937245417716, -86.49060426727294]",Kentucky Cabinet for Health and Family Services
24,Pine Senior Living,2337 First St,Bowling Green,Kentucky,42103,Warren,(859) 953-2783,Assisted Living,52,KY60845,Patricia Smith,"[36.97454341182999, -86.48635079938698]",Kentucky Cabinet for Health and Family Services
25,Bowling Green Assisted Living,7148 Bluegrass Blvd,Bowling Green,Kentucky,42103,Warren,(859) 933-7447,Adult Day Care,87,KY18562,Jessica Williams,"[36.980922286843104, -86.47240714585358]",Kentucky Cabinet for Health and Family Services
26,Bowling Green Court,897 Madison Rd,Bowling Green,Kentucky,42104,Warren,(270) 309-3369,Assisted Living,37,KY75650,Elizabeth Johnson,"[36.97351477129884, -86.49277383103635]",Kentucky Cabinet for Health and Family Services
27,Riverside Gardens,7504 Bluegrass Blvd,Bowling Green,Kentucky,42103,Warren,(270) 241-6673,Skilled Nursing Facility,43,KY25047,John Clark,"[36.98649536437898, -86.48412425089847]",Kentucky Cabinet for Health and Family Services
28,Derby Court,6394 Third St,Bowling Green,Kentucky,42101,Warren,(270) 632-5030,Independent Living,34,KY53939,Robert Jackson,"[36.952615742871586, -86.47468160373839]",Kentucky Cabinet for Health and Family Services
29,Valley Commons,7081 Madison Rd,Bowling Green,Kentucky,42101,Warren,(606) 512-8583,Personal Care Home,101,KY83867,John Lee,"[36.976963649491296, -86.49034992225998]",Kentucky Cabinet for Health and Family Services
30,Place Health Care,8779 Derby Dr,Bowling Green,Kentucky,42101,Warren,(270) 961-6021,Personal Care Home,143,KY28801,Elizabeth Lopez,"[36.965896914267525, -86.4891058699784]",Kentucky Cabinet for Health and Family Services
31,Heritage Place,9159 Maple Dr,Bowling Green,Kentucky,42103,Warren,(364) 976-3961,Assisted Living,81,KY54225,William Sanchez,"[36.95114638320547, -86.47425913791925]",Kentucky Cabinet for Health and Family Services
32,Sunset Center,3343 Maple Dr,Bowling Green,Kentucky,42101,Warren,(270) 876-4520,Continuing Care Retirement Community,140,KY74099,Daniel Miller,"[36.984317563729306, -86.47067900563846]",Kentucky Cabinet for Health and Family Services
33,Bowling Green Health Care,8025 Bluegrass Blvd,Bowling Green,Kentucky,42104,Warren,(502) 632-7674,Skilled Nursing Facility,61,KY86365,Betty Brown,"[36.97121979891776, -86.49770268691911]",Kentucky Cabinet for Health and Family Services
34,Bowling Green Gardens,4531 First St,Bowling Green,Kentucky,42101,Warren,(502) 360-1217,Skilled Nursing Facility,55,KY25812,Barbara Lopez,"[36.97580968325757, -86.49731704299133]",Kentucky Cabinet for Health and Family Services
35,Garden Manor,5139 Park Ave,Bowling Green,Kentucky,42103,Warren,(270) 539-6527,Personal Care Home,49,KY99946,Nancy Gonzalez,"[36.973918127287355, -86.46568045633784]",Kentucky Cabinet for Health and Family Services
36,Manor Senior Living,5708 Maple Dr,Bowling Green,Kentucky,42101,Warren,(502) 422-6192,Personal Care Home,72,KY12001,James Harris,"[36.96341906017877, -86.46887888910125]",Kentucky Cabinet for Health and Family Services
37,Hillside Assisted Living,299 Jefferson Dr,Bowling Green,Kentucky,42103,Warren,(859) 759-7901,Independent Living,140,KY25057,Sandra White,"[36.954681097401725, -86.4780311388135]",Kentucky Cabinet for Health and Family Services
38,Bowling Green Villa,8285 Monroe St,Bowling Green,Kentucky,42104,Warren,(270) 268-9102,Continuing Care Retirement Community,41,KY55421,Joseph Wilson,"[36.96433706131972, -86.49133213279822]",Kentucky Cabinet for Health and Family Services
39,Bowling Green Assisted Living,3581 Bourbon St,Bowling Green,Kentucky,42101,Warren,(859) 289-6496,Adult Day Care,160,KY46239,Donald Thomas,"[36.96941611124468, -86.46738799572663]",Kentucky Cabinet for Health and Family Services
40,Bowling Green Senior Living,5766 Kentucky Ave,Bowling Green,Kentucky,42101,Warren,(502) 546-1939,Assisted Living,29,KY33910,Lisa Walker,"[36.96738837806359, -86.48800631308303]",Kentucky Cabinet for Health and Family Services
41,Garden Villa,7854 Third St,Owensboro,Kentucky,42301,Daviess,(270) 408-1773,Skilled Nursing Facility,135,KY44763,Sarah Hernandez,"[37.76063134996475, -87.12915028878481]",Kentucky Cabinet for Health and Family Services
42,Owensboro Retirement Community,6245 Washington St,Owensboro,Kentucky,42303,Daviess,(270) 414-1852,Personal Care Home,79,KY50992,Jennifer Gonzalez,"[37.788156948355805, -87.10217380421453]",Kentucky Cabinet for Health and Family Services
43,Golden Skilled Nursing,4190 Park Ave,Owensboro,Kentucky,42304,Daviess,(606) 805-9837,Independent Living,46,KY92491,Michael Martin,"[37.757288582592665, -87.09974395628464]",Kentucky Cabinet for Health and Family Services
44,Court Senior Living,7047 Lincoln Ave,Owensboro,Kentucky,42304,Daviess,(859) 666-7336,Continuing Care Retirement Community,113,KY81558,William Davis,"[37.783040807567495, -87.09809083464151]",Kentucky Cabinet for Health and Family Services
45,Heritage Retirement Community,9787 First St,Owensboro,Kentucky,42301,Daviess,(502) 775-3845,Assisted Living,36,KY19113,Daniel Lee,"[37.76413505949482, -87.11807888596513]",Kentucky Cabinet for Health and Family Services
46,Owensboro Court,9639 Derby Dr,Owensboro,Kentucky,42304,Daviess,(364) 771-5272,Memory Care,123,KY14024,Jennifer Davis,"[37.75435455284592, -87.1234975974083]",Kentucky Cabinet for Health and Family Services
47,Owensboro Assisted Living,9820 Lincoln Ave,Owensboro,Kentucky,42303,Daviess,(364) 628-3678,Independent Living,93,KY10269,Donald White,"[37.76985403857508, -87.0940550859911]",Kentucky Cabinet for Health and Family Services
48,Bourbon Retirement Community,2079 Church St,Owensboro,Kentucky,42303,Daviess,(270) 287-8584,Assisted Living,79,KY75244,Susan Walker,"[37.78908304481253, -87.09728285516458]",Kentucky Cabinet for Health and Family Services
49,Owensboro Memory Care,2541 Elm St,Owensboro,Kentucky,42304,Daviess,(859) 745-4111,Assisted Living,175,KY41863,Patricia Ramirez,"[37.79033520083793, -87.10041019197071]",Kentucky Cabinet for Health and Family Services
50,Place Skilled Nursing,2796 Washington St,Owensboro,Kentucky,42304,Daviess,(502) 661-1854,Adult Day Care,42,KY81937,William White,"[37.78487768637004, -87.1276635233571]",Kentucky Cabinet for Health and Family Services
51,Covington Place,1920 Pine Rd,Covington,Kentucky,41017,Kenton,(859) 349-5981,Personal Care Home,95,KY18089,Mary Miller,"[39.07188916048291, -84.50407616664322]",Kentucky Cabinet for Health and Family Services
52,Covington Memory Care,3914 Church St,Covington,Kentucky,41016,Kenton,(859) 421-8337,Memory Care,127,KY62720,Karen Brown,"[39.096669503664465, -84.504967673885]",Kentucky Cabinet for Health and Family Services
53,Covington Skilled Nursing,8687 Horse Park Rd,Covington,Kentucky,41016,Kenton,(364) 794-8830,Memory Care,76,KY72814,Thomas Williams,"[39.10072727609121, -84.5234605598771]",Kentucky Cabinet for Health and Family Services
54,Magnolia Villa,669 Second St,Covington,Kentucky,41011,Kenton,(364) 278-3550,Adult Day Care,121,KY55974,Sarah Perez,"[39.065730407677826, -84.52770503241224]",Kentucky Cabinet for Health and Family Services
55,Covington Memory Care,6020 Derby Dr,Covington,Kentucky,41012,Kenton,(364) 919-2943,Independent Living,121,KY58259,Robert Lopez,"[39.07985899437575, -84.5156293341743]",Kentucky Cabinet for Health and Family Services
56,Golden Manor,3960 Lincoln Ave,Covington,Kentucky,41018,Kenton,(364) 593-6000,Personal Care Home,82,KY25873,Joseph Rodriguez,"[39.09498992829793, -84.49868416612038]",Kentucky Cabinet for Health and Family Services
57,Place Skilled Nursing,6943 Church St,Covington,Kentucky,41017,Kenton,(859) 725-1552,Continuing Care Retirement Community,137,KY94679,Lisa Williams,"[39.09805922686153, -84.49186313386363]",Kentucky Cabinet for Health and Family Services
58,Oak Manor,4740 Bluegrass Blvd,Covington,Kentucky,41015,Kenton,(270) 594-5003,Memory Care,97,KY26965,David Smith,"[39.078473832383885, -84.51538989435637]",Kentucky Cabinet for Health and Family Services
59,Covington Retirement Community,4091 Lincoln Ave,Covington,Kentucky,41015,Kenton,(270) 468-9005,Independent Living,59,KY19827,Mary Jones,"[39.09795770463454, -84.50674791828531]",Kentucky Cabinet for Health and Family Services
60,Covington Commons,9666 Monroe St,Covington,Kentucky,41011,Kenton,(606) 563-9428,Independent Living,83,KY38121,Sandra Martinez,"[39.07156655474441, -84.51312469076895]",Kentucky Cabinet for Health and Family Services
61,Hillside Health Care,2604 Derby Dr,Covington,Kentucky,41015,Kenton,(606) 765-5265,Personal Care Home,150,KY63421,Joseph Perez,"[39.090986678997645, -84.4942985133241]",Kentucky Cabinet for Health and Family Services
62,Covington Retirement Community,7172 Third St,Covington,Kentucky,41011,Kenton,(364) 666-9747,Adult Day Care,172,KY82495,Michael Gonzalez,"[39.07706653283077, -84.50908990307724]",Kentucky Cabinet for Health and Family Services
63,Valley Place,1580 Jefferson Dr,Covington,Kentucky,41016,Kenton,(270) 777-9693,Skilled Nursing Facility,98,KY56112,Donna Rodriguez,"[39.08532541400497, -84.52566039333065]",Kentucky Cabinet for Health and Family Services
64,Bourbon Nursing Home,8450 Derby Dr,Covington,Kentucky,41012,Kenton,(606) 701-2239,Continuing Care Retirement Community,62,KY85376,William White,"[39.09471808410839, -84.52267438315826]",Kentucky Cabinet for Health and Family Services
65,Covington Center,2074 Kentucky Ave,Covington,Kentucky,41016,Kenton,(364) 940-4424,Skilled Nursing Facility,161,KY42750,Donald Johnson,"[39.093667001411546, -84.52281924526946]",Kentucky Cabinet for Health and Family Services
66,Covington Memory Care,4213 Bluegrass Blvd,Covington,Kentucky,41011,Kenton,(859) 648-7390,Skilled Nursing Facility,70,KY82858,Patricia Sanchez,"[39.07708310196702, -84.49933833505415]",Kentucky Cabinet for Health and Family Services
67,Covington Villa,4810 Kentucky Ave,Covington,Kentucky,41016,Kenton,(502) 619-8834,Assisted Living,70,KY26260,Mary Johnson,"[39.06897348195054, -84.49672544660943]",Kentucky Cabinet for Health and Family Services
68,Magnolia Retirement Community,5690 First St,Covington,Kentucky,41012,Kenton,(270) 554-3119,Skilled Nursing Facility,164,KY14106,Sarah Brown,"[39.1010573291326, -84.49333262585873]",Kentucky Cabinet for Health and Family Services
69,Garden Assisted Living,9606 Horse Park Rd,Covington,Kentucky,41012,Kenton,(606) 500-2919,Memory Care,71,KY92540,Linda Jones,"[39.076879526209034, -84.51309881388086]",Kentucky Cabinet for Health and Family Services
70,Covington Senior Living,4415 Jefferson Dr,Covington,Kentucky,41015,Kenton,(606) 481-7800,Skilled Nursing Facility,65,KY71888,Joseph Lewis,"[39.088592378159895, -84.49243403232192]",Kentucky Cabinet for Health and Family Services
71,Bourbon Place,2623 Second St,Covington,Kentucky,41014,Kenton,(859) 344-2069,Independent Living,169,KY48839,Matthew Taylor,"[39.081717634316426, -84.52033897182261]",Kentucky Cabinet for Health and Family Services
72,Heritage Nursing Home,6704 Park Ave,Covington,Kentucky,41017,Kenton,(859) 348-3341,Adult Day Care,133,KY93998,James Smith,"[39.085807825440575, -84.51820127530077]",Kentucky Cabinet for Health and Family Services
73,Magnolia Memory Care,7914 Elm St,Covington,Kentucky,41012,Kenton,(270) 565-8095,Continuing Care Retirement Community,49,KY44004,Daniel Robinson,"[39.06847947622361, -84.50162802914888]",Kentucky Cabinet for Health and Family Services
74,Hopkinsville Place,225 Jefferson Dr,Hopkinsville,Kentucky,42240,Christian,(606) 954-7245,Memory Care,95,KY22784,Jennifer Lewis,"[36.87443022187606, -87.48091774266531]",Kentucky Cabinet for Health and Family Services
75,Riverside Retirement Community,2290 Derby Dr,Hopkinsville,Kentucky,42241,Christian,(859) 511-6398,Continuing Care Retirement Community,29,KY73093,Betty Davis,"[36.87304887616936, -87.50378118301742]",Kentucky Cabinet for Health and Family Services
76,Oak Health Care,5017 Maple Dr,Hopkinsville,Kentucky,42240,Christian,(606) 827-4289,Memory Care,174,KY82268,Helen Harris,"[36.85153369156211, -87.50690687578019]",Kentucky Cabinet for Health and Family Services
77,Hopkinsville Court,685 Mill St,Hopkinsville,Kentucky,42241,Christian,(502) 511-8611,Assisted Living,141,KY72609,James Jones,"[36.853561294067234, -87.471446068327]",Kentucky Cabinet for Health and Family Services
78,Meadow Villa,5442 Maple Dr,Hopkinsville,Kentucky,42241,Christian,(364) 427-2920,Adult Day Care,50,KY32537,William Brown,"[36.878502275964586, -87.46934796530964]",Kentucky Cabinet for Health and Family Services
79,Pine Health Care,8191 Third St,Hopkinsville,Kentucky,42241,Christian,(502) 651-4834,Memory Care,108,KY47315,Jennifer Thomas,"[36.87227157293379, -87.49527294911165]",Kentucky Cabinet for Health and Family Services
80,Hopkinsville Gardens,3991 Jefferson Dr,Hopkinsville,Kentucky,42240,Christian,(364) 340-4298,Assisted Living,121,KY72878,Donald Walker,"[36.87888354875057, -87.50111061656914]",Kentucky Cabinet for Health and Family Services
81,Riverside Center,1262 Lincoln Ave,Hopkinsville,Kentucky,42240,Christian,(606) 994-7818,Skilled Nursing Facility,68,KY50167,Linda Rodriguez,"[36.849357684219186, -87.50788510800857]",Kentucky Cabinet for Health and Family Services
82,Meadow Memory Care,6428 Jefferson Dr,Hopkinsville,Kentucky,42240,Christian,(606) 230-9043,Personal Care Home,74,KY76343,Joseph White,"[36.847061400676495, -87.49320092038523]",Kentucky Cabinet for Health and Family Services
83,Manor Place,1799 Park Ave,Hopkinsville,Kentucky,42240,Christian,(859) 727-1872,Assisted Living,156,KY41563,William Davis,"[36.85566556748304, -87.49713656109174]",Kentucky Cabinet for Health and Family Services
84,Sunset Senior Living,707 Mill St,Hopkinsville,Kentucky,42241,Christian,(502) 870-7235,Assisted Living,75,KY25749,David Brown,"[36.85235036082345, -87.5076740569153]",Kentucky Cabinet for Health and Family Services
85,Hillside Senior Living,1616 Third St,Hopkinsville,Kentucky,42240,Christian,(502) 843-3064,Assisted Living,108,KY22868,Mary Williams,"[36.86171490539524, -87.49648424861934]",Kentucky Cabinet for Health and Family Services
86,Magnolia Retirement Community,3505 Second St,Hopkinsville,Kentucky,42241,Christian,(364) 855-8078,Assisted Living,48,KY14292,Richard Thompson,"[36.88212445617414, -87.49401011610645]",Kentucky Cabinet for Health and Family Services
87,Manor Manor,7370 Third St,Hopkinsville,Kentucky,42241,Christian,(606) 403-7961,Adult Day Care,114,KY39222,Mary Thompson,"[36.85230630687752, -87.47099141733347]",Kentucky Cabinet for Health and Family Services
88,Hopkinsville Assisted Living,2295 Madison Rd,Hopkinsville,Kentucky,42241,Christian,(364) 787-2976,Skilled Nursing Facility,73,KY40624,Sandra Sanchez,"[36.86942087087513, -87.50376488122548]",Kentucky Cabinet for Health and Family Services
89,Magnolia Assisted Living,4336 Lincoln Ave,Richmond,Kentucky,40475,Madison,(859) 981-8499,Skilled Nursing Facility,173,KY90522,Sarah Sanchez,"[37.730431084004806, -84.31414111974111]",Kentucky Cabinet for Health and Family Services
90,Derby Nursing Home,4063 Bluegrass Blvd,Richmond,Kentucky,40476,Madison,(606) 489-6976,Personal Care Home,141,KY87813,Donald Miller,"[37.74109891215134, -84.30321396308051]",Kentucky Cabinet for Health and Family Services
91,Richmond Commons,4980 Horse Park Rd,Richmond,Kentucky,40475,Madison,(270) 524-3167,Memory Care,138,KY18957,Robert Johnson,"[37.765063486833284, -84.27728415755169]",Kentucky Cabinet for Health and Family Services
92,Derby Skilled Nursing,6362 Second St,Richmond,Kentucky,40475,Madison,(502) 937-2000,Personal Care Home,87,KY78127,Michael Moore,"[37.73324605531796, -84.27613198945694]",Kentucky Cabinet for Health and Family Services
93,Bourbon Skilled Nursing,3953 Lincoln Ave,Richmond,Kentucky,40476,Madison,(859) 365-4175,Adult Day Care,114,KY33936,Karen Miller,"[37.733952831335756, -84.30415143192565]",Kentucky Cabinet for Health and Family Services
94,Oak Commons,6142 Washington St,Richmond,Kentucky,40475,Madison,(502) 825-1812,Independent Living,162,KY14761,Jennifer Clark,"[37.729373170275295, -84.29338276509583]",Kentucky Cabinet for Health and Family Services
95,Magnolia Retirement Community,9221 Church St,Richmond,Kentucky,40475,Madison,(364) 456-1057,Skilled Nursing Facility,37,KY44179,Karen Lewis,"[37.7323731000632, -84.28727335919051]",Kentucky Cabinet for Health and Family Services
96,Derby Court,139 Mill St,Richmond,Kentucky,40476,Madison,(502) 837-7989,Memory Care,81,KY15467,Joseph Taylor,"[37.73437043293604, -84.31377665913408]",Kentucky Cabinet for Health and Family Services
97,Oak Nursing Home,2679 Bluegrass Blvd,Richmond,Kentucky,40476,Madison,(859) 292-9912,Independent Living,130,KY46812,Barbara Garcia,"[37.73129980708932, -84.28317773048596]",Kentucky Cabinet for Health and Family Services
98,Maple Court,4345 Bourbon St,Richmond,Kentucky,40475,Madison,(859) 963-3975,Continuing Care Retirement Community,176,KY92063,Richard Moore,"[37.756798160869614, -84.31144287181915]",Kentucky Cabinet for Health and Family Services
99,Heritage Gardens,500 Lincoln Ave,Richmond,Kentucky,40475,Madison,(502) 607-5958,Continuing Care Retirement Community,96,KY65226,Mark Anderson,"[37.76496479112591, -84.31043524694046]",Kentucky Cabinet for Health and Family Services
100,Court Commons,3532 Kentucky Ave,Richmond,Kentucky,40476,Madison,(859) 958-8308,Independent Living,104,KY74491,Donna Martinez,"[37.75988090487017, -84.31266975070372]",Kentucky Cabinet for Health and Family Services
101,Hillside Senior Living,8259 Cedar Ln,Richmond,Kentucky,40475,Madison,(859) 777-6676,Memory Care,48,KY30254,Barbara White,"[37.73955816498649, -84.27656119758848]",Kentucky Cabinet for Health and Family Services
102,Oak Assisted Living,4565 Washington St,Richmond,Kentucky,40475,Madison,(364) 324-2257,Adult Day Care,146,KY35481,Jennifer Harris,"[37.76486303539819, -84.28386128548001]",Kentucky Cabinet for Health and Family Services
103,Magnolia Skilled Nursing,271 Oak Ave,Richmond,Kentucky,40475,Madison,(502) 689-2880,Independent Living,80,KY96165,Thomas Brown,"[37.75066714351252, -84.29201309166059]",Kentucky Cabinet for Health and Family Services
104,Golden Assisted Living,378 Elm St,Florence,Kentucky,41022,Boone,(364) 627-5509,Adult Day Care,146,KY33026,Christopher Perez,"[38.996272150096026, -84.63948081362163]",Kentucky Cabinet for Health and Family Services
105,Court Commons,5680 Bluegrass Blvd,Florence,Kentucky,41022,Boone,(270) 892-8696,Independent Living,26,KY99975,Betty Martin,"[38.98334402764543, -84.62798038472567]",Kentucky Cabinet for Health and Family Services
106,Kentucky Assisted Living,7833 Elm St,Florence,Kentucky,41022,Boone,(859) 669-8958,Memory Care,59,KY14121,Christopher Ramirez,"[38.99838344690111, -84.63268541561868]",Kentucky Cabinet for Health and Family Services
107,Maple Memory Care,7601 Park Ave,Florence,Kentucky,41022,Boone,(364) 347-1663,Continuing Care Retirement Community,48,KY81279,Robert Taylor,"[39.01590544940782, -84.62122199479728]",Kentucky Cabinet for Health and Family Services
108,Kentucky Gardens,5458 First St,Florence,Kentucky,41042,Boone,(859) 797-1409,Memory Care,28,KY69443,Lisa Harris,"[39.00460828249399, -84.63645314375832]",Kentucky Cabinet for Health and Family Services
109,Bluegrass Memory Care,3167 Monroe St,Florence,Kentucky,41022,Boone,(364) 358-3556,Personal Care Home,50,KY65151,Sarah Williams,"[39.00652648210616, -84.62053992193289]",Kentucky Cabinet for Health and Family Services
110,Manor Manor,8444 Jefferson Dr,Florence,Kentucky,41042,Boone,(502) 602-3656,Continuing Care Retirement Community,69,KY41088,Betty Jackson,"[38.9849175238338, -84.62135218285309]",Kentucky Cabinet for Health and Family Services
111,Florence Retirement Community,4421 Monroe St,Florence,Kentucky,41042,Boone,(859) 369-5571,Continuing Care Retirement Community,48,KY94567,William Taylor,"[38.981544718500466, -84.63775069503947]",Kentucky Cabinet for Health and Family Services
112,Kentucky Commons,6525 Lincoln Ave,Florence,Kentucky,41042,Boone,(502) 257-9987,Skilled Nursing Facility,80,KY32805,Christopher Lopez,"[38.99689336863264, -84.61271539251099]",Kentucky Cabinet for Health and Family Services
113,Court Gardens,3578 Madison Rd,Florence,Kentucky,41042,Boone,(270) 713-8891,Continuing Care Retirement Community,27,KY16051,Elizabeth Thomas,"[39.01876093343188, -84.6111195720711]",Kentucky Cabinet for Health and Family Services
114,Pine Skilled Nursing,5673 Third St,Florence,Kentucky,41042,Boone,(364) 654-6381,Assisted Living,152,KY52460,Donald Wilson,"[39.011501648326096, -84.62214020750905]",Kentucky Cabinet for Health and Family Services
115,Garden Villa,8112 Bluegrass Blvd,Georgetown,Kentucky,40324,Scott,(270) 702-2934,Independent Living,127,KY47190,Donna Perez,"[38.22102707671968, -84.55318691785197]",Kentucky Cabinet for Health and Family Services
116,Place Skilled Nursing,8492 Madison Rd,Georgetown,Kentucky,40324,Scott,(364) 217-6731,Memory Care,123,KY19694,Mark Sanchez,"[38.21600041150304, -84.54105771778762]",Kentucky Cabinet for Health and Family Services
117,Heritage Court,5307 Second St,Georgetown,Kentucky,40324,Scott,(364) 347-9086,Assisted Living,100,KY84068,Anthony Lewis,"[38.20519385033662, -84.5434901763436]",Kentucky Cabinet for Health and Family Services
118,Magnolia Skilled Nursing,6499 Madison Rd,Georgetown,Kentucky,40324,Scott,(270) 327-5897,Adult Day Care,57,KY51502,Richard Miller,"[38.228365677329194, -84.54913556836544]",Kentucky Cabinet for Health and Family Services
119,Georgetown Manor,8720 Park Ave,Georgetown,Kentucky,40324,Scott,(859) 956-8068,Adult Day Care,162,KY62964,Betty Jackson,"[38.21347487040999, -84.56991454601736]",Kentucky Cabinet for Health and Family Services
120,Garden Health Care,832 Lincoln Ave,Georgetown,Kentucky,40324,Scott,(364) 726-2200,Memory Care,178,KY77056,Mary Martinez,"[38.19115224803112, -84.54834197251223]",Kentucky Cabinet for Health and Family Services
121,Bourbon Commons,8820 Cedar Ln,Georgetown,Kentucky,40324,Scott,(364) 271-4717,Independent Living,48,KY56632,James Garcia,"[38.2170346248172, -84.55953271833768]",Kentucky Cabinet for Health and Family Services
122,Georgetown Assisted Living,6387 Maple Dr,Georgetown,Kentucky,40324,Scott,(859) 740-8993,Continuing Care Retirement Community,51,KY76654,Lisa Rodriguez,"[38.21669547298596, -84.55756398605139]",Kentucky Cabinet for Health and Family Services
123,Manor Retirement Community,2144 Horse Park Rd,Georgetown,Kentucky,40324,Scott,(606) 282-4813,Continuing Care Retirement Community,179,KY98148,Sarah Martinez,"[38.20076421377789, -84.56334368696288]",Kentucky Cabinet for Health and Family Services
124,Court Skilled Nursing,5535 First St,Georgetown,Kentucky,40324,Scott,(859) 806-8607,Assisted Living,172,KY25579,Barbara Martin,"[38.19660013930763, -84.5602319589687]",Kentucky Cabinet for Health and Family Services
125,Riverside Place,2588 Kentucky Ave,Georgetown,Kentucky,40324,Scott,(502) 469-6394,Continuing Care Retirement Community,34,KY86388,Thomas Clark,"[38.20874587499475, -84.54438069297781]",Kentucky Cabinet for Health and Family Services
126,Georgetown Center,3064 Oak Ave,Georgetown,Kentucky,40324,Scott,(606) 812-3794,Continuing Care Retirement Community,67,KY79484,John Miller,"[38.207218947225954, -84.562810280816]",Kentucky Cabinet for Health and Family Services
127,Georgetown Place,451 Elm St,Georgetown,Kentucky,40324,Scott,(270) 609-9932,Skilled Nursing Facility,32,KY19903,Robert Lee,"[38.221764355827766, -84.54772822492278]",Kentucky Cabinet for Health and Family Services
128,Henderson Health Care,8870 Oak Ave,Henderson,Kentucky,42420,Henderson,(502) 542-2007,Independent Living,29,KY18414,Susan Harris,"[37.83034134077039, -87.60979006289023]",Kentucky Cabinet for Health and Family Services
129,Henderson Nursing Home,5148 Jefferson Dr,Henderson,Kentucky,42420,Henderson,(364) 552-9549,Skilled Nursing Facility,156,KY14225,Mark Gonzalez,"[37.82303629388802, -87.60261173239495]",Kentucky Cabinet for Health and Family Services
130,Henderson Villa,6092 Pine Rd,Henderson,Kentucky,42420,Henderson,(364) 603-8172,Memory Care,89,KY61786,Sandra Thompson,"[37.852271805305755, -87.5752427681852]",Kentucky Cabinet for Health and Family Services
131,Hillside Health Care,7381 Washington St,Henderson,Kentucky,42420,Henderson,(502) 744-2524,Assisted Living,168,KY48683,Daniel Wilson,"[37.8506401062011, -87.58214234422039]",Kentucky Cabinet for Health and Family Services
132,Golden Gardens,110 Main St,Henderson,Kentucky,42420,Henderson,(270) 343-1158,Continuing Care Retirement Community,96,KY53829,Helen Lee,"[37.840656538985655, -87.60608268105844]",Kentucky Cabinet for Health and Family Services
133,Henderson Center,6628 Third St,Henderson,Kentucky,42420,Henderson,(859) 619-8487,Skilled Nursing Facility,77,KY35812,John Wilson,"[37.816353160836144, -87.60664175347695]",Kentucky Cabinet for Health and Family Services
134,Riverside Place,6660 Lincoln Ave,Henderson,Kentucky,42420,Henderson,(606) 934-8494,Adult Day Care,80,KY35475,Elizabeth Garcia,"[37.844801848223085, -87.5972807859785]",Kentucky Cabinet for Health and Family Services
135,Heritage Manor,497 Maple Dr,Henderson,Kentucky,42420,Henderson,(859) 250-8939,Skilled Nursing Facility,67,KY55202,Karen Perez,"[37.83762777900096, -87.57093945837097]",Kentucky Cabinet for Health and Family Services
136,Garden Place,9891 Mill St,Elizabethtown,Kentucky,42701,Hardin,(859) 416-7842,Continuing Care Retirement Community,180,KY68885,Linda Taylor,"[37.689160118642306, -85.8582590698283]",Kentucky Cabinet for Health and Family Services
137,Derby Gardens,4404 Church St,Elizabethtown,Kentucky,42701,Hardin,(859) 778-9245,Adult Day Care,100,KY99612,Anthony Anderson,"[37.6848592061024, -85.84261695869353]",Kentucky Cabinet for Health and Family Services
138,Elizabethtown Assisted Living,4533 First St,Elizabethtown,Kentucky,42702,Hardin,(502) 872-4234,Personal Care Home,87,KY87379,Daniel Gonzalez,"[37.7066513367767, -85.878803810781]",Kentucky Cabinet for Health and Family Services
139,Hillside Gardens,5797 Monroe St,Elizabethtown,Kentucky,42702,Hardin,(270) 616-6564,Independent Living,148,KY42420,Daniel Ramirez,"[37.710839192981645, -85.87789720433545]",Kentucky Cabinet for Health and Family Services
140,Pine Gardens,2746 Church St,Elizabethtown,Kentucky,42701,Hardin,(270) 657-4477,Personal Care Home,118,KY57429,Nancy Miller,"[37.6750313759431, -85.86310191731916]",Kentucky Cabinet for Health and Family Services
141,Derby Manor,6421 Kentucky Ave,Elizabethtown,Kentucky,42702,Hardin,(502) 858-8656,Independent Living,148,KY82356,Richard Jackson,"[37.71134756257313, -85.84875522444004]",Kentucky Cabinet for Health and Family Services
142,Manor Nursing Home,9610 Oak Ave,Elizabethtown,Kentucky,42701,Hardin,(502) 722-4922,Continuing Care Retirement Community,178,KY82219,Elizabeth Smith,"[37.69064231456988, -85.86968427553737]",Kentucky Cabinet for Health and Family Services
143,Heritage Villa,1877 Pine Rd,Elizabethtown,Kentucky,42701,Hardin,(364) 944-5098,Continuing Care Retirement Community,133,KY88491,Donald Johnson,"[37.70980569363285, -85.86179623443755]",Kentucky Cabinet for Health and Family Services
144,Elizabethtown Commons,2748 Second St,Elizabethtown,Kentucky,42701,Hardin,(502) 215-9744,Assisted Living,77,KY91352,Karen Clark,"[37.68154712724526, -85.86774062382418]",Kentucky Cabinet for Health and Family Services
145,Hillside Senior Living,3579 Park Ave,Elizabethtown,Kentucky,42702,Hardin,(364) 218-3715,Independent Living,25,KY58126,Donna Harris,"[37.704523880941885, -85.86199626322636]",Kentucky Cabinet for Health and Family Services
146,Frankfort Gardens,1928 First St,Frankfort,Kentucky,40601,Franklin,(502) 412-3724,Adult Day Care,76,KY63901,Lisa Lopez,"[38.1938033285658, -84.86459373683527]",Kentucky Cabinet for Health and Family Services
147,Derby Retirement Community,6417 Jefferson Dr,Frankfort,Kentucky,40601,Franklin,(859) 530-5986,Independent Living,133,KY46826,Christopher Davis,"[38.21053017459398, -84.89148157557477]",Kentucky Cabinet for Health and Family Services
148,Pine Memory Care,7023 Elm St,Frankfort,Kentucky,40602,Franklin,(859) 581-1796,Continuing Care Retirement Community,164,KY39240,Charles Sanchez,"[38.209618391798124, -84.85526560087197]",Kentucky Cabinet for Health and Family Services
149,Kentucky Commons,7462 Cedar Ln,Frankfort,Kentucky,40601,Franklin,(270) 895-2887,Skilled Nursing Facility,90,KY35431,Sandra Miller,"[38.208173560344974, -84.8595979711745]",Kentucky Cabinet for Health and Family Services
150,Heritage Nursing Home,9479 Mill St,Frankfort,Kentucky,40602,Franklin,(270) 552-5910,Continuing Care Retirement Community,67,KY28020,Betty Ramirez,"[38.19405503094771, -84.87170015476849]",Kentucky Cabinet for Health and Family Services
151,Frankfort Nursing Home,9742 Second St,Frankfort,Kentucky,40601,Franklin,(606) 856-9354,Independent Living,149,KY92244,Richard Thompson,"[38.1908015182218, -84.87057855669127]",Kentucky Cabinet for Health and Family Services
152,Frankfort Skilled Nursing,8714 Washington St,Frankfort,Kentucky,40601,Franklin,(859) 211-8134,Continuing Care Retirement Community,60,KY68923,Matthew Lopez,"[38.20084254220032, -84.86614256185518]",Kentucky Cabinet for Health and Family Services
153,Meadow Memory Care,1909 Horse Park Rd,Frankfort,Kentucky,40602,Franklin,(270) 206-4760,Memory Care,37,KY96127,Betty Miller,"[38.20436056829787, -84.8743261855475]",Kentucky Cabinet for Health and Family Services
154,Heritage Center,3073 Kentucky Ave,Frankfort,Kentucky,40601,Franklin,(606) 811-8855,Continuing Care Retirement Community,103,KY46275,Helen Harris,"[38.19123755201379, -84.85883148958004]",Kentucky Cabinet for Health and Family Services
155,Heritage Senior Living,4110 Bourbon St,Frankfort,Kentucky,40601,Franklin,(502) 460-6079,Skilled Nursing Facility,137,KY43058,David Williams,"[38.210952388536086, -84.89282634769407]",Kentucky Cabinet for Health and Family Services
156,Bourbon Health Care,8872 Monroe St,Frankfort,Kentucky,40601,Franklin,(364) 709-2857,Adult Day Care,91,KY90615,Anthony Thompson,"[38.193327514031594, -84.8913445453417]",Kentucky Cabinet for Health and Family Services
157,Garden Senior Living,3340 First St,Frankfort,Kentucky,40602,Franklin,(502) 834-7827,Personal Care Home,116,KY36439,Helen Anderson,"[38.191419506583905, -84.88416768134906]",Kentucky Cabinet for Health and Family Services
158,Court Place,6656 Park Ave,Frankfort,Kentucky,40601,Franklin,(606) 930-3630,Personal Care Home,70,KY53299,Helen Davis,"[38.19775981091409, -84.89302559157942]",Kentucky Cabinet for Health and Family Services
159,Riverside Villa,4803 Pine Rd,Frankfort,Kentucky,40601,Franklin,(502) 790-4753,Continuing Care Retirement Community,69,KY48666,Patricia Hernandez,"[38.211768391185004, -84.8800188000342]",Kentucky Cabinet for Health and Family Services
160,Court Court,138 First St,Frankfort,Kentucky,40602,Franklin,(270) 714-6209,Independent Living,101,KY57908,Mary Martinez,"[38.21194165443753, -84.86194193976513]",Kentucky Cabinet for Health and Family Services
161,Kentucky Villa,2643 Monroe St,Frankfort,Kentucky,40602,Franklin,(364) 481-5727,Assisted Living,101,KY40595,Joseph Brown,"[38.21075474784272, -84.87334159931461]",Kentucky Cabinet for Health and Family Services
162,Oak Gardens,2220 Monroe St,Frankfort,Kentucky,40601,Franklin,(502) 372-4955,Adult Day Care,34,KY79547,Susan Rodriguez,"[38.20983307768182, -84.87510363958896]",Kentucky Cabinet for Health and Family Services
163,Place Nursing Home,8117 Park Ave,Frankfort,Kentucky,40601,Franklin,(270) 497-3208,Adult Day Care,97,KY56392,David Lee,"[38.18766554922654, -84.86398979192101]",Kentucky Cabinet for Health and Family Services
164,Oak Nursing Home,7502 Park Ave,Frankfort,Kentucky,40601,Franklin,(859) 264-3041,Assisted Living,92,KY81901,Richard Garcia,"[38.199401619151146, -84.8850284805711]",Kentucky Cabinet for Health and Family Services
165,Maple Skilled Nursing,5390 Oak Ave,Frankfort,Kentucky,40601,Franklin,(270) 575-2709,Independent Living,77,KY38733,Nancy Lewis,"[38.188561371109785, -84.85375299235962]",Kentucky Cabinet for Health and Family Services
166,Derby Villa,793 Church St,Frankfort,Kentucky,40601,Franklin,(270) 856-9472,Skilled Nursing Facility,161,KY23317,Thomas Moore,"[38.19003928867039, -84.85953914552316]",Kentucky Cabinet for Health and Family Services
167,Manor Villa,7683 Cedar Ln,Frankfort,Kentucky,40602,Franklin,(859) 478-9602,Independent Living,93,KY50048,Patricia Lewis,"[38.20537484507751, -84.88550490356695]",Kentucky Cabinet for Health and Family Services
168,Derby Assisted Living,3126 Second St,Frankfort,Kentucky,40602,Franklin,(859) 542-1328,Adult Day Care,135,KY71002,Helen Robinson,"[38.189536293465245, -84.86343803896848]",Kentucky Cabinet for Health and Family Services
169,Oak Nursing Home,6008 First St,Frankfort,Kentucky,40602,Franklin,(502) 706-8969,Personal Care Home,26,KY23527,Matthew Taylor,"[38.18406570951499, -84.85954332720517]",Kentucky Cabinet for Health and Family Services
170,Paducah Manor,2551 Bourbon St,Paducah,Kentucky,42003,McCracken,(606) 575-4826,Independent Living,119,KY43382,James Taylor,"[37.06847780290836, -88.61788325686202]",Kentucky Cabinet for Health and Family Services
171,Derby Manor,8154 Main St,Paducah,Kentucky,42001,McCracken,(364) 672-3069,Memory Care,115,KY59742,Christopher Perez,"[37.09199301292011, -88.59226123008087]",Kentucky Cabinet for Health and Family Services
172,Kentucky Memory Care,9846 Park Ave,Paducah,Kentucky,42002,McCracken,(270) 653-2027,Independent Living,63,KY26099,Christopher Hernandez,"[37.0805760237987, -88.60275333968984]",Kentucky Cabinet for Health and Family Services
173,Derby Gardens,2705 Bourbon St,Paducah,Kentucky,42001,McCracken,(364) 442-9110,Independent Living,130,KY43663,Patricia Johnson,"[37.09167449320336, -88.60484413946041]",Kentucky Cabinet for Health and Family Services
174,Magnolia Nursing Home,4061 Washington St,Paducah,Kentucky,42003,McCracken,(606) 450-8046,Independent Living,110,KY48312,Matthew Jackson,"[37.086550245344306, -88.58442236122666]",Kentucky Cabinet for Health and Family Services
175,Garden Center,4289 Jefferson Dr,Paducah,Kentucky,42003,McCracken,(859) 752-9289,Adult Day Care,73,KY21733,Donna Gonzalez,"[37.08687765016961, -88.59607965373614]",Kentucky Cabinet for Health and Family Services
176,Paducah Senior Living,9908 First St,Paducah,Kentucky,42003,McCracken,(859) 937-3375,Continuing Care Retirement Community,177,KY81766,Donald Clark,"[37.08349626053747, -88.60939525212241]",Kentucky Cabinet for Health and Family Services
177,Magnolia Villa,9312 Bluegrass Blvd,Paducah,Kentucky,42001,McCracken,(502) 358-3509,Memory Care,89,KY23453,David Moore,"[37.08799519812939, -88.58308057112791]",Kentucky Cabinet for Health and Family Services
178,Maple Commons,8289 Bourbon St,Paducah,Kentucky,42003,McCracken,(502) 573-8465,Personal Care Home,117,KY65632,Anthony Miller,"[37.0924048804451, -88.6062873099725]",Kentucky Cabinet for Health and Family Services
179,Magnolia Health Care,5773 Mill St,Paducah,Kentucky,42002,McCracken,(859) 707-9630,Independent Living,48,KY60185,Donald Lopez,"[37.075871545681935, -88.60280755552166]",Kentucky Cabinet for Health and Family Services
180,Meadow Place,3747 Bourbon St,Paducah,Kentucky,42003,McCracken,(364) 705-8084,Independent Living,143,KY94758,Jessica Robinson,"[37.06802419951348, -88.59247199931477]",Kentucky Cabinet for Health and Family Services
181,Oak Villa,1091 Pine Rd,Paducah,Kentucky,42001,McCracken,(364) 750-9631,Adult Day Care,113,KY39697,Richard Jones,"[37.10232835638123, -88.61594219580304]",Kentucky Cabinet for Health and Family Services
182,Nicholasville Court,7408 Park Ave,Nicholasville,Kentucky,40356,Jessamine,(364) 306-2621,Independent Living,151,KY58874,Donna Lee,"[37.87468101006041, -84.56150160077965]",Kentucky Cabinet for Health and Family Services
183,Bluegrass Memory Care,9353 Bourbon St,Nicholasville,Kentucky,40356,Jessamine,(502) 678-5883,Memory Care,159,KY39119,Helen Sanchez,"[37.87579357004993, -84.58681460005837]",Kentucky Cabinet for Health and Family Services
184,Nicholasville Manor,7643 Derby Dr,Nicholasville,Kentucky,40356,Jessamine,(502) 293-2237,Assisted Living,77,KY76017,Matthew Jones,"[37.87864122266188, -84.58337961076221]",Kentucky Cabinet for Health and Family Services
185,Nicholasville Commons,8704 Oak Ave,Nicholasville,Kentucky,40356,Jessamine,(606) 554-7052,Skilled Nursing Facility,96,KY79491,Jessica Jones,"[37.88945202820333, -84.56400474396789]",Kentucky Cabinet for Health and Family Services
186,Riverside Manor,8078 Cedar Ln,Nicholasville,Kentucky,40356,Jessamine,(270) 288-9634,Adult Day Care,95,KY14192,Elizabeth Lopez,"[37.892704103224034, -84.56311622453354]",Kentucky Cabinet for Health and Family Services
187,Pine Memory Care,8125 Main St,Nicholasville,Kentucky,40356,Jessamine,(606) 793-2802,Memory Care,129,KY90384,James Wilson,"[37.8752993907316, -84.57354801638058]",Kentucky Cabinet for Health and Family Services
188,Maple Gardens,999 Jefferson Dr,Nicholasville,Kentucky,40356,Jessamine,(502) 513-3687,Memory Care,57,KY73792,John Robinson,"[37.888032201849676, -84.58185603729423]",Kentucky Cabinet for Health and Family Services
189,Heritage Court,2538 Second St,Nicholasville,Kentucky,40356,Jessamine,(270) 643-2875,Assisted Living,146,KY11016,Sarah Lopez,"[37.86591558178352, -84.57293435619572]",Kentucky Cabinet for Health and Family Services
190,Nicholasville Nursing Home,1594 Monroe St,Nicholasville,Kentucky,40356,Jessamine,(270) 994-1263,Continuing Care Retirement Community,145,KY40531,Barbara Anderson,"[37.87572627933538, -84.57261370651368]",Kentucky Cabinet for Health and Family Services
191,Court Nursing Home,4410 Cedar Ln,Nicholasville,Kentucky,40356,Jessamine,(502) 261-7140,Adult Day Care,31,KY23813,Jessica Harris,"[37.871874308224115, -84.56688090642376]",Kentucky Cabinet for Health and Family Services
192,Sunset Manor,3367 Elm St,Ashland,Kentucky,41101,Boyd,(270) 847-5100,Memory Care,176,KY46336,Nancy Brown,"[38.49679989125722, -82.65173222341838]",Kentucky Cabinet for Health and Family Services
193,Sunset Commons,1406 Washington St,Ashland,Kentucky,41102,Boyd,(270) 818-6941,Memory Care,162,KY12718,Matthew Garcia,"[38.4684414846564, -82.65068806909012]",Kentucky Cabinet for Health and Family Services
194,Garden Court,3610 Washington St,Ashland,Kentucky,41101,Boyd,(364) 920-3515,Personal Care Home,124,KY46433,David Brown,"[38.49708916585123, -82.62735029620403]",Kentucky Cabinet for Health and Family Services
195,Golden Center,3078 Maple Dr,Ashland,Kentucky,41101,Boyd,(364) 942-7934,Memory Care,55,KY33335,Michael Jones,"[38.45889345554165, -82.61884284693659]",Kentucky Cabinet for Health and Family Services
196,Court Retirement Community,6118 Lincoln Ave,Ashland,Kentucky,41105,Boyd,(364) 339-6575,Adult Day Care,73,KY27837,Donna Wilson,"[38.46392901187881, -82.64471734098512]",Kentucky Cabinet for Health and Family Services
197,Ashland Senior Living,1555 Maple Dr,Ashland,Kentucky,41102,Boyd,(270) 403-2765,Adult Day Care,116,KY58217,Barbara Martin,"[38.46648298644239, -82.6301440246103]",Kentucky Cabinet for Health and Family Services
198,Court Commons,1110 Pine Rd,Ashland,Kentucky,41101,Boyd,(859) 929-2134,Independent Living,36,KY94769,Elizabeth Lopez,"[38.46105415179332, -82.64316645441576]",Kentucky Cabinet for Health and Family Services
199,Ashland Senior Living,1347 Park Ave,Ashland,Kentucky,41105,Boyd,(859) 211-6592,Skilled Nursing Facility,52,KY14069,Donna Perez,"[38.477674559954714, -82.64027015323235]",Kentucky Cabinet for Health and Family Services
200,Magnolia Commons,5547 Oak Ave,Ashland,Kentucky,41105,Boyd,(859) 581-4233,Adult Day Care,150,KY92564,Karen Brown,"[38.47066160002859, -82.6554049503749]",Kentucky Cabinet for Health and Family Services
201,Heritage Gardens,8751 First St,Ashland,Kentucky,41105,Boyd,(859) 213-7672,Adult Day Care,149,KY35704,Charles Walker,"[38.46026155634602, -82.65447787431313]",Kentucky Cabinet for Health and Family Services
202,Ashland Center,4956 Second St,Ashland,Kentucky,41105,Boyd,(859) 271-2425,Independent Living,57,KY53651,Karen Anderson,"[38.4617050734139, -82.6442948098921]",Kentucky Cabinet for Health and Family Services
203,Ashland Court,2533 Second St,Ashland,Kentucky,41105,Boyd,(606) 867-2522,Adult Day Care,125,KY54702,Mary Jones,"[38.49462392515278, -82.6533063070956]",Kentucky Cabinet for Health and Family Services
204,Ashland Skilled Nursing,7149 Bourbon St,Ashland,Kentucky,41105,Boyd,(606) 908-7659,Continuing Care Retirement Community,49,KY39353,Thomas Clark,"[38.48869870307859, -82.62883968865616]",Kentucky Cabinet for Health and Family Services
205,Garden Place,9973 Kentucky Ave,Ashland,Kentucky,41105,Boyd,(502) 778-1562,Continuing Care Retirement Community,131,KY47696,Charles Martinez,"[38.473867218431295, -82.65121206526901]",Kentucky Cabinet for Health and Family Services
206,Golden Nursing Home,7186 Park Ave,Ashland,Kentucky,41102,Boyd,(270) 476-5206,Personal Care Home,174,KY59120,Sarah Hernandez,"[38.465651693226796, -82.65295379815969]",Kentucky Cabinet for Health and Family Services
207,Ashland Villa,209 First St,Ashland,Kentucky,41105,Boyd,(270) 601-5555,Continuing Care Retirement Community,164,KY50992,Daniel Walker,"[38.47428373870797, -82.65142890824335]",Kentucky Cabinet for Health and Family Services
208,Heritage Skilled Nursing,4712 Monroe St,Ashland,Kentucky,41105,Boyd,(270) 310-3600,Memory Care,99,KY55291,Betty Thomas,"[38.47284846440007, -82.62597446509795]",Kentucky Cabinet for Health and Family Services
209,Ashland Villa,3821 Main St,Ashland,Kentucky,41102,Boyd,(859) 779-8247,Skilled Nursing Facility,134,KY19806,Michael Anderson,"[38.46368047555769, -82.6542744325351]",Kentucky Cabinet for Health and Family Services
210,Kentucky Manor,5408 Third St,Ashland,Kentucky,41101,Boyd,(502) 434-9062,Independent Living,170,KY36372,David Wilson,"[38.48197972547185, -82.619267272882]",Kentucky Cabinet for Health and Family Services
211,Ashland Center,9318 Kentucky Ave,Ashland,Kentucky,41102,Boyd,(502) 778-3757,Assisted Living,122,KY87941,Elizabeth Lopez,"[38.49184054990448, -82.6513774622411]",Kentucky Cabinet for Health and Family Services
212,Magnolia Memory Care,3495 Second St,Ashland,Kentucky,41101,Boyd,(364) 813-5346,Independent Living,168,KY12646,Sarah Lee,"[38.474599620781795, -82.63480360600659]",Kentucky Cabinet for Health and Family Services
213,Heritage Nursing Home,5889 Cedar Ln,Ashland,Kentucky,41105,Boyd,(502) 890-4353,Memory Care,176,KY50588,Richard Lee,"[38.481213514050694, -82.62441782479932]",Kentucky Cabinet for Health and Family Services
214,Garden Manor,8652 Third St,Ashland,Kentucky,41102,Boyd,(502) 260-9955,Adult Day Care,127,KY32194,Barbara Thomas,"[38.49692073595615, -82.63510814410795]",Kentucky Cabinet for Health and Family Services
215,Manor Manor,5095 Third St,Ashland,Kentucky,41102,Boyd,(502) 950-2436,Continuing Care Retirement Community,59,KY74561,Thomas Lee,"[38.47396842211353, -82.6539129014845]",Kentucky Cabinet for Health and Family Services
216,Place Court,9520 Mill St,Madisonville,Kentucky,42431,Hopkins,(270) 453-7857,Adult Day Care,35,KY64149,Matthew Taylor,"[37.31077721326428, -87.4797323237788]",Kentucky Cabinet for Health and Family Services
217,Garden Senior Living,3925 Maple Dr,Madisonville,Kentucky,42431,Hopkins,(270) 380-1265,Skilled Nursing Facility,119,KY42847,John Smith,"[37.31587078126038, -87.48462538600091]",Kentucky Cabinet for Health and Family Services
218,Pine Memory Care,1838 Bluegrass Blvd,Madisonville,Kentucky,42431,Hopkins,(270) 940-5355,Adult Day Care,88,KY61578,John Jackson,"[37.33295935857702, -87.48973267514684]",Kentucky Cabinet for Health and Family Services
219,Madisonville Gardens,1802 Mill St,Madisonville,Kentucky,42431,Hopkins,(859) 832-7237,Continuing Care Retirement Community,175,KY84275,Elizabeth Hernandez,"[37.34645717543438, -87.49070335219602]",Kentucky Cabinet for Health and Family Services
220,Golden Villa,4036 Second St,Madisonville,Kentucky,42431,Hopkins,(859) 693-6824,Adult Day Care,141,KY22047,Mary Miller,"[37.33321590489374, -87.51616357015756]",Kentucky Cabinet for Health and Family Services
221,Madisonville Villa,5220 Park Ave,Madisonville,Kentucky,42431,Hopkins,(859) 820-4481,Adult Day Care,120,KY78443,Sarah Martin,"[37.32511909281334, -87.51579479721943]",Kentucky Cabinet for Health and Family Services
222,Magnolia Retirement Community,4920 Horse Park Rd,Madisonville,Kentucky,42431,Hopkins,(859) 403-4087,Assisted Living,100,KY92017,Barbara Lopez,"[37.34497684590433, -87.49225405179234]",Kentucky Cabinet for Health and Family Services
223,Heritage Manor,4859 Cedar Ln,Madisonville,Kentucky,42431,Hopkins,(859) 403-8339,Assisted Living,129,KY15756,Michael Ramirez,"[37.3252402540295, -87.50638507715699]",Kentucky Cabinet for Health and Family Services
224,Golden Center,8253 Park Ave,Madisonville,Kentucky,42431,Hopkins,(606) 775-1041,Continuing Care Retirement Community,78,KY63076,John Hernandez,"[37.33951777516288, -87.48788375200556]",Kentucky Cabinet for Health and Family Services
225,Thoroughbred Commons,7316 Third St,Madisonville,Kentucky,42431,Hopkins,(364) 401-2932,Adult Day Care,122,KY84932,Sandra Lewis,"[37.3382297980357, -87.49478048302191]",Kentucky Cabinet for Health and Family Services
226,Murray Retirement Community,7567 Madison Rd,Murray,Kentucky,42071,Calloway,(364) 289-4783,Personal Care Home,35,KY76122,Donna Lewis,"[36.61242172096373, -88.32894113520508]",Kentucky Cabinet for Health and Family Services
227,Murray Gardens,935 Mill St,Murray,Kentucky,42071,Calloway,(364) 560-8595,Assisted Living,128,KY22711,Nancy Lopez,"[36.62977906805707, -88.29555293662102]",Kentucky Cabinet for Health and Family Services
228,Magnolia Place,4662 Lincoln Ave,Murray,Kentucky,42071,Calloway,(606) 901-1128,Adult Day Care,61,KY51371,Thomas Martin,"[36.59157546093563, -88.31221718202917]",Kentucky Cabinet for Health and Family Services
229,Hillside Villa,8480 Church St,Murray,Kentucky,42071,Calloway,(859) 989-8081,Skilled Nursing Facility,154,KY37024,Donna Lopez,"[36.61633822245307, -88.334395483401]",Kentucky Cabinet for Health and Family Services
230,Kentucky Health Care,3032 Cedar Ln,Murray,Kentucky,42071,Calloway,(364) 560-6219,Skilled Nursing Facility,51,KY53787,Barbara Robinson,"[36.60172415041605, -88.32257260009831]",Kentucky Cabinet for Health and Family Services
231,Maple Gardens,991 Cedar Ln,Murray,Kentucky,42071,Calloway,(270) 976-8669,Independent Living,143,KY53636,William Robinson,"[36.61869073206308, -88.3273364657961]",Kentucky Cabinet for Health and Family Services
232,Manor Villa,1092 Third St,Murray,Kentucky,42071,Calloway,(859) 863-9871,Personal Care Home,109,KY10890,Richard Robinson,"[36.605969863259666, -88.31501597955769]",Kentucky Cabinet for Health and Family Services
233,Magnolia Nursing Home,8116 Bluegrass Blvd,Murray,Kentucky,42071,Calloway,(502) 274-6905,Continuing Care Retirement Community,117,KY45332,Sandra Gonzalez,"[36.59616615208874, -88.3226712272252]",Kentucky Cabinet for Health and Family Services
234,Murray Court,8366 Mill St,Murray,Kentucky,42071,Calloway,(859) 557-6307,Independent Living,118,KY45277,Nancy Jackson,"[36.615293940176116, -88.33300695079335]",Kentucky Cabinet for Health and Family Services
235,Garden Nursing Home,9519 Park Ave,Murray,Kentucky,42071,Calloway,(364) 880-9163,Adult Day Care,47,KY44568,Sandra Lopez,"[36.60764245515711, -88.30702857970948]",Kentucky Cabinet for Health and Family Services
236,Magnolia Assisted Living,1722 Elm St,Murray,Kentucky,42071,Calloway,(859) 272-6396,Independent Living,33,KY49583,Robert Anderson,"[36.59607426915487, -88.30574574029488]",Kentucky Cabinet for Health and Family Services
237,Court Nursing Home,6034 Maple Dr,Danville,Kentucky,40422,Boyle,(606) 378-4234,Independent Living,47,KY44095,Sarah Thomas,"[37.66237495017046, -84.76131385120262]",Kentucky Cabinet for Health and Family Services
238,Danville Senior Living,8961 Park Ave,Danville,Kentucky,40423,Boyle,(859) 770-8622,Assisted Living,96,KY71121,Thomas Walker,"[37.636723432159975, -84.78709144046329]",Kentucky Cabinet for Health and Family Services
239,Place Commons,3771 Monroe St,Danville,Kentucky,40423,Boyle,(859) 760-3629,Adult Day Care,133,KY14568,John Martinez,"[37.65688435784866, -84.7877667241282]",Kentucky Cabinet for Health and Family Services
240,Maple Gardens,707 Monroe St,Danville,Kentucky,40422,Boyle,(502) 470-1328,Independent Living,37,KY89043,Helen Lopez,"[37.65768266492417, -84.7827215736818]",Kentucky Cabinet for Health and Family Services
241,Golden Skilled Nursing,7218 Madison Rd,Danville,Kentucky,40423,Boyle,(859) 548-5518,Continuing Care Retirement Community,139,KY87014,James Miller,"[37.64097064724533, -84.76135330645478]",Kentucky Cabinet for Health and Family Services
242,Bluegrass Senior Living,1488 Cedar Ln,Danville,Kentucky,40422,Boyle,(364) 927-3043,Continuing Care Retirement Community,46,KY77089,Mary Thomas,"[37.651089500447114, -84.78662102752571]",Kentucky Cabinet for Health and Family Services
243,Danville Commons,9832 Main St,Danville,Kentucky,40423,Boyle,(270) 716-9693,Continuing Care Retirement Community,165,KY99774,John Walker,"[37.62947075421255, -84.78788531817585]",Kentucky Cabinet for Health and Family Services
244,Sunset Court,5341 Second St,Danville,Kentucky,40422,Boyle,(859) 765-5768,Adult Day Care,178,KY92548,Helen Sanchez,"[37.6325931230389, -84.77856457766737]",Kentucky Cabinet for Health and Family Services
245,Danville Assisted Living,4039 Madison Rd,Danville,Kentucky,40422,Boyle,(270) 646-9070,Personal Care Home,92,KY86176,Susan Rodriguez,"[37.63006619154169, -84.75516328641866]",Kentucky Cabinet for Health and Family Services
246,Thoroughbred Retirement Community,4344 Park Ave,Danville,Kentucky,40423,Boyle,(502) 295-1933,Skilled Nursing Facility,42,KY14790,Donald Gonzalez,"[37.66236790906645, -84.77047544750161]",Kentucky Cabinet for Health and Family Services
247,Meadow Memory Care,8501 First St,Danville,Kentucky,40423,Boyle,(270) 903-2259,Skilled Nursing Facility,116,KY28960,Richard Martin,"[37.660819878433294, -84.76174667078868]",Kentucky Cabinet for Health and Family Services
248,Riverside Nursing Home,7637 Horse Park Rd,Danville,Kentucky,40423,Boyle,(502) 928-3489,Independent Living,120,KY55318,David Perez,"[37.639178734458724, -84.75786845513977]",Kentucky Cabinet for Health and Family Services
249,Bluegrass Health Care,9427 Monroe St,Danville,Kentucky,40423,Boyle,(270) 518-6235,Skilled Nursing Facility,99,KY72898,Daniel Perez,"[37.62924790013485, -84.7640179089278]",Kentucky Cabinet for Health and Family Services
250,Oak Villa,3300 Oak Ave,Danville,Kentucky,40422,Boyle,(502) 912-4637,Personal Care Home,59,KY40360,John Johnson,"[37.64410731838975, -84.77335799634191]",Kentucky Cabinet for Health and Family Services
251,Danville Commons,5075 Jefferson Dr,Danville,Kentucky,40422,Boyle,(364) 531-3771,Memory Care,54,KY76587,William Martinez,"[37.65512781858098, -84.7722481415594]",Kentucky Cabinet for Health and Family Services
252,Kentucky Assisted Living,9840 Cedar Ln,Danville,Kentucky,40423,Boyle,(270) 371-9286,Memory Care,54,KY92643,Robert Thompson,"[37.62875135839454, -84.78653405558538]",Kentucky Cabinet for Health and Family Services
253,Thoroughbred Place,8988 Derby Dr,Danville,Kentucky,40423,Boyle,(364) 627-8662,Adult Day Care,179,KY29455,Sandra Perez,"[37.65175194111502, -84.7528944775129]",Kentucky Cabinet for Health and Family Services
254,Danville Center,7360 Maple Dr,Danville,Kentucky,40422,Boyle,(859) 925-5796,Memory Care,156,KY88841,Helen Martinez,"[37.65283063766055, -84.77918545629902]",Kentucky Cabinet for Health and Family Services
255,Garden Retirement Community,488 Elm St,Radcliff,Kentucky,40160,Hardin,(606) 607-1369,Continuing Care Retirement Community,113,KY84656,Matthew Jackson,"[37.82757986733051, -85.96936306598579]",Kentucky Cabinet for Health and Family Services
256,Heritage Commons,3989 Mill St,Radcliff,Kentucky,40160,Hardin,(502) 934-5161,Assisted Living,52,KY83419,John Ramirez,"[37.82134593359786, -85.94421615277975]",Kentucky Cabinet for Health and Family Services
257,Court Gardens,3881 Monroe St,Radcliff,Kentucky,40160,Hardin,(859) 225-7280,Memory Care,48,KY43132,Matthew Robinson,"[37.84855402236577, -85.9379062697364]",Kentucky Cabinet for Health and Family Services
258,Radcliff Nursing Home,4754 Maple Dr,Radcliff,Kentucky,40160,Hardin,(502) 731-3461,Adult Day Care,151,KY42254,John Gonzalez,"[37.83053160274314, -85.94099754893308]",Kentucky Cabinet for Health and Family Services
259,Radcliff Retirement Community,426 Church St,Radcliff,Kentucky,40160,Hardin,(606) 441-6217,Adult Day Care,127,KY16336,Helen Hernandez,"[37.84665453845253, -85.96735514081826]",Kentucky Cabinet for Health and Family Services
260,Riverside Villa,2968 Oak Ave,Radcliff,Kentucky,40160,Hardin,(606) 225-8237,Adult Day Care,74,KY96774,Donald Perez,"[37.83095223733419, -85.93839641563528]",Kentucky Cabinet for Health and Family Services
261,Magnolia Assisted Living,8074 Derby Dr,Radcliff,Kentucky,40160,Hardin,(859) 716-5259,Memory Care,90,KY84417,Anthony Harris,"[37.82077842962151, -85.95134382673925]",Kentucky Cabinet for Health and Family Services
262,Bluegrass Retirement Community,6662 Kentucky Ave,Radcliff,Kentucky,40160,Hardin,(270) 468-8474,Continuing Care Retirement Community,159,KY64162,Donna Thomas,"[37.848029663877696, -85.95886757158354]",Kentucky Cabinet for Health and Family Services
263,Magnolia Skilled Nursing,2400 Oak Ave,Radcliff,Kentucky,40160,Hardin,(502) 582-3324,Continuing Care Retirement Community,51,KY48108,Donna Martin,"[37.8417260560645, -85.96043505609349]",Kentucky Cabinet for Health and Family Services
264,Golden Gardens,4338 Elm St,Radcliff,Kentucky,40160,Hardin,(606) 958-8881,Skilled Nursing Facility,84,KY52762,Betty Miller,"[37.834604909821046, -85.9576457569047]",Kentucky Cabinet for Health and Family Services
265,Radcliff Place,5140 Monroe St,Radcliff,Kentucky,40160,Hardin,(364) 380-7458,Independent Living,121,KY44177,Elizabeth Davis,"[37.839955450532784, -85.9692416130721]",Kentucky Cabinet for Health and Family Services
266,Bourbon Place,8301 Third St,Radcliff,Kentucky,40160,Hardin,(859) 457-4309,Independent Living,124,KY59747,Patricia Garcia,"[37.846503782687556, -85.9580683970861]",Kentucky Cabinet for Health and Family Services
267,Golden Gardens,2133 Elm St,Radcliff,Kentucky,40160,Hardin,(606) 879-6517,Memory Care,180,KY53760,Nancy Perez,"[37.839739170015534, -85.95499505001065]",Kentucky Cabinet for Health and Family Services
268,Radcliff Retirement Community,4814 Derby Dr,Radcliff,Kentucky,40160,Hardin,(859) 492-1475,Personal Care Home,103,KY64622,Betty Johnson,"[37.821052991027, -85.93116361457221]",Kentucky Cabinet for Health and Family Services
269,Manor Memory Care,8620 Derby Dr,Radcliff,Kentucky,40160,Hardin,(364) 893-2272,Skilled Nursing Facility,120,KY78737,Matthew Rodriguez,"[37.856440442244896, -85.9658207298537]",Kentucky Cabinet for Health and Family Services
270,Maple Retirement Community,8476 Derby Dr,Radcliff,Kentucky,40160,Hardin,(364) 345-3478,Adult Day Care,38,KY80695,Elizabeth Thomas,"[37.838759241164695, -85.93249313696148]",Kentucky Cabinet for Health and Family Services
271,Radcliff Commons,2710 Park Ave,Radcliff,Kentucky,40160,Hardin,(502) 587-7144,Adult Day Care,55,KY91203,Jennifer Moore,"[37.84944940567197, -85.94581086298648]",Kentucky Cabinet for Health and Family Services
272,Hillside Assisted Living,5996 Church St,Radcliff,Kentucky,40160,Hardin,(859) 295-8567,Continuing Care Retirement Community,163,KY57719,Donald Lopez,"[37.83510819846421, -85.93226844350384]",Kentucky Cabinet for Health and Family Services
273,Valley Assisted Living,2953 Oak Ave,Middlesboro,Kentucky,40965,Bell,(502) 467-8153,Assisted Living,102,KY55376,Lisa Sanchez,"[36.617288764072676, -83.71662992858971]",Kentucky Cabinet for Health and Family Services
274,Middlesboro Villa,4011 Bluegrass Blvd,Middlesboro,Kentucky,40965,Bell,(502) 628-8976,Continuing Care Retirement Community,67,KY76670,Susan White,"[36.621427886638706, -83.69773559654472]",Kentucky Cabinet for Health and Family Services
275,Middlesboro Center,3741 Park Ave,Middlesboro,Kentucky,40965,Bell,(859) 805-7069,Personal Care Home,114,KY84929,Joseph Martinez,"[36.624336333145756, -83.73017234334692]",Kentucky Cabinet for Health and Family Services
276,Manor Health Care,3741 Church St,Middlesboro,Kentucky,40965,Bell,(502) 948-2420,Continuing Care Retirement Community,89,KY28032,Richard Anderson,"[36.59226818687144, -83.71898322212233]",Kentucky Cabinet for Health and Family Services
277,Kentucky Nursing Home,1793 Mill St,Middlesboro,Kentucky,40965,Bell,(502) 764-7584,Skilled Nursing Facility,112,KY26147,Anthony Lee,"[36.59565886760342, -83.72922736500888]",Kentucky Cabinet for Health and Family Services
278,Valley Place,1402 Bourbon St,Middlesboro,Kentucky,40965,Bell,(502) 613-3552,Adult Day Care,98,KY31913,Michael Johnson,"[36.59938777383498, -83.71411891825761]",Kentucky Cabinet for Health and Family Services
279,Bluegrass Manor,6391 Main St,Middlesboro,Kentucky,40965,Bell,(364) 870-3190,Memory Care,46,KY44927,Mary Thompson,"[36.61666926370751, -83.73426910725406]",Kentucky Cabinet for Health and Family Services
280,Middlesboro Senior Living,3414 Church St,Middlesboro,Kentucky,40965,Bell,(606) 383-3020,Memory Care,103,KY50325,Charles Jackson,"[36.62532055891971, -83.70685337413168]",Kentucky Cabinet for Health and Family Services
281,Place Memory Care,264 Horse Park Rd,Middlesboro,Kentucky,40965,Bell,(606) 498-1886,Assisted Living,114,KY93323,Sandra Anderson,"[36.623989280615554, -83.72737669111872]",Kentucky Cabinet for Health and Family Services
282,Oak Nursing Home,5839 Bourbon St,Middlesboro,Kentucky,40965,Bell,(270) 971-2580,Skilled Nursing Facility,156,KY21884,Donald Taylor,"[36.604416278093154, -83.73069356136818]",Kentucky Cabinet for Health and Family Services
283,Middlesboro Manor,5489 Elm St,Middlesboro,Kentucky,40965,Bell,(606) 299-9148,Memory Care,147,KY18997,William Clark,"[36.59743398802864, -83.70052526742039]",Kentucky Cabinet for Health and Family Services
284,Valley Assisted Living,6504 Mill St,Middlesboro,Kentucky,40965,Bell,(859) 491-8355,Assisted Living,42,KY26317,Nancy Thompson,"[36.59933650312923, -83.70966827976885]",Kentucky Cabinet for Health and Family Services
285,Place Retirement Community,9523 Lincoln Ave,Middlesboro,Kentucky,40965,Bell,(270) 329-5614,Adult Day Care,96,KY14816,Jennifer Anderson,"[36.60176196934203, -83.70114190355939]",Kentucky Cabinet for Health and Family Services
286,Meadow Memory Care,6038 Derby Dr,Middlesboro,Kentucky,40965,Bell,(502) 497-5206,Personal Care Home,83,KY36169,Mary Lewis,"[36.59290434797539, -83.73073543596371]",Kentucky Cabinet for Health and Family Services
287,Middlesboro Place,4160 Main St,Middlesboro,Kentucky,40965,Bell,(502) 688-6358,Assisted Living,136,KY43777,Robert Garcia,"[36.62002599019664, -83.73494175772205]",Kentucky Cabinet for Health and Family Services
288,Maple Memory Care,5315 Pine Rd,Middlesboro,Kentucky,40965,Bell,(270) 226-5243,Assisted Living,48,KY98681,Joseph Ramirez,"[36.6021276312668, -83.7279050301476]",Kentucky Cabinet for Health and Family Services
289,Middlesboro Place,5196 Mill St,Middlesboro,Kentucky,40965,Bell,(606) 753-5977,Memory Care,120,KY44812,Robert Gonzalez,"[36.61418790251785, -83.71236337363648]",Kentucky Cabinet for Health and Family Services
290,Place Senior Living,1682 Cedar Ln,Mayfield,Kentucky,42066,Graves,(502) 540-9719,Adult Day Care,162,KY76331,James Gonzalez,"[36.756285476861386, -88.63037864272482]",Kentucky Cabinet for Health and Family Services
291,Golden Manor,6213 Bluegrass Blvd,Mayfield,Kentucky,42066,Graves,(606) 359-3735,Adult Day Care,57,KY36423,Barbara Martinez,"[36.754591244693884, -88.63503671284032]",Kentucky Cabinet for Health and Family Services
292,Manor Place,9812 Park Ave,Mayfield,Kentucky,42066,Graves,(606) 340-1002,Skilled Nursing Facility,50,KY67954,David Ramirez,"[36.75720433246238, -88.63814305421081]",Kentucky Cabinet for Health and Family Services
293,Garden Place,7825 Second St,Mayfield,Kentucky,42066,Graves,(859) 427-5179,Memory Care,47,KY68148,Susan Anderson,"[36.73300240599729, -88.6373114015582]",Kentucky Cabinet for Health and Family Services
294,Valley Center,2891 Maple Dr,Mayfield,Kentucky,42066,Graves,(502) 578-2104,Personal Care Home,157,KY11978,Robert Johnson,"[36.74406273495557, -88.63245699084797]",Kentucky Cabinet for Health and Family Services
295,Garden Memory Care,3278 Jefferson Dr,Mayfield,Kentucky,42066,Graves,(606) 633-9832,Skilled Nursing Facility,82,KY85297,Matthew Robinson,"[36.752366975806304, -88.62624249035396]",Kentucky Cabinet for Health and Family Services
296,Thoroughbred Commons,1198 Oak Ave,Mayfield,Kentucky,42066,Graves,(270) 396-9205,Independent Living,47,KY54438,Robert Lee,"[36.75314419542962, -88.65032435214668]",Kentucky Cabinet for Health and Family Services
297,Hillside Court,1623 First St,Mayfield,Kentucky,42066,Graves,(364) 561-1259,Memory Care,54,KY96631,Lisa Martin,"[36.733494824509506, -88.63775887002883]",Kentucky Cabinet for Health and Family Services
298,Golden Commons,4052 Third St,Mayfield,Kentucky,42066,Graves,(606) 313-1586,Skilled Nursing Facility,170,KY98978,Michael Lee,"[36.726441021959964, -88.6251934306911]",Kentucky Cabinet for Health and Family Services
299,Mayfield Center,4291 Mill St,Mayfield,Kentucky,42066,Graves,(270) 264-4449,Memory Care,180,KY60752,Joseph Robinson,"[36.75505022397239, -88.65282065554182]",Kentucky Cabinet for Health and Family Services
300,Mayfield Health Care,2164 Washington St,Mayfield,Kentucky,42066,Graves,(364) 429-4286,Personal Care Home,89,KY46705,Sarah Lee,"[36.735195357421574, -88.65271192617026]",Kentucky Cabinet for Health and Family Services
301,Oak Manor,1253 Church St,Mayfield,Kentucky,42066,Graves,(606) 214-1833,Skilled Nursing Facility,101,KY80798,Jennifer Lee,"[36.75221070670056, -88.63202697966456]",Kentucky Cabinet for Health and Family Services
302,Place Center,2360 Oak Ave,Mayfield,Kentucky,42066,Graves,(606) 604-3100,Independent Living,153,KY12843,Anthony Clark,"[36.74043694794215, -88.64792387984332]",Kentucky Cabinet for Health and Family Services
303,Mayfield Commons,2063 Madison Rd,Mayfield,Kentucky,42066,Graves,(859) 350-4939,Personal Care Home,156,KY90647,Helen Clark,"[36.74373530674448, -88.6383473887439]",Kentucky Cabinet for Health and Family Services
304,Derby Gardens,9181 Main St,Mayfield,Kentucky,42066,Graves,(859) 439-8460,Memory Care,62,KY33478,Donald Miller,"[36.76169005886112, -88.62648940746926]",Kentucky Cabinet for Health and Family Services
305,Derby Court,8045 Horse Park Rd,Mayfield,Kentucky,42066,Graves,(270) 464-2913,Personal Care Home,41,KY64143,Anthony White,"[36.73830498040742, -88.62728533961948]",Kentucky Cabinet for Health and Family Services
306,Hillside Gardens,1356 Washington St,Mayfield,Kentucky,42066,Graves,(364) 432-4860,Memory Care,131,KY46348,Patricia Wilson,"[36.74387865663111, -88.62127776168697]",Kentucky Cabinet for Health and Family Services
307,Mayfield Retirement Community,1147 Monroe St,Mayfield,Kentucky,42066,Graves,(606) 783-5736,Memory Care,52,KY16093,Thomas Garcia,"[36.747683565191686, -88.62005612990205]",Kentucky Cabinet for Health and Family Services
308,Manor Gardens,7476 Elm St,Mayfield,Kentucky,42066,Graves,(364) 301-4545,Adult Day Care,114,KY44013,Michael Robinson,"[36.76026459883918, -88.64610963461696]",Kentucky Cabinet for Health and Family Services
309,Mayfield Place,5869 Park Ave,Mayfield,Kentucky,42066,Graves,(502) 253-9661,Continuing Care Retirement Community,36,KY56253,Sarah Jackson,"[36.75936678364613, -88.63006891189761]",Kentucky Cabinet for Health and Family Services
310,Mayfield Skilled Nursing,465 Monroe St,Mayfield,Kentucky,42066,Graves,(364) 386-5792,Memory Care,25,KY64602,Matthew Wilson,"[36.750059736486506, -88.62341511402633]",Kentucky Cabinet for Health and Family Services
311,Court Retirement Community,622 Bluegrass Blvd,Mayfield,Kentucky,42066,Graves,(859) 855-1898,Memory Care,45,KY37208,Sandra Rodriguez,"[36.74851407493063, -88.62900559689571]",Kentucky Cabinet for Health and Family Services
312,Mayfield Skilled Nursing,8907 Kentucky Ave,Mayfield,Kentucky,42066,Graves,(502) 262-6362,Assisted Living,171,KY76367,Jennifer Hernandez,"[36.73749557446362, -88.65560587153546]",Kentucky Cabinet for Health and Family Services
313,Golden Manor,4377 Kentucky Ave,Bardstown,Kentucky,40004,Nelson,(606) 365-7300,Memory Care,46,KY56234,Charles Taylor,"[37.81794583909328, -85.45097724740995]",Kentucky Cabinet for Health and Family Services
314,Kentucky Place,4896 First St,Bardstown,Kentucky,40004,Nelson,(364) 270-2211,Personal Care Home,103,KY55887,Donald Rodriguez,"[37.81616636800512, -85.44963490310302]",Kentucky Cabinet for Health and Family Services
315,Thoroughbred Court,3323 Elm St,Bardstown,Kentucky,40004,Nelson,(270) 360-2709,Adult Day Care,79,KY14601,Charles Hernandez,"[37.805871355746184, -85.45930141666697]",Kentucky Cabinet for Health and Family Services
316,Manor Place,5053 Washington St,Bardstown,Kentucky,40004,Nelson,(364) 358-5957,Continuing Care Retirement Community,125,KY74335,Donald Martin,"[37.79597555287403, -85.44823563642198]",Kentucky Cabinet for Health and Family Services
317,Bardstown Court,8179 Pine Rd,Bardstown,Kentucky,40004,Nelson,(606) 392-8041,Continuing Care Retirement Community,113,KY33398,Betty Clark,"[37.81433409029559, -85.46373723671563]",Kentucky Cabinet for Health and Family Services
318,Bluegrass Manor,4305 First St,Bardstown,Kentucky,40004,Nelson,(364) 208-6309,Assisted Living,110,KY48176,Betty Jackson,"[37.82061094967836, -85.46891882102884]",Kentucky Cabinet for Health and Family Services
319,Hillside Court,9742 Pine Rd,Bardstown,Kentucky,40004,Nelson,(502) 280-4965,Continuing Care Retirement Community,131,KY18694,David Lewis,"[37.814247352144974, -85.47844483587652]",Kentucky Cabinet for Health and Family Services
320,Bardstown Villa,5957 Kentucky Ave,Bardstown,Kentucky,40004,Nelson,(364) 588-8522,Continuing Care Retirement Community,113,KY90814,Christopher Lewis,"[37.80891328406379, -85.47638172101703]",Kentucky Cabinet for Health and Family Services
321,Meadow Nursing Home,8990 First St,Bardstown,Kentucky,40004,Nelson,(270) 604-7677,Assisted Living,71,KY52939,Susan Brown,"[37.792987390738034, -85.46213932532855]",Kentucky Cabinet for Health and Family Services
322,Thoroughbred Memory Care,5733 Monroe St,Bardstown,Kentucky,40004,Nelson,(502) 903-7259,Assisted Living,164,KY11871,Thomas Thompson,"[37.811051410701076, -85.4558143000725]",Kentucky Cabinet for Health and Family Services
323,Somerset Court,7061 Church St,Somerset,Kentucky,42503,Pulaski,(859) 558-1434,Assisted Living,152,KY81492,Sarah Clark,"[37.07969862558688, -84.60134544779247]",Kentucky Cabinet for Health and Family Services
324,Kentucky Place,892 Church St,Somerset,Kentucky,42503,Pulaski,(270) 477-1225,Adult Day Care,105,KY35848,Jennifer Robinson,"[37.10054976200975, -84.61105696841399]",Kentucky Cabinet for Health and Family Services
325,Somerset Manor,5610 Mill St,Somerset,Kentucky,42501,Pulaski,(606) 342-4068,Personal Care Home,79,KY12818,David Miller,"[37.102479098636266, -84.58551909852507]",Kentucky Cabinet for Health and Family Services
326,Somerset Court,3865 Maple Dr,Somerset,Kentucky,42503,Pulaski,(502) 768-2103,Memory Care,168,KY54511,Patricia Smith,"[37.096932383121754, -84.6022233676626]",Kentucky Cabinet for Health and Family Services
327,Derby Health Care,2441 Elm St,Somerset,Kentucky,42501,Pulaski,(859) 202-2812,Personal Care Home,166,KY98970,Betty Moore,"[37.072996120176064, -84.6169209711391]",Kentucky Cabinet for Health and Family Services
328,Somerset Nursing Home,4954 Washington St,Somerset,Kentucky,42501,Pulaski,(859) 256-8240,Adult Day Care,81,KY35163,Mary Wilson,"[37.103792544497395, -84.59684130569039]",Kentucky Cabinet for Health and Family Services
329,Somerset Skilled Nursing,3076 Bluegrass Blvd,Somerset,Kentucky,42501,Pulaski,(606) 447-4426,Continuing Care Retirement Community,69,KY37565,John Johnson,"[37.076838610279914, -84.58535127105556]",Kentucky Cabinet for Health and Family Services
330,Riverside Place,4280 Oak Ave,Somerset,Kentucky,42501,Pulaski,(364) 432-2768,Skilled Nursing Facility,85,KY60945,Mary Johnson,"[37.07883259738469, -84.60814705279228]",Kentucky Cabinet for Health and Family Services
331,Somerset Gardens,2236 Lincoln Ave,Somerset,Kentucky,42501,Pulaski,(859) 262-6639,Personal Care Home,161,KY29642,Lisa Ramirez,"[37.10236756723389, -84.6113303402716]",Kentucky Cabinet for Health and Family Services
332,Court Manor,7621 Madison Rd,Somerset,Kentucky,42503,Pulaski,(270) 978-7117,Skilled Nursing Facility,43,KY91692,Karen White,"[37.07605678214734, -84.58484135221872]",Kentucky Cabinet for Health and Family Services
333,Magnolia Retirement Community,8007 Madison Rd,Somerset,Kentucky,42501,Pulaski,(270) 431-1877,Independent Living,160,KY20242,Mary Ramirez,"[37.09575277620431, -84.58854555476483]",Kentucky Cabinet for Health and Family Services
334,Somerset Center,8001 Bluegrass Blvd,Somerset,Kentucky,42501,Pulaski,(502) 495-6200,Memory Care,114,KY24355,Helen Sanchez,"[37.10614311120552, -84.615563270228]",Kentucky Cabinet for Health and Family Services
335,Somerset Center,7419 Monroe St,Somerset,Kentucky,42501,Pulaski,(364) 220-9868,Skilled Nursing Facility,123,KY85555,Nancy Jackson,"[37.10074506038326, -84.60357389083256]",Kentucky Cabinet for Health and Family Services
336,Bluegrass Assisted Living,1424 Monroe St,Somerset,Kentucky,42503,Pulaski,(606) 357-2418,Independent Living,168,KY96751,Patricia Clark,"[37.076746865669534, -84.59446210519188]",Kentucky Cabinet for Health and Family Services
337,Somerset Retirement Community,266 Elm St,Somerset,Kentucky,42501,Pulaski,(270) 498-2923,Adult Day Care,131,KY75679,Sandra White,"[37.11124720338541, -84.61276603222149]",Kentucky Cabinet for Health and Family Services
338,Kentucky Retirement Community,1668 Church St,Somerset,Kentucky,42503,Pulaski,(270) 726-4348,Assisted Living,124,KY43704,Jennifer Thomas,"[37.08516109126245, -84.62138191706916]",Kentucky Cabinet for Health and Family Services
339,Somerset Health Care,8133 Maple Dr,Somerset,Kentucky,42503,Pulaski,(606) 719-5600,Memory Care,67,KY98113,Sarah Thomas,"[37.1100367526893, -84.6028655100295]",Kentucky Cabinet for Health and Family Services
340,Golden Place,2788 Washington St,Somerset,Kentucky,42503,Pulaski,(859) 596-2056,Skilled Nursing Facility,132,KY84064,Helen Martinez,"[37.10157865074205, -84.61799084943071]",Kentucky Cabinet for Health and Family Services
341,Pine Villa,1301 Jefferson Dr,Somerset,Kentucky,42501,Pulaski,(859) 270-5408,Adult Day Care,111,KY91545,Donna Garcia,"[37.0823321076073, -84.60292470629341]",Kentucky Cabinet for Health and Family Services
342,Meadow Place,5285 Maple Dr,Somerset,Kentucky,42503,Pulaski,(364) 595-3997,Memory Care,81,KY71420,Anthony Johnson,"[37.107436609410136, -84.58475173167574]",Kentucky Cabinet for Health and Family Services
343,Riverside Manor,1897 Bluegrass Blvd,Somerset,Kentucky,42501,Pulaski,(364) 516-3868,Continuing Care Retirement Community,128,KY33310,Elizabeth Garcia,"[37.09280172666692, -84.59604967210392]",Kentucky Cabinet for Health and Family Services
344,Campbellsville Commons,2918 Jefferson Dr,Campbellsville,Kentucky,42718,Taylor,(270) 718-3504,Memory Care,40,KY26332,Elizabeth Smith,"[37.35281003141209, -85.33530280112532]",Kentucky Cabinet for Health and Family Services
345,Bourbon Nursing Home,9334 Mill St,Campbellsville,Kentucky,42718,Taylor,(502) 802-1852,Continuing Care Retirement Community,114,KY33438,Matthew White,"[37.33805779354648, -85.35438611051407]",Kentucky Cabinet for Health and Family Services
346,Thoroughbred Gardens,2902 Mill St,Campbellsville,Kentucky,42718,Taylor,(502) 554-4798,Skilled Nursing Facility,133,KY69205,Linda Wilson,"[37.33359169866261, -85.35781094108971]",Kentucky Cabinet for Health and Family Services
347,Maple Commons,6254 Cedar Ln,Campbellsville,Kentucky,42718,Taylor,(606) 328-9604,Independent Living,73,KY53309,Robert Thomas,"[37.34897531549949, -85.34898502985884]",Kentucky Cabinet for Health and Family Services
348,Maple Court,9485 Monroe St,Campbellsville,Kentucky,42718,Taylor,(270) 973-3034,Independent Living,148,KY96587,Sandra Anderson,"[37.32365291936776, -85.33058277810724]",Kentucky Cabinet for Health and Family Services
349,Meadow Place,9736 Horse Park Rd,Campbellsville,Kentucky,42718,Taylor,(364) 247-9426,Assisted Living,136,KY30273,Jessica Walker,"[37.357662502841414, -85.35646086336433]",Kentucky Cabinet for Health and Family Services
350,Maple Villa,6245 Bourbon St,Campbellsville,Kentucky,42718,Taylor,(364) 302-6453,Memory Care,46,KY78787,Michael Perez,"[37.349066907338184, -85.3610664714836]",Kentucky Cabinet for Health and Family Services
351,Meadow Retirement Community,8215 Horse Park Rd,Campbellsville,Kentucky,42718,Taylor,(502) 861-5055,Skilled Nursing Facility,37,KY35056,Patricia Robinson,"[37.36046246774612, -85.34173543602293]",Kentucky Cabinet for Health and Family Services
352,Campbellsville Nursing Home,5014 Pine Rd,Campbellsville,Kentucky,42718,Taylor,(859) 846-2689,Independent Living,148,KY83316,Helen Lewis,"[37.35052680063272, -85.33345494170989]",Kentucky Cabinet for Health and Family Services
353,Campbellsville Nursing Home,5848 Madison Rd,Campbellsville,Kentucky,42718,Taylor,(270) 542-4224,Continuing Care Retirement Community,159,KY44230,Daniel Taylor,"[37.356330537560176, -85.3409158287649]",Kentucky Cabinet for Health and Family Services
354,Place Nursing Home,4956 Lincoln Ave,Campbellsville,Kentucky,42718,Taylor,(270) 425-8684,Memory Care,156,KY83592,Christopher Davis,"[37.35025749409837, -85.35436507711721]",Kentucky Cabinet for Health and Family Services
355,Campbellsville Villa,8388 Monroe St,Campbellsville,Kentucky,42718,Taylor,(502) 212-9942,Continuing Care Retirement Community,58,KY81282,Robert Lopez,"[37.32643071326526, -85.35528237472451]",Kentucky Cabinet for Health and Family Services
356,Valley Gardens,9877 Washington St,Campbellsville,Kentucky,42718,Taylor,(270) 268-2719,Continuing Care Retirement Community,27,KY98409,Patricia White,"[37.35050850638499, -85.32217960984444]",Kentucky Cabinet for Health and Family Services
357,Riverside Villa,6378 Park Ave,Campbellsville,Kentucky,42718,Taylor,(859) 290-6019,Memory Care,166,KY29438,Thomas Ramirez,"[37.36124223296431, -85.33206924207977]",Kentucky Cabinet for Health and Family Services
358,Campbellsville Court,2831 Third St,Campbellsville,Kentucky,42718,Taylor,(270) 819-1014,Adult Day Care,149,KY16740,Susan Garcia,"[37.32320119461462, -85.33858810119308]",Kentucky Cabinet for Health and Family Services
359,Sunset Villa,8369 Second St,Campbellsville,Kentucky,42718,Taylor,(364) 613-1094,Memory Care,30,KY78521,Sarah Thompson,"[37.35615692729773, -85.3394744982979]",Kentucky Cabinet for Health and Family Services
360,Kentucky Retirement Community,5045 Elm St,Campbellsville,Kentucky,42718,Taylor,(859) 299-7560,Independent Living,136,KY40775,William Hernandez,"[37.36285133829211, -85.35223529211576]",Kentucky Cabinet for Health and Family Services
361,Glasgow Assisted Living,3044 Church St,Glasgow,Kentucky,42142,Barren,(606) 539-8781,Skilled Nursing Facility,172,KY76590,John Moore,"[36.989560328060854, -85.90872669938742]",Kentucky Cabinet for Health and Family Services
362,Garden Manor,7128 Lincoln Ave,Glasgow,Kentucky,42141,Barren,(270) 981-7672,Memory Care,147,KY45839,Betty Hernandez,"[36.984605868390695, -85.89547572217985]",Kentucky Cabinet for Health and Family Services
363,Thoroughbred Assisted Living,335 Elm St,Glasgow,Kentucky,42141,Barren,(364) 737-1433,Adult Day Care,35,KY51739,Susan Johnson,"[37.011751765180975, -85.92253817473234]",Kentucky Cabinet for Health and Family Services
364,Bourbon Nursing Home,9972 Derby Dr,Glasgow,Kentucky,42142,Barren,(502) 618-7783,Adult Day Care,60,KY88857,Joseph Thompson,"[37.011994973896954, -85.92743578357478]",Kentucky Cabinet for Health and Family Services
365,Garden Retirement Community,2269 Bluegrass Blvd,Glasgow,Kentucky,42141,Barren,(270) 858-7964,Skilled Nursing Facility,34,KY17639,Charles Thompson,"[37.00568412689205, -85.92599679604629]",Kentucky Cabinet for Health and Family Services
366,Glasgow Place,7996 Madison Rd,Glasgow,Kentucky,42141,Barren,(502) 333-2839,Memory Care,55,KY96861,Donald Jones,"[37.01509903383849, -85.91533149509607]",Kentucky Cabinet for Health and Family Services
367,Glasgow Retirement Community,3883 Park Ave,Glasgow,Kentucky,42141,Barren,(364) 477-9091,Adult Day Care,59,KY77042,Lisa Jackson,"[36.99266495261879, -85.91768237609813]",Kentucky Cabinet for Health and Family Services
368,Glasgow Gardens,8760 Maple Dr,Glasgow,Kentucky,42141,Barren,(859) 968-3812,Personal Care Home,30,KY38644,Charles Wilson,"[36.988513008039405, -85.91587017175476]",Kentucky Cabinet for Health and Family Services
369,Riverside Assisted Living,6127 Elm St,Glasgow,Kentucky,42142,Barren,(606) 516-3598,Independent Living,143,KY63079,Lisa Anderson,"[36.99878522186989, -85.92928193137575]",Kentucky Cabinet for Health and Family Services
370,Magnolia Court,4084 Church St,Glasgow,Kentucky,42142,Barren,(270) 469-2118,Adult Day Care,70,KY27112,Lisa Wilson,"[36.996239441642494, -85.902832960173]",Kentucky Cabinet for Health and Family Services
371,Place Gardens,6412 Kentucky Ave,Glasgow,Kentucky,42142,Barren,(606) 594-9987,Continuing Care Retirement Community,168,KY84011,Sandra Robinson,"[36.98638821798145, -85.90141259470974]",Kentucky Cabinet for Health and Family Services
372,Glasgow Court,3721 Derby Dr,Glasgow,Kentucky,42141,Barren,(606) 600-3696,Continuing Care Retirement Community,105,KY97776,Richard Garcia,"[36.992646347427566, -85.90197573854444]",Kentucky Cabinet for Health and Family Services
373,Sunset Senior Living,1348 Oak Ave,Glasgow,Kentucky,42142,Barren,(364) 349-5490,Adult Day Care,66,KY86045,Jessica Gonzalez,"[36.99794506850061, -85.92463620887526]",Kentucky Cabinet for Health and Family Services
374,Golden Retirement Community,3563 Kentucky Ave,Glasgow,Kentucky,42142,Barren,(364) 452-4774,Continuing Care Retirement Community,38,KY40774,Mary Perez,"[37.01329556727759, -85.91251333897924]",Kentucky Cabinet for Health and Family Services
375,Bluegrass Center,8662 Bourbon St,Glasgow,Kentucky,42142,Barren,(502) 387-4787,Assisted Living,63,KY33820,David Martin,"[37.006405767133316, -85.91430405472903]",Kentucky Cabinet for Health and Family Services
376,Place Nursing Home,8473 First St,Glasgow,Kentucky,42142,Barren,(364) 347-4164,Memory Care,101,KY69042,Donna Gonzalez,"[36.99769755650366, -85.91137192978485]",Kentucky Cabinet for Health and Family Services
377,Bourbon Center,2641 First St,Glasgow,Kentucky,42141,Barren,(859) 845-3282,Personal Care Home,34,KY36911,Sarah Perez,"[36.989003824021275, -85.89724633791477]",Kentucky Cabinet for Health and Family Services
378,Hillside Health Care,3069 Cedar Ln,Pikeville,Kentucky,41502,Pike,(364) 339-8436,Memory Care,144,KY43440,James Wilson,"[37.48691751777972, -82.52233612047404]",Kentucky Cabinet for Health and Family Services
379,Kentucky Court,3879 Madison Rd,Pikeville,Kentucky,41502,Pike,(502) 441-9717,Independent Living,128,KY45232,Charles Wilson,"[37.48436359034377, -82.52363851942624]",Kentucky Cabinet for Health and Family Services
380,Magnolia Gardens,4972 Maple Dr,Pikeville,Kentucky,41502,Pike,(606) 890-4265,Personal Care Home,171,KY81149,Karen Anderson,"[37.47841587165627, -82.51097396303501]",Kentucky Cabinet for Health and Family Services
381,Place Manor,540 Park Ave,Pikeville,Kentucky,41501,Pike,(606) 312-7047,Independent Living,110,KY25896,Joseph Thomas,"[37.498202601765314, -82.52400076291634]",Kentucky Cabinet for Health and Family Services
382,Bluegrass Gardens,574 Kentucky Ave,Pikeville,Kentucky,41501,Pike,(606) 552-7893,Skilled Nursing Facility,138,KY43728,Daniel Jones,"[37.4740105389911, -82.5134232748302]",Kentucky Cabinet for Health and Family Services
383,Bluegrass Skilled Nursing,9864 Bluegrass Blvd,Pikeville,Kentucky,41501,Pike,(502) 536-1274,Personal Care Home,127,KY38998,Linda Davis,"[37.489256432168936, -82.53304644723679]",Kentucky Cabinet for Health and Family Services
384,Heritage Center,8549 First St,Pikeville,Kentucky,41501,Pike,(270) 781-6845,Adult Day Care,71,KY84022,Christopher Gonzalez,"[37.46310036150019, -82.5008700173973]",Kentucky Cabinet for Health and Family Services
385,Pikeville Gardens,9021 Monroe St,Pikeville,Kentucky,41501,Pike,(859) 241-2641,Skilled Nursing Facility,29,KY31721,Linda Lee,"[37.470658754128515, -82.50210896613744]",Kentucky Cabinet for Health and Family Services
386,Pikeville Commons,4952 Lincoln Ave,Pikeville,Kentucky,41502,Pike,(606) 761-9587,Independent Living,141,KY16528,Joseph Davis,"[37.490375644018876, -82.5050707152475]",Kentucky Cabinet for Health and Family Services
387,Bluegrass Manor,968 Lincoln Ave,Pikeville,Kentucky,41501,Pike,(364) 576-7571,Memory Care,33,KY51984,Sarah Martin,"[37.466929898262414, -82.49986256870947]",Kentucky Cabinet for Health and Family Services
388,Kentucky Memory Care,6218 Bourbon St,Pikeville,Kentucky,41502,Pike,(364) 988-6121,Continuing Care Retirement Community,81,KY79213,William White,"[37.49645567022676, -82.50131216717634]",Kentucky Cabinet for Health and Family Services
389,Meadow Gardens,7833 Cedar Ln,Pikeville,Kentucky,41502,Pike,(364) 786-6096,Continuing Care Retirement Community,99,KY21813,Charles Jackson,"[37.46844930893482, -82.5338582705884]",Kentucky Cabinet for Health and Family Services
390,Place Court,8734 Elm St,Pikeville,Kentucky,41502,Pike,(502) 499-4546,Adult Day Care,67,KY88652,Sarah Moore,"[37.47439673487638, -82.51901907844298]",Kentucky Cabinet for Health and Family Services
391,Sunset Assisted Living,2429 Cedar Ln,Pikeville,Kentucky,41502,Pike,(606) 440-2878,Independent Living,143,KY72099,James Sanchez,"[37.49441658519942, -82.52026441395712]",Kentucky Cabinet for Health and Family Services
392,Valley Health Care,5347 Third St,Pikeville,Kentucky,41502,Pike,(270) 312-6170,Memory Care,58,KY57747,Patricia Thompson,"[37.466339008020604, -82.53423305049962]",Kentucky Cabinet for Health and Family Services
393,Pine Commons,7645 Washington St,Pikeville,Kentucky,41502,Pike,(859) 897-1548,Adult Day Care,60,KY47165,John Hernandez,"[37.48585830304492, -82.51991126133207]",Kentucky Cabinet for Health and Family Services
394,Pikeville Nursing Home,1870 Lincoln Ave,Pikeville,Kentucky,41501,Pike,(364) 256-3194,Personal Care Home,83,KY40064,Richard Rodriguez,"[37.48247029821245, -82.53211776361712]",Kentucky Cabinet for Health and Family Services
395,Heritage Memory Care,7092 Madison Rd,Pikeville,Kentucky,41501,Pike,(270) 493-7794,Skilled Nursing Facility,87,KY37174,Donald Hernandez,"[37.46915237480235, -82.50583490107253]",Kentucky Cabinet for Health and Family Services
396,Bluegrass Memory Care,1763 Elm St,Pikeville,Kentucky,41501,Pike,(270) 595-1013,Assisted Living,36,KY22635,Anthony Moore,"[37.46550957550642, -82.53680710619369]",Kentucky Cabinet for Health and Family Services
397,Bourbon Skilled Nursing,2391 Bluegrass Blvd,Pikeville,Kentucky,41501,Pike,(859) 433-5774,Adult Day Care,122,KY41781,Elizabeth Lewis,"[37.49269253802119, -82.53482933700568]",Kentucky Cabinet for Health and Family Services
398,Pine Memory Care,8152 First St,Pikeville,Kentucky,41501,Pike,(859) 257-5448,Memory Care,98,KY92722,Robert Anderson,"[37.47497290723166, -82.51592092903833]",Kentucky Cabinet for Health and Family Services
399,Bluegrass Center,7427 Lincoln Ave,Pikeville,Kentucky,41502,Pike,(364) 987-9385,Assisted Living,88,KY96547,Jessica Smith,"[37.47439486701383, -82.50449216420206]",Kentucky Cabinet for Health and Family Services
400,Place Senior Living,1609 First St,Pikeville,Kentucky,41501,Pike,(364) 375-4207,Adult Day Care,64,KY84605,Helen Taylor,"[37.46347809936008, -82.50614523172291]",Kentucky Cabinet for Health and Family Services
401,Maysville Skilled Nursing,3237 First St,Maysville,Kentucky,41056,Mason,(606) 511-9989,Adult Day Care,31,KY82473,Elizabeth Walker,"[38.62372539749525, -83.75974731192655]",Kentucky Cabinet for Health and Family Services
402,Maysville Villa,2299 Horse Park Rd,Maysville,Kentucky,41056,Mason,(859) 443-1643,Memory Care,144,KY87726,Nancy Martinez,"[38.62505965683674, -83.74082618519785]",Kentucky Cabinet for Health and Family Services
403,Thoroughbred Gardens,4122 Cedar Ln,Maysville,Kentucky,41056,Mason,(270) 515-1756,Assisted Living,126,KY24338,Mark Moore,"[38.62864492918758, -83.73774901661264]",Kentucky Cabinet for Health and Family Services
404,Maysville Assisted Living,542 Bluegrass Blvd,Maysville,Kentucky,41056,Mason,(502) 571-6709,Continuing Care Retirement Community,28,KY59890,Barbara Thomas,"[38.63813484322514, -83.73309957751415]",Kentucky Cabinet for Health and Family Services
405,Golden Senior Living,8494 Elm St,Maysville,Kentucky,41056,Mason,(859) 406-1858,Independent Living,143,KY83706,Mark Martinez,"[38.6459784104589, -83.72976341355907]",Kentucky Cabinet for Health and Family Services
406,Maysville Nursing Home,5680 Oak Ave,Maysville,Kentucky,41056,Mason,(364) 954-1023,Personal Care Home,92,KY31928,Robert Williams,"[38.65258792261493, -83.7439986853231]",Kentucky Cabinet for Health and Family Services
407,Derby Health Care,9042 Mill St,Maysville,Kentucky,41056,Mason,(270) 734-3985,Independent Living,121,KY83296,Mark Clark,"[38.65282365591602, -83.72942325631165]",Kentucky Cabinet for Health and Family Services
408,Maysville Place,8377 Monroe St,Maysville,Kentucky,41056,Mason,(364) 828-1262,Skilled Nursing Facility,66,KY11644,John Garcia,"[38.651899530372724, -83.736054947761]",Kentucky Cabinet for Health and Family Services
409,Hillside Commons,5027 Mill St,Corbin,Kentucky,40701,Whitley,(364) 414-3727,Personal Care Home,145,KY53570,Sandra Garcia,"[36.93454066831448, -84.09666872213089]",Kentucky Cabinet for Health and Family Services
410,Bourbon Senior Living,9123 Derby Dr,Corbin,Kentucky,40702,Whitley,(270) 420-2392,Skilled Nursing Facility,131,KY44411,Lisa Wilson,"[36.95630204424357, -84.113221910714]",Kentucky Cabinet for Health and Family Services
411,Oak Commons,8987 Bourbon St,Corbin,Kentucky,40701,Whitley,(502) 448-6666,Memory Care,163,KY64591,Sandra Ramirez,"[36.956482158050704, -84.09674860474202]",Kentucky Cabinet for Health and Family Services
412,Garden Skilled Nursing,6268 Lincoln Ave,Corbin,Kentucky,40701,Whitley,(364) 341-2728,Independent Living,111,KY30332,Christopher Gonzalez,"[36.95030618146194, -84.10331223340268]",Kentucky Cabinet for Health and Family Services
413,Place Gardens,6956 Church St,Corbin,Kentucky,40701,Whitley,(364) 321-1152,Personal Care Home,149,KY40146,Matthew Anderson,"[36.94275033889529, -84.10452740516509]",Kentucky Cabinet for Health and Family Services
414,Thoroughbred Retirement Community,1567 Cedar Ln,Corbin,Kentucky,40702,Whitley,(606) 618-5654,Continuing Care Retirement Community,37,KY32864,Nancy Thomas,"[36.94546278207282, -84.08561349276813]",Kentucky Cabinet for Health and Family Services
415,Manor Center,4128 Second St,Corbin,Kentucky,40701,Whitley,(502) 216-6916,Memory Care,71,KY34140,Linda Moore,"[36.924909865868614, -84.11420943435633]",Kentucky Cabinet for Health and Family Services
416,Corbin Retirement Community,9970 Madison Rd,Corbin,Kentucky,40702,Whitley,(502) 624-9891,Adult Day Care,155,KY78961,Donna Martinez,"[36.94947811103983, -84.08647806620058]",Kentucky Cabinet for Health and Family Services
417,Thoroughbred Place,8095 Pine Rd,Corbin,Kentucky,40702,Whitley,(270) 887-6736,Adult Day Care,122,KY40399,Thomas Davis,"[36.958299075894345, -84.09102798572361]",Kentucky Cabinet for Health and Family Services
418,Bourbon Assisted Living,1580 Main St,Corbin,Kentucky,40702,Whitley,(270) 494-5869,Continuing Care Retirement Community,79,KY22772,Mary Jackson,"[36.94961448791082, -84.10835498056787]",Kentucky Cabinet for Health and Family Services
419,Heritage Nursing Home,8493 Monroe St,Corbin,Kentucky,40701,Whitley,(859) 329-1809,Skilled Nursing Facility,107,KY70559,Matthew Martinez,"[36.93606781625643, -84.09352147122841]",Kentucky Cabinet for Health and Family Services
420,Golden Health Care,9607 Pine Rd,Corbin,Kentucky,40701,Whitley,(606) 797-9712,Skilled Nursing Facility,40,KY42364,Linda Jackson,"[36.932108495652585, -84.07691536833245]",Kentucky Cabinet for Health and Family Services
421,Corbin Place,2476 Second St,Corbin,Kentucky,40702,Whitley,(502) 995-1547,Adult Day Care,43,KY76044,Robert Perez,"[36.93297226370515, -84.08335670894465]",Kentucky Cabinet for Health and Family Services
422,Corbin Nursing Home,3424 Cedar Ln,Corbin,Kentucky,40702,Whitley,(606) 495-5838,Independent Living,66,KY93168,Barbara Lee,"[36.9535434235364, -84.10262106660198]",Kentucky Cabinet for Health and Family Services
423,Hillside Commons,6992 Derby Dr,Corbin,Kentucky,40702,Whitley,(364) 445-3706,Independent Living,153,KY31992,Christopher Wilson,"[36.92319131635241, -84.08287238298635]",Kentucky Cabinet for Health and Family Services
424,Oak Assisted Living,6324 Jefferson Dr,Corbin,Kentucky,40701,Whitley,(270) 956-1290,Personal Care Home,87,KY60636,Helen Robinson,"[36.93019082875474, -84.10285454862228]",Kentucky Cabinet for Health and Family Services
425,Derby Assisted Living,5884 Main St,London,Kentucky,40742,Laurel,(502) 674-3955,Independent Living,42,KY69076,Anthony Taylor,"[37.147697094820124, -84.10004630037598]",Kentucky Cabinet for Health and Family Services
426,Hillside Court,798 Madison Rd,London,Kentucky,40745,Laurel,(859) 597-9699,Continuing Care Retirement Community,33,KY80399,Michael Ramirez,"[37.121921020204915, -84.09144756529821]",Kentucky Cabinet for Health and Family Services
427,Riverside Center,5023 Maple Dr,London,Kentucky,40741,Laurel,(364) 929-4771,Continuing Care Retirement Community,84,KY78330,Betty Ramirez,"[37.11599263093065, -84.09541001595082]",Kentucky Cabinet for Health and Family Services
428,Heritage Villa,1745 Church St,London,Kentucky,40741,Laurel,(270) 611-7857,Skilled Nursing Facility,35,KY37852,Linda Robinson,"[37.13905206485175, -84.10324750050088]",Kentucky Cabinet for Health and Family Services
429,London Health Care,3590 Elm St,London,Kentucky,40743,Laurel,(270) 305-4131,Memory Care,154,KY48014,Susan Taylor,"[37.14232490098826, -84.06436311326276]",Kentucky Cabinet for Health and Family Services
430,London Place,1624 Main St,London,Kentucky,40750,Laurel,(502) 264-4254,Continuing Care Retirement Community,78,KY37547,Thomas Brown,"[37.12250850091221, -84.08460416296738]",Kentucky Cabinet for Health and Family Services
431,Magnolia Senior Living,1133 Second St,London,Kentucky,40742,Laurel,(606) 313-1564,Memory Care,42,KY78634,Robert Garcia,"[37.12710609814118, -84.08221655044005]",Kentucky Cabinet for Health and Family Services
432,London Memory Care,7403 Bluegrass Blvd,London,Kentucky,40743,Laurel,(502) 926-8556,Independent Living,112,KY59703,Charles Rodriguez,"[37.139824567898856, -84.09622440763809]",Kentucky Cabinet for Health and Family Services
433,Riverside Senior Living,7941 Bourbon St,Hazard,Kentucky,41702,Perry,(270) 591-2591,Continuing Care Retirement Community,129,KY51751,Mary Walker,"[37.24544376029079, -83.189300214122]",Kentucky Cabinet for Health and Family Services
434,Hazard Court,1277 Kentucky Ave,Hazard,Kentucky,41701,Perry,(364) 593-7890,Continuing Care Retirement Community,123,KY68806,Susan Hernandez,"[37.26924979707325, -83.20884505898758]",Kentucky Cabinet for Health and Family Services
435,Hazard Court,6539 Third St,Hazard,Kentucky,41701,Perry,(502) 391-7832,Assisted Living,35,KY80923,Michael Lopez,"[37.25599244731602, -83.18134291329041]",Kentucky Cabinet for Health and Family Services
436,Valley Villa,7333 Monroe St,Hazard,Kentucky,41701,Perry,(502) 376-9773,Assisted Living,91,KY76140,Michael Anderson,"[37.244447123412456, -83.20135553057472]",Kentucky Cabinet for Health and Family Services
437,Oak Manor,2670 First St,Hazard,Kentucky,41701,Perry,(270) 413-3807,Skilled Nursing Facility,128,KY19769,Lisa Thomas,"[37.24862253248232, -83.2037891455621]",Kentucky Cabinet for Health and Family Services
438,Hazard Health Care,3141 Derby Dr,Hazard,Kentucky,41702,Perry,(364) 244-8029,Independent Living,75,KY75019,Barbara Garcia,"[37.23596969359964, -83.19593462249836]",Kentucky Cabinet for Health and Family Services
439,Maple Center,4644 Oak Ave,Hazard,Kentucky,41702,Perry,(364) 345-8979,Adult Day Care,119,KY84691,Elizabeth Hernandez,"[37.2687820783507, -83.18213202362239]",Kentucky Cabinet for Health and Family Services
440,Hazard Nursing Home,8191 Jefferson Dr,Hazard,Kentucky,41701,Perry,(606) 321-7091,Assisted Living,114,KY62476,James Gonzalez,"[37.23605129831616, -83.18705745960956]",Kentucky Cabinet for Health and Family Services
441,Oak Skilled Nursing,5349 Lincoln Ave,Hazard,Kentucky,41702,Perry,(270) 790-1193,Independent Living,106,KY55321,Christopher Williams,"[37.26440027541945, -83.19472832740955]",Kentucky Cabinet for Health and Family Services
