id,name,address,city,parish,state,zip,phone,facilityType,careTypes,capacity,licenseNumber,licensingAgency,lastInspectionDate,inspectionScore,acceptsMedicaid,acceptsMedicare,acceptsVeteransBenefits,website,operatingStatus,dataSource,lastUpdated,latitude,longitude
1,Louisiana Commons,3793 Veterans Boulevard,Greenwood,Caddo,LA,70610,(318) 389-7793,Adult Residential Care,"Independent Living, Continuing Care",52,LA-ALF-62833,Louisiana Department of Health,2024-12-24,86,False,True,False,https://www.greenwood-senior-living.com,Active,Louisiana Department of Health,2025-07-12,29.84874,-92.036741
2,Pecan Gardens,191 Esplanade Avenue,Greenwood,Caddo,LA,70951,(985) 968-1511,Adult Residential Care,"Adult Residential Care, Respite Care",116,LA-ALF-93311,Louisiana Department of Health,2024-02-04,90,False,False,False,https://www.greenwood-senior-living.com,Active,Louisiana Department of Health,2025-07-12,29.208035,-93.702685
3,Pecan Center,9451 Causeway Boulevard,Blanchard,Caddo,LA,70469,(337) 621-8123,Intermediate Care Facility,"Memory Care, Assisted Living",26,LA-ALF-36183,Louisiana Department of Health,2024-07-08,94,False,True,True,https://www.blanchard-senior-living.com,Active,Louisiana Department of Health,2025-07-12,32.651009,-93.482347
4,Heritage Retirement Community,3682 Broad Street,Greenwood,Caddo,LA,70989,(318) 407-9567,Memory Care Community,"Memory Care, Assisted Living, Skilled Nursing",122,LA-ALF-54789,Louisiana Department of Health,2024-11-10,90,False,False,True,https://www.greenwood-senior-living.com,Active,Louisiana Department of Health,2025-07-12,30.38821,-92.216672
5,Magnolia Residence,3771 Harrison Avenue,Shreveport,Caddo,LA,71106,(318) 224-6604,Skilled Nursing Facility,"Respite Care, Memory Care",70,LA-ALF-74160,Louisiana Department of Health,2024-09-07,83,False,True,True,https://www.shreveport-senior-living.com,Active,Louisiana Department of Health,2025-07-12,32.531461,-93.720378
6,Southern Commons,8037 St. Charles Avenue,Blanchard,Caddo,LA,71386,(504) 703-4886,Continuing Care Retirement Community,"Respite Care, Adult Residential Care, Skilled Nursing, Continuing Care",26,LA-ALF-33405,Louisiana Department of Health,2024-04-06,78,True,True,False,https://www.blanchard-senior-living.com,Active,Louisiana Department of Health,2025-07-12,31.041695,-91.066581
7,Plantation Place,5262 Broad Street,Greenwood,Caddo,LA,71719,(504) 544-8903,Assisted Living Facility,"Assisted Living, Adult Day Care, Adult Residential Care, Memory Care",57,LA-ALF-64086,Louisiana Department of Health,2024-08-01,81,True,False,False,https://www.greenwood-senior-living.com,Active,Louisiana Department of Health,2025-07-12,29.850945,-90.603284
8,Delta Estates,5990 St. Charles Avenue,Greenwood,Caddo,LA,71699,(318) 776-9740,Residential Care Home,"Assisted Living, Respite Care, Skilled Nursing, Memory Care",117,LA-ALF-65647,Louisiana Department of Health,2024-07-23,74,False,False,True,https://www.greenwood-senior-living.com,Active,Louisiana Department of Health,2025-07-12,31.398518,-92.258864
9,Plantation Plaza,7618 Royal Street,Plain Dealing,Bossier,LA,71808,(337) 459-2036,Assisted Living Facility,"Assisted Living, Adult Day Care, Adult Residential Care, Skilled Nursing",111,LA-ALF-17624,Louisiana Department of Health,2024-01-22,93,False,True,False,https://www.plaindealing-senior-living.com,Active,Louisiana Department of Health,2025-07-12,32.419342,-93.870801
10,Magnolia House,6232 River Road,Haughton,Bossier,LA,70632,(985) 203-3536,Assisted Living Facility,"Skilled Nursing, Independent Living, Memory Care",105,LA-ALF-43754,Louisiana Department of Health,2024-03-24,87,False,False,True,https://www.haughton-senior-living.com,Active,Louisiana Department of Health,2025-07-12,30.699063,-91.083854
11,Bossier Assisted Living,6367 Veterans Boulevard,Haughton,Bossier,LA,70748,(225) 878-9441,Intermediate Care Facility,"Assisted Living, Respite Care, Memory Care, Intermediate Care",121,LA-ALF-29020,Louisiana Department of Health,2024-03-18,99,True,True,False,https://www.haughton-senior-living.com,Active,Louisiana Department of Health,2025-07-12,31.894788,-89.241755
12,Bossier Home,8423 Causeway Boulevard,Bossier City,Bossier,LA,71111,(504) 229-9461,Residential Care Home,"Skilled Nursing, Assisted Living, Independent Living",142,LA-ALF-82336,Louisiana Department of Health,2024-07-16,73,True,True,False,https://www.bossiercity-senior-living.com,Active,Louisiana Department of Health,2025-07-12,32.522613,-93.702723
13,Plain Dealing Court,1906 Canal Street,Plain Dealing,Bossier,LA,70277,(504) 639-1580,Residential Care Home,"Intermediate Care, Independent Living, Respite Care, Adult Day Care",78,LA-ALF-14329,Louisiana Department of Health,2024-11-07,73,False,False,True,https://www.plaindealing-senior-living.com,Active,Louisiana Department of Health,2025-07-12,30.263884,-91.907169
14,Haughton House,877 River Road,Haughton,Bossier,LA,70333,(318) 572-8143,Adult Day Health Care,"Continuing Care, Intermediate Care, Assisted Living, Respite Care",70,LA-ALF-93408,Louisiana Department of Health,2024-06-22,77,True,True,False,https://www.haughton-senior-living.com,Active,Louisiana Department of Health,2025-07-12,30.237603,-91.78196
15,Louisiana Commons,7191 Magazine Street,Bossier City,Bossier,LA,71220,(985) 801-7934,Intermediate Care Facility,"Continuing Care, Adult Day Care, Independent Living, Memory Care",125,LA-ALF-76290,Louisiana Department of Health,2024-09-28,96,False,True,True,https://www.bossiercity-senior-living.com,Active,Louisiana Department of Health,2025-07-12,32.522443,-93.709512
16,Delta Plaza,2626 Royal Street,Springhill,Webster,LA,70907,(504) 437-5789,Assisted Living Facility,"Adult Day Care, Memory Care, Respite Care",73,LA-ALF-46289,Louisiana Department of Health,2024-04-13,75,True,True,True,https://www.springhill-senior-living.com,Active,Louisiana Department of Health,2025-07-12,29.588237,-93.680306
17,Cotton Valley Estates,8537 West Bank Expressway,Cotton Valley,Webster,LA,70141,(337) 245-2578,Memory Care Community,"Memory Care, Intermediate Care",85,LA-ALF-26097,Louisiana Department of Health,2024-12-07,92,False,True,True,https://www.cottonvalley-senior-living.com,Active,Louisiana Department of Health,2025-07-12,29.766875,-92.719226
18,Colonial Village,4863 Harrison Avenue,Homer,Claiborne,LA,71382,(225) 481-3216,Adult Day Health Care,"Intermediate Care, Skilled Nursing, Adult Residential Care",44,LA-ALF-60732,Louisiana Department of Health,2024-08-18,76,True,True,True,https://www.homer-senior-living.com,Active,Louisiana Department of Health,2025-07-12,29.040129,-92.980733
19,Southern Care Center,7957 Jefferson Highway,Bernice,Claiborne,LA,70954,(985) 833-5797,Adult Day Health Care,"Assisted Living, Skilled Nursing",128,LA-ALF-10662,Louisiana Department of Health,2024-12-05,91,False,False,False,https://www.bernice-senior-living.com,Active,Louisiana Department of Health,2025-07-12,30.169227,-90.388393
20,Creole Manor,2367 Harrison Avenue,Ruston,Lincoln,LA,70545,(337) 760-9290,Adult Residential Care,"Intermediate Care, Continuing Care",34,LA-ALF-38014,Louisiana Department of Health,2024-10-09,75,False,False,False,https://www.ruston-senior-living.com,Active,Louisiana Department of Health,2025-07-12,30.365075,-92.031107
21,Delta Memory Care,3439 Jefferson Highway,Ruston,Lincoln,LA,71207,(225) 941-4811,Memory Care Community,"Assisted Living, Independent Living, Respite Care",97,LA-ALF-64696,Louisiana Department of Health,2024-02-03,84,False,False,True,https://www.ruston-senior-living.com,Active,Louisiana Department of Health,2025-07-12,30.009021,-90.222831
22,Garden Village,6922 River Road,Farmerville,Union,LA,71708,(985) 908-7954,Continuing Care Retirement Community,"Assisted Living, Adult Residential Care, Memory Care",90,LA-ALF-23554,Louisiana Department of Health,2024-06-09,81,True,False,False,https://www.farmerville-senior-living.com,Active,Louisiana Department of Health,2025-07-12,32.757678,-93.087475
23,Lillie Plaza,3342 Airline Highway,Lillie,Union,LA,71544,(318) 832-7173,Adult Day Health Care,"Respite Care, Skilled Nursing, Memory Care, Assisted Living",136,LA-ALF-15083,Louisiana Department of Health,2024-01-05,75,True,True,True,https://www.lillie-senior-living.com,Active,Louisiana Department of Health,2025-07-12,32.135684,-93.384401
24,Morehouse Village,5072 Harrison Avenue,Bonita,Morehouse,LA,71957,(318) 738-9128,Intermediate Care Facility,"Assisted Living, Adult Residential Care, Skilled Nursing, Respite Care",133,LA-ALF-35630,Louisiana Department of Health,2024-12-21,80,True,False,False,https://www.bonita-senior-living.com,Active,Louisiana Department of Health,2025-07-12,29.267047,-91.031684
25,Delta Care Center,6704 Veterans Boulevard,Bastrop,Morehouse,LA,71605,(225) 547-2990,Assisted Living Facility,"Independent Living, Adult Residential Care, Skilled Nursing",70,LA-ALF-81810,Louisiana Department of Health,2024-10-18,75,True,True,True,https://www.bastrop-senior-living.com,Active,Louisiana Department of Health,2025-07-12,31.47399,-93.048504
26,Epps Assisted Living,1298 Elysian Fields,Epps,West Carroll,LA,71336,(985) 717-3240,Continuing Care Retirement Community,"Memory Care, Skilled Nursing, Adult Day Care",87,LA-ALF-28166,Louisiana Department of Health,2024-05-28,88,False,False,True,https://www.epps-senior-living.com,Active,Louisiana Department of Health,2025-07-12,31.95201,-93.686462
27,Garden Court,3743 Veterans Boulevard,Epps,West Carroll,LA,70857,(318) 981-9948,Continuing Care Retirement Community,"Continuing Care, Adult Residential Care",79,LA-ALF-24253,Louisiana Department of Health,2024-04-20,77,False,False,False,https://www.epps-senior-living.com,Active,Louisiana Department of Health,2025-07-12,30.9282,-93.033143
28,Delta Village,6984 Elysian Fields,Kilbourne,West Carroll,LA,71470,(225) 871-8836,Assisted Living Facility,"Assisted Living, Continuing Care",89,LA-ALF-56505,Louisiana Department of Health,2024-08-06,78,True,False,True,https://www.kilbourne-senior-living.com,Active,Louisiana Department of Health,2025-07-12,30.29013,-92.224227
29,Spanish Moss Assisted Living,5283 Canal Street,Epps,West Carroll,LA,70775,(985) 522-4432,Continuing Care Retirement Community,"Continuing Care, Adult Residential Care, Adult Day Care",61,LA-ALF-91372,Louisiana Department of Health,2024-03-03,80,False,False,False,https://www.epps-senior-living.com,Active,Louisiana Department of Health,2025-07-12,29.780682,-92.863567
30,Transylvania Care Center,8619 Elysian Fields,Transylvania,East Carroll,LA,71513,(504) 286-9835,Intermediate Care Facility,"Assisted Living, Intermediate Care, Skilled Nursing, Continuing Care",25,LA-ALF-96866,Louisiana Department of Health,2024-11-23,76,False,True,True,https://www.transylvania-senior-living.com,Active,Louisiana Department of Health,2025-07-12,32.676619,-91.408839
31,East Carroll Residence,5357 Bourbon Street,Milliken,East Carroll,LA,71307,(318) 285-6774,Memory Care Community,"Independent Living, Memory Care",149,LA-ALF-85839,Louisiana Department of Health,2024-12-05,80,False,False,True,https://www.milliken-senior-living.com,Active,Louisiana Department of Health,2025-07-12,29.179845,-91.879793
32,East Carroll Senior Living,7653 Causeway Boulevard,Transylvania,East Carroll,LA,71719,(318) 860-6173,Intermediate Care Facility,"Respite Care, Continuing Care, Independent Living, Assisted Living",52,LA-ALF-46655,Louisiana Department of Health,2024-01-24,94,False,True,False,https://www.transylvania-senior-living.com,Active,Louisiana Department of Health,2025-07-12,32.765994,-93.277653
33,Spanish Moss Gardens,6484 Esplanade Avenue,Mound,Madison,LA,70218,(225) 934-8934,Adult Day Health Care,"Adult Residential Care, Continuing Care, Independent Living, Intermediate Care",109,LA-ALF-87248,Louisiana Department of Health,2024-08-10,81,True,True,True,https://www.mound-senior-living.com,Active,Louisiana Department of Health,2025-07-12,31.621879,-90.062453
34,Madison Residence,372 Jefferson Highway,Richmond,Madison,LA,71325,(225) 451-7069,Skilled Nursing Facility,"Assisted Living, Respite Care, Adult Residential Care",92,LA-ALF-67639,Louisiana Department of Health,2024-09-09,88,False,True,True,https://www.richmond-senior-living.com,Active,Louisiana Department of Health,2025-07-12,31.348048,-90.1522
35,Madison Village,5202 Harrison Avenue,Mound,Madison,LA,71791,(225) 586-3368,Adult Day Health Care,"Adult Residential Care, Adult Day Care, Skilled Nursing, Continuing Care",45,LA-ALF-32612,Louisiana Department of Health,2024-10-07,76,True,True,True,https://www.mound-senior-living.com,Active,Louisiana Department of Health,2025-07-12,32.065678,-91.558816
36,Willow Retirement Community,973 Royal Street,St. Joseph,Tensas,LA,70792,(225) 724-8120,Adult Residential Care,"Memory Care, Adult Day Care, Assisted Living",114,LA-ALF-82143,Louisiana Department of Health,2024-01-17,96,False,False,True,https://www.stjoseph-senior-living.com,Active,Louisiana Department of Health,2025-07-12,30.760691,-89.657296
37,Tensas House,766 West Bank Expressway,St. Joseph,Tensas,LA,71437,(225) 905-3053,Intermediate Care Facility,"Skilled Nursing, Intermediate Care",138,LA-ALF-87003,Louisiana Department of Health,2024-01-08,90,True,True,False,https://www.stjoseph-senior-living.com,Active,Louisiana Department of Health,2025-07-12,29.181006,-92.839839
38,Magnolia Place,3613 West Bank Expressway,Winnsboro,Franklin,LA,70117,(985) 471-6049,Memory Care Community,"Respite Care, Adult Day Care, Intermediate Care, Skilled Nursing",93,LA-ALF-83431,Louisiana Department of Health,2024-12-03,84,True,True,False,https://www.winnsboro-senior-living.com,Active,Louisiana Department of Health,2025-07-12,32.914724,-91.342972
39,Wisner Estates,6844 Causeway Boulevard,Wisner,Franklin,LA,70705,(225) 467-9025,Residential Care Home,"Skilled Nursing, Memory Care, Respite Care",27,LA-ALF-53021,Louisiana Department of Health,2024-03-06,83,False,True,False,https://www.wisner-senior-living.com,Active,Louisiana Department of Health,2025-07-12,29.757268,-90.170416
40,Garden Assisted Living,447 Veterans Boulevard,Winnsboro,Franklin,LA,70666,(985) 261-1438,Continuing Care Retirement Community,"Continuing Care, Assisted Living, Adult Day Care, Intermediate Care",58,LA-ALF-72654,Louisiana Department of Health,2024-10-14,88,False,True,False,https://www.winnsboro-senior-living.com,Active,Louisiana Department of Health,2025-07-12,31.172217,-91.201352
41,Louisiana Estates,1534 St. Charles Avenue,Wisner,Franklin,LA,71788,(318) 289-4126,Continuing Care Retirement Community,"Respite Care, Assisted Living, Memory Care",60,LA-ALF-76138,Louisiana Department of Health,2024-02-08,87,True,True,True,https://www.wisner-senior-living.com,Active,Louisiana Department of Health,2025-07-12,30.361483,-92.268154
42,Richland Commons,5191 Airline Highway,Rayville,Richland,LA,70148,(985) 270-1435,Adult Residential Care,"Respite Care, Memory Care, Adult Day Care, Assisted Living",150,LA-ALF-89308,Louisiana Department of Health,2024-04-17,93,False,True,True,https://www.rayville-senior-living.com,Active,Louisiana Department of Health,2025-07-12,31.403056,-90.728297
43,Louisiana Residence,2521 River Road,Mangham,Richland,LA,70962,(318) 245-5315,Residential Care Home,"Adult Day Care, Respite Care",128,LA-ALF-90382,Louisiana Department of Health,2024-10-22,91,True,False,True,https://www.mangham-senior-living.com,Active,Louisiana Department of Health,2025-07-12,30.248134,-90.809331
44,Heritage Assisted Living,8350 Harrison Avenue,Rayville,Richland,LA,70884,(985) 341-5723,Assisted Living Facility,"Adult Day Care, Adult Residential Care",127,LA-ALF-78787,Louisiana Department of Health,2024-12-27,98,True,False,False,https://www.rayville-senior-living.com,Active,Louisiana Department of Health,2025-07-12,29.175063,-90.349329
45,Creole Assisted Living,512 Veterans Boulevard,Sterlington,Ouachita,LA,70747,(985) 214-4415,Adult Day Health Care,"Memory Care, Adult Day Care, Assisted Living, Skilled Nursing",64,LA-ALF-92115,Louisiana Department of Health,2024-06-09,76,True,False,False,https://www.sterlington-senior-living.com,Active,Louisiana Department of Health,2025-07-12,30.842332,-93.970052
46,Plantation Retirement Community,3065 Royal Street,Monroe,Ouachita,LA,71202,(337) 873-9225,Residential Care Home,"Intermediate Care, Assisted Living, Memory Care",42,LA-ALF-72128,Louisiana Department of Health,2024-12-25,91,True,False,True,https://www.monroe-senior-living.com,Active,Louisiana Department of Health,2025-07-12,32.535297,-92.089717
47,Creole Plaza,249 Veterans Boulevard,Monroe,Ouachita,LA,71203,(318) 848-8674,Skilled Nursing Facility,"Intermediate Care, Continuing Care",68,LA-ALF-36521,Louisiana Department of Health,2024-07-24,87,False,True,False,https://www.monroe-senior-living.com,Active,Louisiana Department of Health,2025-07-12,32.512281,-92.117142
48,Heritage Court,3657 Causeway Boulevard,West Monroe,Ouachita,LA,71760,(337) 559-6756,Intermediate Care Facility,"Skilled Nursing, Intermediate Care, Respite Care, Continuing Care",99,LA-ALF-62021,Louisiana Department of Health,2024-02-12,74,True,False,False,https://www.westmonroe-senior-living.com,Active,Louisiana Department of Health,2025-07-12,29.928341,-93.854463
49,Monroe Manor,9288 West Bank Expressway,Monroe,Ouachita,LA,71201,(985) 706-2424,Assisted Living Facility,"Memory Care, Adult Day Care, Adult Residential Care, Independent Living",70,LA-ALF-26582,Louisiana Department of Health,2024-08-17,86,True,True,False,https://www.monroe-senior-living.com,Active,Louisiana Department of Health,2025-07-12,32.510591,-92.110439
50,Plantation Manor,9811 St. Charles Avenue,Sterlington,Ouachita,LA,70144,(504) 989-6553,Adult Residential Care,"Assisted Living, Continuing Care",60,LA-ALF-99400,Louisiana Department of Health,2024-12-24,80,False,False,False,https://www.sterlington-senior-living.com,Active,Louisiana Department of Health,2025-07-12,29.211721,-90.78906
51,Columbia Village,1735 Elysian Fields,Columbia,Caldwell,LA,71524,(985) 627-6106,Adult Day Health Care,"Skilled Nursing, Continuing Care",121,LA-ALF-64252,Louisiana Department of Health,2024-01-28,95,False,True,True,https://www.columbia-senior-living.com,Active,Louisiana Department of Health,2025-07-12,30.000278,-91.812023
52,Heritage Retirement Community,568 River Road,Columbia,Caldwell,LA,71215,(504) 937-3617,Skilled Nursing Facility,"Intermediate Care, Adult Day Care, Adult Residential Care, Respite Care",143,LA-ALF-97808,Louisiana Department of Health,2024-02-27,95,True,False,False,https://www.columbia-senior-living.com,Active,Louisiana Department of Health,2025-07-12,32.9743,-89.067135
53,River Gardens,9415 Royal Street,Columbia,Caldwell,LA,70722,(318) 313-3534,Intermediate Care Facility,"Adult Residential Care, Continuing Care, Adult Day Care",63,LA-ALF-99402,Louisiana Department of Health,2024-07-24,93,False,True,True,https://www.columbia-senior-living.com,Active,Louisiana Department of Health,2025-07-12,31.531499,-91.496505
54,River Plaza,6682 Canal Street,Grayson,Caldwell,LA,71430,(337) 326-6002,Memory Care Community,"Assisted Living, Memory Care, Adult Day Care",47,LA-ALF-53259,Louisiana Department of Health,2024-07-24,76,False,False,False,https://www.grayson-senior-living.com,Active,Louisiana Department of Health,2025-07-12,29.963712,-89.338691
55,Delta Memory Care,8792 Canal Street,Atlanta,Winn,LA,71762,(985) 784-3174,Adult Residential Care,"Memory Care, Adult Residential Care, Assisted Living, Adult Day Care",93,LA-ALF-90808,Louisiana Department of Health,2024-01-13,91,True,True,False,https://www.atlanta-senior-living.com,Active,Louisiana Department of Health,2025-07-12,30.831206,-90.505666
56,Oak Assisted Living,7655 Royal Street,Winnfield,Winn,LA,70177,(504) 203-9273,Assisted Living Facility,"Independent Living, Continuing Care",143,LA-ALF-28794,Louisiana Department of Health,2024-10-24,78,True,False,False,https://www.winnfield-senior-living.com,Active,Louisiana Department of Health,2025-07-12,30.596669,-93.953397
57,Garden Plaza,8271 Royal Street,Atlanta,Winn,LA,71486,(337) 310-7912,Residential Care Home,"Intermediate Care, Skilled Nursing, Memory Care",80,LA-ALF-69488,Louisiana Department of Health,2024-08-09,73,False,False,True,https://www.atlanta-senior-living.com,Active,Louisiana Department of Health,2025-07-12,31.03315,-90.763392
58,Eros Home,1249 Bourbon Street,Eros,Jackson,LA,71411,(225) 401-8648,Memory Care Community,"Continuing Care, Adult Day Care",64,LA-ALF-26930,Louisiana Department of Health,2024-02-12,74,True,True,True,https://www.eros-senior-living.com,Active,Louisiana Department of Health,2025-07-12,29.439437,-89.355581
59,Delta Senior Living,5937 River Road,Eros,Jackson,LA,71393,(337) 937-4096,Adult Residential Care,"Memory Care, Intermediate Care, Continuing Care",76,LA-ALF-50739,Louisiana Department of Health,2024-12-11,95,True,False,False,https://www.eros-senior-living.com,Active,Louisiana Department of Health,2025-07-12,29.99615,-92.998707
60,Louisiana Memory Care,1171 Carrollton Avenue,Jonesboro,Jackson,LA,71654,(318) 212-3895,Residential Care Home,"Memory Care, Assisted Living",95,LA-ALF-22758,Louisiana Department of Health,2024-03-08,90,False,True,True,https://www.jonesboro-senior-living.com,Active,Louisiana Department of Health,2025-07-12,30.995952,-92.141757
61,Jackson Center,5827 Harrison Avenue,Jonesboro,Jackson,LA,70763,(225) 239-8266,Assisted Living Facility,"Adult Residential Care, Adult Day Care, Intermediate Care",109,LA-ALF-47003,Louisiana Department of Health,2024-03-24,96,True,False,False,https://www.jonesboro-senior-living.com,Active,Louisiana Department of Health,2025-07-12,32.511867,-93.243388
62,Bienville Gardens,7660 Broad Street,Arcadia,Bienville,LA,70739,(225) 624-4377,Continuing Care Retirement Community,"Memory Care, Intermediate Care, Independent Living, Adult Residential Care",136,LA-ALF-10507,Louisiana Department of Health,2024-12-25,94,True,False,False,https://www.arcadia-senior-living.com,Active,Louisiana Department of Health,2025-07-12,32.999189,-89.207883
63,Gibsland Senior Living,9161 Broad Street,Gibsland,Bienville,LA,70897,(504) 509-9270,Intermediate Care Facility,"Intermediate Care, Adult Day Care, Adult Residential Care",105,LA-ALF-38517,Louisiana Department of Health,2024-09-10,96,False,False,False,https://www.gibsland-senior-living.com,Active,Louisiana Department of Health,2025-07-12,30.189557,-90.316636
64,Garden Center,2227 Jefferson Highway,Gibsland,Bienville,LA,71474,(337) 419-5142,Skilled Nursing Facility,"Adult Day Care, Respite Care, Independent Living, Skilled Nursing",118,LA-ALF-39285,Louisiana Department of Health,2024-07-07,94,False,True,False,https://www.gibsland-senior-living.com,Active,Louisiana Department of Health,2025-07-12,31.266291,-92.472949
65,Plantation Retirement Community,1750 Broad Street,Arcadia,Bienville,LA,71255,(225) 419-4430,Memory Care Community,"Adult Residential Care, Memory Care",111,LA-ALF-80592,Louisiana Department of Health,2024-02-22,83,True,False,False,https://www.arcadia-senior-living.com,Active,Louisiana Department of Health,2025-07-12,29.723829,-89.164895
66,Hall Summit Assisted Living,2482 St. Charles Avenue,Hall Summit,Red River,LA,71485,(504) 587-1668,Continuing Care Retirement Community,"Assisted Living, Respite Care, Skilled Nursing",93,LA-ALF-40537,Louisiana Department of Health,2024-01-10,75,True,False,False,https://www.hallsummit-senior-living.com,Active,Louisiana Department of Health,2025-07-12,31.937697,-89.595798
67,River Center,7541 River Road,Coushatta,Red River,LA,70525,(985) 811-2166,Memory Care Community,"Adult Day Care, Memory Care, Skilled Nursing",134,LA-ALF-89604,Louisiana Department of Health,2024-05-03,99,False,False,True,https://www.coushatta-senior-living.com,Active,Louisiana Department of Health,2025-07-12,29.532255,-92.524454
68,Bienville Estates,2144 Harrison Avenue,Robeline,Natchitoches,LA,71227,(985) 884-1609,Adult Residential Care,"Adult Day Care, Respite Care, Continuing Care, Adult Residential Care",69,LA-ALF-65038,Louisiana Department of Health,2024-02-08,82,False,False,True,https://www.robeline-senior-living.com,Active,Louisiana Department of Health,2025-07-12,32.053236,-93.03619
69,Plantation Memory Care,8683 Harrison Avenue,Robeline,Natchitoches,LA,70493,(225) 419-1562,Assisted Living Facility,"Adult Day Care, Respite Care",25,LA-ALF-81248,Louisiana Department of Health,2024-04-10,79,False,False,True,https://www.robeline-senior-living.com,Active,Louisiana Department of Health,2025-07-12,31.647152,-93.576141
70,Colonial Place,1402 Causeway Boulevard,Zwolle,Sabine,LA,70936,(337) 779-9909,Memory Care Community,"Continuing Care, Independent Living, Assisted Living",29,LA-ALF-33042,Louisiana Department of Health,2024-08-10,83,True,True,True,https://www.zwolle-senior-living.com,Active,Louisiana Department of Health,2025-07-12,31.296174,-89.191323
71,Colonial Senior Living,2876 Jefferson Highway,Florien,Sabine,LA,71674,(225) 265-5453,Continuing Care Retirement Community,"Intermediate Care, Adult Residential Care, Continuing Care",97,LA-ALF-60031,Louisiana Department of Health,2024-05-03,83,True,False,False,https://www.florien-senior-living.com,Active,Louisiana Department of Health,2025-07-12,30.155915,-92.030268
72,Sabine Retirement Community,6269 Elysian Fields,Zwolle,Sabine,LA,70193,(337) 769-1749,Memory Care Community,"Adult Residential Care, Intermediate Care, Independent Living",39,LA-ALF-89618,Louisiana Department of Health,2024-12-26,78,False,False,False,https://www.zwolle-senior-living.com,Active,Louisiana Department of Health,2025-07-12,32.168185,-92.385118
73,Bienville Village,7583 Carrollton Avenue,Florien,Sabine,LA,71249,(985) 767-9576,Assisted Living Facility,"Memory Care, Continuing Care, Independent Living",116,LA-ALF-61007,Louisiana Department of Health,2024-12-20,96,False,True,True,https://www.florien-senior-living.com,Active,Louisiana Department of Health,2025-07-12,30.919852,-91.628416
74,Magnolia Senior Living,6001 Veterans Boulevard,Mansfield,DeSoto,LA,71354,(985) 871-5093,Skilled Nursing Facility,"Skilled Nursing, Assisted Living",48,LA-ALF-50880,Louisiana Department of Health,2024-01-18,73,False,True,True,https://www.mansfield-senior-living.com,Active,Louisiana Department of Health,2025-07-12,32.551175,-92.365523
75,Willow Estates,4988 St. Charles Avenue,Logansport,DeSoto,LA,70390,(318) 399-4442,Adult Day Health Care,"Continuing Care, Independent Living",31,LA-ALF-55281,Louisiana Department of Health,2024-05-26,89,True,True,True,https://www.logansport-senior-living.com,Active,Louisiana Department of Health,2025-07-12,32.86959,-92.327688
76,Bayou Commons,1174 West Bank Expressway,Mansfield,DeSoto,LA,70713,(985) 813-2572,Adult Residential Care,"Memory Care, Intermediate Care",98,LA-ALF-39146,Louisiana Department of Health,2024-12-04,80,True,True,True,https://www.mansfield-senior-living.com,Active,Louisiana Department of Health,2025-07-12,31.224986,-91.531365
77,Spanish Moss Village,9484 West Bank Expressway,Gary,Panola,LA,71103,(318) 339-4193,Residential Care Home,"Skilled Nursing, Respite Care, Intermediate Care, Assisted Living",61,LA-ALF-40078,Louisiana Department of Health,2024-08-12,77,False,True,False,https://www.gary-senior-living.com,Active,Louisiana Department of Health,2025-07-12,32.789173,-90.152921
78,Southern Assisted Living,9323 Magazine Street,Carthage,Panola,LA,71962,(985) 436-5743,Adult Residential Care,"Intermediate Care, Assisted Living",31,LA-ALF-93655,Louisiana Department of Health,2024-03-20,99,False,True,False,https://www.carthage-senior-living.com,Active,Louisiana Department of Health,2025-07-12,29.355281,-89.626563
79,River Plaza,2889 St. Charles Avenue,Beckville,Panola,LA,70443,(225) 270-3796,Adult Residential Care,"Intermediate Care, Skilled Nursing, Adult Residential Care",128,LA-ALF-71676,Louisiana Department of Health,2024-02-15,85,False,False,False,https://www.beckville-senior-living.com,Active,Louisiana Department of Health,2025-07-12,32.202787,-90.967586
80,Spanish Moss Retirement Community,4136 Canal Street,Pineville,Rapides,LA,70829,(225) 311-2126,Memory Care Community,"Memory Care, Adult Day Care",48,LA-ALF-15869,Louisiana Department of Health,2024-11-20,96,True,False,True,https://www.pineville-senior-living.com,Active,Louisiana Department of Health,2025-07-12,29.945104,-90.286934
81,Rapides Gardens,7013 River Road,Pineville,Rapides,LA,70552,(337) 793-3592,Adult Day Health Care,"Memory Care, Adult Day Care, Independent Living",143,LA-ALF-97305,Louisiana Department of Health,2024-06-17,99,True,False,True,https://www.pineville-senior-living.com,Active,Louisiana Department of Health,2025-07-12,29.534999,-90.720078
82,Bayou Residence,404 Carrollton Avenue,Alexandria,Rapides,LA,71302,(504) 365-8707,Continuing Care Retirement Community,"Respite Care, Adult Day Care, Memory Care",116,LA-ALF-45972,Louisiana Department of Health,2024-02-08,95,False,True,True,https://www.alexandria-senior-living.com,Active,Louisiana Department of Health,2025-07-12,31.329246,-92.415032
83,Plantation Memory Care,4955 River Road,Ball,Rapides,LA,70418,(225) 820-7279,Adult Residential Care,"Adult Residential Care, Continuing Care, Independent Living",54,LA-ALF-59459,Louisiana Department of Health,2024-05-01,87,True,True,True,https://www.ball-senior-living.com,Active,Louisiana Department of Health,2025-07-12,29.503063,-90.152261
84,Bienville House,4851 West Bank Expressway,Ball,Rapides,LA,71239,(985) 909-3054,Adult Day Health Care,"Intermediate Care, Independent Living",127,LA-ALF-71705,Louisiana Department of Health,2024-06-12,86,True,True,True,https://www.ball-senior-living.com,Active,Louisiana Department of Health,2025-07-12,30.373744,-93.746362
85,Cypress Senior Living,762 Harrison Avenue,Pineville,Rapides,LA,71496,(225) 661-4206,Skilled Nursing Facility,"Skilled Nursing, Intermediate Care",40,LA-ALF-47940,Louisiana Department of Health,2024-10-24,92,True,True,False,https://www.pineville-senior-living.com,Active,Louisiana Department of Health,2025-07-12,30.292474,-90.271516
86,Cajun Gardens,3787 Carrollton Avenue,Alexandria,Rapides,LA,71303,(318) 801-2269,Assisted Living Facility,"Continuing Care, Adult Residential Care, Assisted Living, Adult Day Care",70,LA-ALF-17918,Louisiana Department of Health,2024-06-05,83,False,False,False,https://www.alexandria-senior-living.com,Active,Louisiana Department of Health,2025-07-12,31.332429,-92.440614
87,Colfax Plaza,4152 Causeway Boulevard,Colfax,Grant,LA,71786,(318) 647-2783,Residential Care Home,"Independent Living, Assisted Living, Skilled Nursing, Intermediate Care",121,LA-ALF-76953,Louisiana Department of Health,2024-11-17,80,False,False,False,https://www.colfax-senior-living.com,Active,Louisiana Department of Health,2025-07-12,32.50684,-91.797031
88,Dry Prong Retirement Community,7511 Elysian Fields,Dry Prong,Grant,LA,71916,(318) 400-9892,Intermediate Care Facility,"Respite Care, Skilled Nursing",82,LA-ALF-56980,Louisiana Department of Health,2024-08-01,76,True,True,True,https://www.dryprong-senior-living.com,Active,Louisiana Department of Health,2025-07-12,29.469826,-93.845424
89,Pecan Assisted Living,7515 Veterans Boulevard,Jena,LaSalle,LA,71978,(985) 810-8314,Skilled Nursing Facility,"Adult Day Care, Intermediate Care, Independent Living",38,LA-ALF-59142,Louisiana Department of Health,2024-07-28,90,True,False,False,https://www.jena-senior-living.com,Active,Louisiana Department of Health,2025-07-12,31.701961,-92.531852
90,Delta Gardens,796 Carrollton Avenue,Urania,LaSalle,LA,71363,(985) 305-7406,Adult Residential Care,"Adult Day Care, Independent Living, Intermediate Care, Assisted Living",112,LA-ALF-93802,Louisiana Department of Health,2024-06-16,85,True,True,True,https://www.urania-senior-living.com,Active,Louisiana Department of Health,2025-07-12,32.359652,-90.893082
91,Garden House,8484 West Bank Expressway,Olla,LaSalle,LA,70157,(985) 948-1810,Memory Care Community,"Memory Care, Adult Day Care, Respite Care, Independent Living",41,LA-ALF-57453,Louisiana Department of Health,2024-01-05,88,False,False,True,https://www.olla-senior-living.com,Active,Louisiana Department of Health,2025-07-12,29.84545,-91.389657
92,Delta Retirement Community,8948 Jefferson Highway,Harrisonburg,Catahoula,LA,71906,(337) 202-7474,Memory Care Community,"Adult Residential Care, Skilled Nursing, Continuing Care, Adult Day Care",147,LA-ALF-35051,Louisiana Department of Health,2024-04-05,88,False,False,True,https://www.harrisonburg-senior-living.com,Active,Louisiana Department of Health,2025-07-12,31.45023,-91.083591
93,Sicily Island Estates,7545 Airline Highway,Sicily Island,Catahoula,LA,70971,(985) 595-2983,Adult Residential Care,"Adult Residential Care, Assisted Living, Adult Day Care, Intermediate Care",31,LA-ALF-31391,Louisiana Department of Health,2024-01-07,76,True,False,True,https://www.sicilyisland-senior-living.com,Active,Louisiana Department of Health,2025-07-12,30.627697,-92.078334
94,Colonial Memory Care,8957 Harrison Avenue,Ferriday,Concordia,LA,70949,(985) 323-4682,Memory Care Community,"Continuing Care, Adult Day Care, Intermediate Care",62,LA-ALF-56271,Louisiana Department of Health,2024-02-18,79,False,True,True,https://www.ferriday-senior-living.com,Active,Louisiana Department of Health,2025-07-12,30.165472,-92.393029
95,Spanish Moss Home,8880 River Road,Ferriday,Concordia,LA,70339,(337) 998-9708,Adult Residential Care,"Respite Care, Adult Residential Care, Assisted Living, Continuing Care",65,LA-ALF-38190,Louisiana Department of Health,2024-12-10,98,False,False,False,https://www.ferriday-senior-living.com,Active,Louisiana Department of Health,2025-07-12,29.046761,-90.897625
96,Plantation Senior Living,9776 Carrollton Avenue,Clayton,Concordia,LA,71582,(504) 716-4838,Residential Care Home,"Intermediate Care, Respite Care",128,LA-ALF-33108,Louisiana Department of Health,2024-04-21,88,False,True,True,https://www.clayton-senior-living.com,Active,Louisiana Department of Health,2025-07-12,32.898015,-89.053373
97,Concordia Gardens,3978 Causeway Boulevard,Ferriday,Concordia,LA,71477,(985) 709-8112,Assisted Living Facility,"Adult Day Care, Skilled Nursing, Assisted Living",73,LA-ALF-88351,Louisiana Department of Health,2024-02-25,97,True,True,True,https://www.ferriday-senior-living.com,Active,Louisiana Department of Health,2025-07-12,31.762594,-90.056451
98,Oak Estates,2104 West Bank Expressway,Marksville,Avoyelles,LA,71383,(225) 689-1353,Memory Care Community,"Continuing Care, Respite Care",109,LA-ALF-84980,Louisiana Department of Health,2024-04-27,97,False,False,True,https://www.marksville-senior-living.com,Active,Louisiana Department of Health,2025-07-12,30.468806,-93.008651
99,Avoyelles Care Center,3062 Esplanade Avenue,Cottonport,Avoyelles,LA,71319,(985) 601-1402,Continuing Care Retirement Community,"Assisted Living, Adult Day Care",99,LA-ALF-95576,Louisiana Department of Health,2024-11-20,74,True,False,True,https://www.cottonport-senior-living.com,Active,Louisiana Department of Health,2025-07-12,30.845675,-89.426108
100,Live Oak Court,9844 Royal Street,Leesville,Vernon,LA,70114,(225) 864-4202,Memory Care Community,"Assisted Living, Respite Care, Intermediate Care",148,LA-ALF-20436,Louisiana Department of Health,2024-02-24,78,False,False,True,https://www.leesville-senior-living.com,Active,Louisiana Department of Health,2025-07-12,30.467434,-92.847416
101,Willow Residence,3081 Canal Street,Rosepine,Vernon,LA,71678,(985) 503-5828,Skilled Nursing Facility,"Intermediate Care, Memory Care",52,LA-ALF-72980,Louisiana Department of Health,2024-03-25,78,True,True,True,https://www.rosepine-senior-living.com,Active,Louisiana Department of Health,2025-07-12,32.839997,-91.505652
102,Cajun Assisted Living,8205 Harrison Avenue,Merryville,Beauregard,LA,71686,(225) 354-2364,Residential Care Home,"Skilled Nursing, Independent Living",147,LA-ALF-98356,Louisiana Department of Health,2024-08-14,74,True,False,True,https://www.merryville-senior-living.com,Active,Louisiana Department of Health,2025-07-12,29.976511,-89.514353
103,Pecan Manor,3403 Royal Street,Merryville,Beauregard,LA,70503,(985) 819-8573,Memory Care Community,"Memory Care, Respite Care, Intermediate Care",141,LA-ALF-83349,Louisiana Department of Health,2024-04-27,83,False,True,True,https://www.merryville-senior-living.com,Active,Louisiana Department of Health,2025-07-12,31.226683,-92.986739
104,DeRidder Senior Living,4195 West Bank Expressway,DeRidder,Beauregard,LA,71392,(225) 747-1963,Memory Care Community,"Independent Living, Skilled Nursing, Continuing Care",135,LA-ALF-48485,Louisiana Department of Health,2024-05-26,99,True,True,False,https://www.deridder-senior-living.com,Active,Louisiana Department of Health,2025-07-12,30.342363,-91.247048
105,Oak Senior Living,9348 Broad Street,Singer,Beauregard,LA,71356,(504) 477-1902,Intermediate Care Facility,"Adult Day Care, Independent Living, Skilled Nursing, Intermediate Care",47,LA-ALF-61052,Louisiana Department of Health,2024-10-16,95,True,False,True,https://www.singer-senior-living.com,Active,Louisiana Department of Health,2025-07-12,30.906323,-89.211502
106,Bienville Assisted Living,4410 Royal Street,Kinder,Allen,LA,71228,(985) 645-3761,Residential Care Home,"Memory Care, Skilled Nursing",79,LA-ALF-19584,Louisiana Department of Health,2024-12-07,88,False,False,False,https://www.kinder-senior-living.com,Active,Louisiana Department of Health,2025-07-12,31.369821,-89.43662
107,Oak Assisted Living,1401 Jefferson Highway,Oberlin,Allen,LA,70615,(318) 874-1852,Continuing Care Retirement Community,"Adult Day Care, Adult Residential Care, Independent Living",145,LA-ALF-90435,Louisiana Department of Health,2024-10-16,91,True,False,True,https://www.oberlin-senior-living.com,Active,Louisiana Department of Health,2025-07-12,29.205192,-90.50889
108,Kinder Court,9626 West Bank Expressway,Kinder,Allen,LA,71417,(504) 731-3786,Continuing Care Retirement Community,"Skilled Nursing, Memory Care",47,LA-ALF-89300,Louisiana Department of Health,2024-06-14,86,True,True,False,https://www.kinder-senior-living.com,Active,Louisiana Department of Health,2025-07-12,32.777451,-93.482947
109,Allen Care Center,2024 Royal Street,Oberlin,Allen,LA,71770,(985) 678-4491,Continuing Care Retirement Community,"Independent Living, Memory Care, Assisted Living",137,LA-ALF-86004,Louisiana Department of Health,2024-08-19,94,False,False,False,https://www.oberlin-senior-living.com,Active,Louisiana Department of Health,2025-07-12,32.763828,-89.439545
110,Louisiana Assisted Living,9859 Esplanade Avenue,Basile,Evangeline,LA,71435,(225) 538-7612,Continuing Care Retirement Community,"Respite Care, Continuing Care",79,LA-ALF-65751,Louisiana Department of Health,2024-03-24,90,True,True,True,https://www.basile-senior-living.com,Active,Louisiana Department of Health,2025-07-12,31.850656,-92.486087
111,Garden Memory Care,4856 Bourbon Street,Ville Platte,Evangeline,LA,70815,(337) 651-1686,Skilled Nursing Facility,"Respite Care, Independent Living",94,LA-ALF-88949,Louisiana Department of Health,2024-07-09,88,False,True,False,https://www.villeplatte-senior-living.com,Active,Louisiana Department of Health,2025-07-12,32.376064,-90.722338
112,Magnolia Plaza,4563 Elysian Fields,Ville Platte,Evangeline,LA,71732,(225) 729-1915,Intermediate Care Facility,"Adult Day Care, Assisted Living",129,LA-ALF-86030,Louisiana Department of Health,2024-12-03,74,False,True,True,https://www.villeplatte-senior-living.com,Active,Louisiana Department of Health,2025-07-12,31.925141,-89.079674
113,Willow Estates,285 Royal Street,Basile,Evangeline,LA,70777,(318) 987-2078,Assisted Living Facility,"Adult Residential Care, Memory Care",115,LA-ALF-72594,Louisiana Department of Health,2024-06-17,91,False,True,False,https://www.basile-senior-living.com,Active,Louisiana Department of Health,2025-07-12,31.013151,-89.564905
114,Louisiana Place,4310 Carrollton Avenue,Sunset,St. Landry,LA,71946,(318) 839-6035,Continuing Care Retirement Community,"Assisted Living, Continuing Care",79,LA-ALF-63363,Louisiana Department of Health,2024-11-12,79,True,False,False,https://www.sunset-senior-living.com,Active,Louisiana Department of Health,2025-07-12,32.592958,-92.20591
115,Spanish Moss Estates,7489 Veterans Boulevard,Eunice,St. Landry,LA,70645,(225) 546-1352,Skilled Nursing Facility,"Memory Care, Assisted Living, Continuing Care, Adult Residential Care",54,LA-ALF-33029,Louisiana Department of Health,2024-09-12,90,True,True,True,https://www.eunice-senior-living.com,Active,Louisiana Department of Health,2025-07-12,31.251041,-89.096733
116,Southern Commons,6504 West Bank Expressway,Sunset,St. Landry,LA,70738,(504) 229-7526,Memory Care Community,"Adult Day Care, Memory Care, Intermediate Care, Independent Living",110,LA-ALF-95484,Louisiana Department of Health,2024-01-09,100,False,True,False,https://www.sunset-senior-living.com,Active,Louisiana Department of Health,2025-07-12,30.083095,-90.969725
117,River Plaza,999 Broad Street,Sunset,St. Landry,LA,71154,(504) 378-5040,Continuing Care Retirement Community,"Adult Residential Care, Memory Care",141,LA-ALF-98886,Louisiana Department of Health,2024-07-08,75,True,False,False,https://www.sunset-senior-living.com,Active,Louisiana Department of Health,2025-07-12,29.436496,-89.262387
118,Southern Village,7542 Elysian Fields,Sunset,St. Landry,LA,70713,(504) 324-1315,Residential Care Home,"Continuing Care, Independent Living, Skilled Nursing, Respite Care",149,LA-ALF-96345,Louisiana Department of Health,2024-05-06,78,False,False,False,https://www.sunset-senior-living.com,Active,Louisiana Department of Health,2025-07-12,32.480903,-90.841561
119,Louisiana Home,9215 Elysian Fields,Opelousas,St. Landry,LA,70546,(985) 534-6872,Memory Care Community,"Adult Day Care, Intermediate Care, Assisted Living, Continuing Care",126,LA-ALF-86166,Louisiana Department of Health,2024-06-12,86,True,False,True,https://www.opelousas-senior-living.com,Active,Louisiana Department of Health,2025-07-12,29.526349,-91.143746
120,Acadia Manor,4511 Carrollton Avenue,Crowley,Acadia,LA,70461,(985) 697-9301,Adult Residential Care,"Adult Residential Care, Skilled Nursing, Assisted Living, Intermediate Care",127,LA-ALF-20947,Louisiana Department of Health,2024-01-27,91,False,True,True,https://www.crowley-senior-living.com,Active,Louisiana Department of Health,2025-07-12,32.280132,-93.150086
121,Louisiana Plaza,7549 Elysian Fields,Church Point,Acadia,LA,70192,(337) 840-3867,Intermediate Care Facility,"Intermediate Care, Adult Residential Care, Adult Day Care",47,LA-ALF-26740,Louisiana Department of Health,2024-02-11,76,False,False,True,https://www.churchpoint-senior-living.com,Active,Louisiana Department of Health,2025-07-12,29.598797,-91.841502
122,Garden Estates,8127 Veterans Boulevard,Church Point,Acadia,LA,71796,(985) 419-7402,Assisted Living Facility,"Respite Care, Memory Care, Assisted Living",131,LA-ALF-40669,Louisiana Department of Health,2024-07-14,88,False,True,True,https://www.churchpoint-senior-living.com,Active,Louisiana Department of Health,2025-07-12,32.274266,-91.81589
123,Magnolia Retirement Community,5708 Canal Street,Welsh,Jefferson Davis,LA,70373,(318) 805-8850,Continuing Care Retirement Community,"Skilled Nursing, Intermediate Care, Independent Living",67,LA-ALF-44933,Louisiana Department of Health,2024-03-28,99,False,False,False,https://www.welsh-senior-living.com,Active,Louisiana Department of Health,2025-07-12,29.425289,-90.51487
124,Jefferson Davis Assisted Living,1826 Royal Street,Welsh,Jefferson Davis,LA,71804,(318) 541-7115,Adult Day Health Care,"Respite Care, Skilled Nursing, Intermediate Care, Independent Living",75,LA-ALF-52591,Louisiana Department of Health,2024-06-01,77,True,True,True,https://www.welsh-senior-living.com,Active,Louisiana Department of Health,2025-07-12,31.786087,-92.793395
125,Cypress House,4349 St. Charles Avenue,Elton,Jefferson Davis,LA,71979,(318) 562-5924,Continuing Care Retirement Community,"Adult Day Care, Adult Residential Care, Skilled Nursing",87,LA-ALF-19031,Louisiana Department of Health,2024-09-16,91,True,False,True,https://www.elton-senior-living.com,Active,Louisiana Department of Health,2025-07-12,31.842276,-91.329736
126,Jennings Plaza,5405 Magazine Street,Jennings,Jefferson Davis,LA,71442,(318) 360-9820,Assisted Living Facility,"Respite Care, Independent Living, Continuing Care, Memory Care",98,LA-ALF-32903,Louisiana Department of Health,2024-10-27,86,False,False,False,https://www.jennings-senior-living.com,Active,Louisiana Department of Health,2025-07-12,29.099018,-92.782571
127,Calcasieu Retirement Community,6938 Broad Street,Lake Charles,Calcasieu,LA,70601,(225) 273-3680,Adult Day Health Care,"Respite Care, Skilled Nursing",88,LA-ALF-21031,Louisiana Department of Health,2024-08-25,91,False,False,False,https://www.lakecharles-senior-living.com,Active,Louisiana Department of Health,2025-07-12,30.24159,-93.175228
128,Louisiana Place,6298 Harrison Avenue,Lake Charles,Calcasieu,LA,70607,(318) 393-5228,Adult Day Health Care,"Skilled Nursing, Assisted Living, Continuing Care",96,LA-ALF-96991,Louisiana Department of Health,2024-01-27,74,False,False,True,https://www.lakecharles-senior-living.com,Active,Louisiana Department of Health,2025-07-12,30.230192,-93.177909
129,Sulphur Residence,3632 Elysian Fields,Sulphur,Calcasieu,LA,70816,(318) 887-6356,Skilled Nursing Facility,"Respite Care, Adult Day Care, Assisted Living",118,LA-ALF-21582,Louisiana Department of Health,2024-04-10,95,True,True,True,https://www.sulphur-senior-living.com,Active,Louisiana Department of Health,2025-07-12,30.400516,-91.785337
130,Cypress Memory Care,106 Canal Street,Sulphur,Calcasieu,LA,70838,(337) 324-1246,Memory Care Community,"Assisted Living, Adult Day Care",110,LA-ALF-24151,Louisiana Department of Health,2024-04-13,86,False,True,True,https://www.sulphur-senior-living.com,Active,Louisiana Department of Health,2025-07-12,30.653713,-89.641329
131,Lake Charles Estates,6718 Canal Street,Lake Charles,Calcasieu,LA,70608,(337) 529-5187,Memory Care Community,"Adult Residential Care, Independent Living, Adult Day Care, Memory Care",27,LA-ALF-90589,Louisiana Department of Health,2024-07-21,98,True,True,False,https://www.lakecharles-senior-living.com,Active,Louisiana Department of Health,2025-07-12,30.248046,-93.182309
132,Heritage Village,8655 Elysian Fields,Creole,Cameron,LA,71794,(504) 717-7801,Skilled Nursing Facility,"Continuing Care, Independent Living, Skilled Nursing, Memory Care",105,LA-ALF-99258,Louisiana Department of Health,2024-12-28,98,True,True,False,https://www.creole-senior-living.com,Active,Louisiana Department of Health,2025-07-12,32.314542,-93.014168
133,Creole Assisted Living,3384 Bourbon Street,Creole,Cameron,LA,70590,(337) 850-1131,Assisted Living Facility,"Intermediate Care, Memory Care",96,LA-ALF-19777,Louisiana Department of Health,2024-11-09,88,False,False,True,https://www.creole-senior-living.com,Active,Louisiana Department of Health,2025-07-12,32.060051,-93.040055
134,Bayou Center,2914 Canal Street,Kaplan,Vermilion,LA,71459,(318) 490-4583,Adult Day Health Care,"Intermediate Care, Adult Day Care, Assisted Living, Independent Living",129,LA-ALF-63838,Louisiana Department of Health,2024-04-26,80,True,False,True,https://www.kaplan-senior-living.com,Active,Louisiana Department of Health,2025-07-12,30.312567,-93.969724
135,Cajun Residence,3661 Jefferson Highway,Gueydan,Vermilion,LA,70358,(225) 973-1439,Continuing Care Retirement Community,"Memory Care, Continuing Care",83,LA-ALF-18576,Louisiana Department of Health,2024-06-13,94,False,False,True,https://www.gueydan-senior-living.com,Active,Louisiana Department of Health,2025-07-12,31.952759,-92.066649
136,Creole Center,7776 St. Charles Avenue,Broussard,Lafayette,LA,71470,(985) 566-2876,Memory Care Community,"Skilled Nursing, Assisted Living",123,LA-ALF-52987,Louisiana Department of Health,2024-12-12,90,False,True,False,https://www.broussard-senior-living.com,Active,Louisiana Department of Health,2025-07-12,31.842175,-92.776392
137,Lafayette Place,5527 Elysian Fields,Youngsville,Lafayette,LA,71730,(985) 281-1966,Adult Residential Care,"Skilled Nursing, Intermediate Care, Respite Care, Independent Living",123,LA-ALF-15143,Louisiana Department of Health,2024-02-22,91,False,False,True,https://www.youngsville-senior-living.com,Active,Louisiana Department of Health,2025-07-12,31.293071,-93.318684
138,Bayou Village,6483 River Road,Broussard,Lafayette,LA,71537,(225) 274-7322,Residential Care Home,"Assisted Living, Intermediate Care",114,LA-ALF-12038,Louisiana Department of Health,2024-12-22,80,False,True,True,https://www.broussard-senior-living.com,Active,Louisiana Department of Health,2025-07-12,29.239,-90.219546
139,Southern Gardens,1117 Causeway Boulevard,Youngsville,Lafayette,LA,70416,(504) 233-8947,Residential Care Home,"Respite Care, Memory Care, Independent Living",61,LA-ALF-37348,Louisiana Department of Health,2024-02-09,80,True,False,True,https://www.youngsville-senior-living.com,Active,Louisiana Department of Health,2025-07-12,30.739462,-89.228048
140,Bayou Village,8308 Veterans Boulevard,Broussard,Lafayette,LA,71253,(318) 946-9027,Intermediate Care Facility,"Respite Care, Intermediate Care, Adult Residential Care",43,LA-ALF-72224,Louisiana Department of Health,2024-01-11,75,False,False,True,https://www.broussard-senior-living.com,Active,Louisiana Department of Health,2025-07-12,30.610237,-91.394761
141,Lafayette Senior Living,6112 Esplanade Avenue,Lafayette,Lafayette,LA,70508,(225) 989-7246,Memory Care Community,"Respite Care, Skilled Nursing, Assisted Living",37,LA-ALF-52728,Louisiana Department of Health,2024-08-18,85,True,True,True,https://www.lafayette-senior-living.com,Active,Louisiana Department of Health,2025-07-12,30.226599,-91.989911
142,Bienville Residence,8964 Harrison Avenue,Lafayette,Lafayette,LA,70503,(985) 574-3384,Adult Residential Care,"Memory Care, Adult Residential Care",123,LA-ALF-14548,Louisiana Department of Health,2024-07-13,78,False,False,True,https://www.lafayette-senior-living.com,Active,Louisiana Department of Health,2025-07-12,30.224261,-91.999278
143,Loreauville Senior Living,6819 Carrollton Avenue,Loreauville,Iberia,LA,71859,(504) 702-9957,Residential Care Home,"Intermediate Care, Respite Care, Assisted Living",106,LA-ALF-76229,Louisiana Department of Health,2024-10-15,96,True,False,False,https://www.loreauville-senior-living.com,Active,Louisiana Department of Health,2025-07-12,30.659353,-90.103093
144,Live Oak Court,1431 Causeway Boulevard,Loreauville,Iberia,LA,71162,(225) 497-7885,Memory Care Community,"Independent Living, Skilled Nursing, Memory Care",137,LA-ALF-63139,Louisiana Department of Health,2024-10-20,92,False,False,True,https://www.loreauville-senior-living.com,Active,Louisiana Department of Health,2025-07-12,31.789325,-89.850422
145,Live Oak Place,5638 Harrison Avenue,Jeanerette,Iberia,LA,71341,(225) 500-8711,Memory Care Community,"Skilled Nursing, Respite Care, Adult Day Care",113,LA-ALF-64423,Louisiana Department of Health,2024-11-05,82,False,False,True,https://www.jeanerette-senior-living.com,Active,Louisiana Department of Health,2025-07-12,32.412106,-92.95191
146,Jeanerette Retirement Community,2888 Magazine Street,Jeanerette,Iberia,LA,71421,(504) 420-5126,Continuing Care Retirement Community,"Adult Day Care, Continuing Care, Independent Living, Adult Residential Care",60,LA-ALF-88654,Louisiana Department of Health,2024-03-08,85,False,True,False,https://www.jeanerette-senior-living.com,Active,Louisiana Department of Health,2025-07-12,32.670216,-89.645428
147,Bienville Place,1933 Airline Highway,New Iberia,Iberia,LA,70546,(225) 812-6268,Skilled Nursing Facility,"Adult Residential Care, Respite Care, Independent Living, Assisted Living",113,LA-ALF-52063,Louisiana Department of Health,2024-05-24,91,True,True,False,https://www.newiberia-senior-living.com,Active,Louisiana Department of Health,2025-07-12,29.444194,-92.584115
148,Creole Manor,590 Carrollton Avenue,New Iberia,Iberia,LA,70557,(985) 711-9957,Residential Care Home,"Adult Day Care, Skilled Nursing, Respite Care, Memory Care",116,LA-ALF-33429,Louisiana Department of Health,2024-11-22,84,False,True,True,https://www.newiberia-senior-living.com,Active,Louisiana Department of Health,2025-07-12,29.6586,-92.222289
149,Iberia Court,4888 River Road,Jeanerette,Iberia,LA,71143,(225) 595-8955,Intermediate Care Facility,"Assisted Living, Adult Day Care, Memory Care",28,LA-ALF-83368,Louisiana Department of Health,2024-08-18,89,True,False,False,https://www.jeanerette-senior-living.com,Active,Louisiana Department of Health,2025-07-12,30.987402,-90.603264
150,Colonial Memory Care,9860 Esplanade Avenue,Berwick,St. Mary,LA,70114,(225) 563-6946,Residential Care Home,"Adult Residential Care, Continuing Care, Skilled Nursing, Memory Care",95,LA-ALF-71352,Louisiana Department of Health,2024-12-19,94,True,True,False,https://www.berwick-senior-living.com,Active,Louisiana Department of Health,2025-07-12,29.85892,-91.340091
151,St. Mary Manor,3314 Royal Street,Berwick,St. Mary,LA,70424,(318) 311-8935,Assisted Living Facility,"Assisted Living, Adult Residential Care, Independent Living",106,LA-ALF-18095,Louisiana Department of Health,2024-08-23,74,True,True,False,https://www.berwick-senior-living.com,Active,Louisiana Department of Health,2025-07-12,29.510359,-93.786721
152,Cajun Center,9742 Causeway Boulevard,St. Martinville,St. Martin,LA,70643,(337) 546-4050,Skilled Nursing Facility,"Assisted Living, Continuing Care",111,LA-ALF-55642,Louisiana Department of Health,2024-12-21,92,False,True,True,https://www.stmartinville-senior-living.com,Active,Louisiana Department of Health,2025-07-12,30.210057,-89.227254
153,St. Martin Plaza,7405 St. Charles Avenue,St. Martinville,St. Martin,LA,70805,(504) 848-1729,Adult Day Health Care,"Independent Living, Intermediate Care, Adult Day Care, Continuing Care",59,LA-ALF-49192,Louisiana Department of Health,2024-02-20,84,False,True,True,https://www.stmartinville-senior-living.com,Active,Louisiana Department of Health,2025-07-12,30.753216,-90.079048
154,Magnolia Court,5516 Magazine Street,Henderson,St. Martin,LA,70307,(504) 576-5425,Intermediate Care Facility,"Assisted Living, Independent Living, Adult Day Care",128,LA-ALF-51236,Louisiana Department of Health,2024-03-20,73,True,True,False,https://www.henderson-senior-living.com,Active,Louisiana Department of Health,2025-07-12,30.514948,-90.83822
155,Southern Commons,3854 Airline Highway,Pierre Part,Assumption,LA,70726,(225) 993-9398,Assisted Living Facility,"Adult Residential Care, Skilled Nursing, Intermediate Care",128,LA-ALF-68451,Louisiana Department of Health,2024-09-06,75,False,False,False,https://www.pierrepart-senior-living.com,Active,Louisiana Department of Health,2025-07-12,32.934268,-90.589034
156,Assumption Village,1791 Esplanade Avenue,Pierre Part,Assumption,LA,71599,(504) 251-9477,Residential Care Home,"Memory Care, Adult Residential Care, Independent Living, Respite Care",77,LA-ALF-82153,Louisiana Department of Health,2024-04-10,79,True,False,False,https://www.pierrepart-senior-living.com,Active,Louisiana Department of Health,2025-07-12,31.807384,-90.449693
157,Magnolia Gardens,2500 Broad Street,Labadieville,Assumption,LA,71777,(504) 985-1506,Skilled Nursing Facility,"Skilled Nursing, Continuing Care",25,LA-ALF-22703,Louisiana Department of Health,2024-02-26,98,True,False,False,https://www.labadieville-senior-living.com,Active,Louisiana Department of Health,2025-07-12,29.414614,-93.186467
158,Assumption Residence,6161 Carrollton Avenue,Labadieville,Assumption,LA,71848,(985) 380-5807,Continuing Care Retirement Community,"Independent Living, Respite Care, Continuing Care, Memory Care",86,LA-ALF-13167,Louisiana Department of Health,2024-01-03,89,True,False,True,https://www.labadieville-senior-living.com,Active,Louisiana Department of Health,2025-07-12,30.217744,-93.2879
159,Pecan Home,961 Canal Street,Houma,Terrebonne,LA,70363,(504) 916-7772,Skilled Nursing Facility,"Continuing Care, Respite Care",94,LA-ALF-84983,Louisiana Department of Health,2024-09-18,95,False,False,True,https://www.houma-senior-living.com,Active,Louisiana Department of Health,2025-07-12,29.607344,-90.702579
160,Bayou Court,2450 Esplanade Avenue,Schriever,Terrebonne,LA,71561,(504) 666-5518,Adult Day Health Care,"Adult Day Care, Skilled Nursing, Assisted Living, Independent Living",53,LA-ALF-74380,Louisiana Department of Health,2024-03-27,90,False,False,True,https://www.schriever-senior-living.com,Active,Louisiana Department of Health,2025-07-12,30.571595,-93.530739
161,Southern Court,2947 Elysian Fields,Gray,Terrebonne,LA,71124,(225) 851-5100,Adult Day Health Care,"Skilled Nursing, Adult Residential Care, Intermediate Care, Memory Care",50,LA-ALF-84779,Louisiana Department of Health,2024-11-17,76,True,True,False,https://www.gray-senior-living.com,Active,Louisiana Department of Health,2025-07-12,31.087422,-89.163898
162,Southern Senior Living,134 Bourbon Street,Gray,Terrebonne,LA,70478,(225) 233-2807,Intermediate Care Facility,"Intermediate Care, Adult Day Care",26,LA-ALF-36884,Louisiana Department of Health,2024-03-13,78,True,True,True,https://www.gray-senior-living.com,Active,Louisiana Department of Health,2025-07-12,30.523725,-92.617176
163,Gray Center,8608 Elysian Fields,Gray,Terrebonne,LA,70861,(337) 397-7158,Memory Care Community,"Adult Residential Care, Assisted Living",111,LA-ALF-22226,Louisiana Department of Health,2024-05-07,98,False,False,True,https://www.gray-senior-living.com,Active,Louisiana Department of Health,2025-07-12,32.415282,-90.017755
164,Spanish Moss Residence,9495 Harrison Avenue,Schriever,Terrebonne,LA,71554,(337) 498-5452,Residential Care Home,"Memory Care, Respite Care",39,LA-ALF-82313,Louisiana Department of Health,2024-02-23,76,True,False,True,https://www.schriever-senior-living.com,Active,Louisiana Department of Health,2025-07-12,29.940491,-91.870098
165,Louisiana Senior Living,7205 Esplanade Avenue,Schriever,Terrebonne,LA,71967,(504) 383-5343,Continuing Care Retirement Community,"Skilled Nursing, Adult Day Care, Independent Living, Continuing Care",129,LA-ALF-46831,Louisiana Department of Health,2024-08-16,93,False,False,False,https://www.schriever-senior-living.com,Active,Louisiana Department of Health,2025-07-12,32.74354,-92.444417
166,Garden Estates,248 Harrison Avenue,Thibodaux,Lafourche,LA,70536,(985) 269-1023,Continuing Care Retirement Community,"Memory Care, Continuing Care",135,LA-ALF-92943,Louisiana Department of Health,2024-02-16,93,True,False,False,https://www.thibodaux-senior-living.com,Active,Louisiana Department of Health,2025-07-12,30.143967,-89.454966
167,Plantation Residence,9024 Royal Street,Larose,Lafourche,LA,70590,(337) 239-9916,Adult Residential Care,"Respite Care, Independent Living, Continuing Care",136,LA-ALF-19652,Louisiana Department of Health,2024-02-03,98,True,False,False,https://www.larose-senior-living.com,Active,Louisiana Department of Health,2025-07-12,31.110593,-89.072471
168,River Estates,499 River Road,Thibodaux,Lafourche,LA,70455,(985) 302-9246,Intermediate Care Facility,"Continuing Care, Skilled Nursing, Respite Care",43,LA-ALF-37090,Louisiana Department of Health,2024-11-09,83,False,False,True,https://www.thibodaux-senior-living.com,Active,Louisiana Department of Health,2025-07-12,31.851363,-90.606444
169,Raceland Care Center,5756 Esplanade Avenue,Raceland,Lafourche,LA,70220,(985) 719-9467,Memory Care Community,"Intermediate Care, Adult Day Care, Continuing Care",25,LA-ALF-77488,Louisiana Department of Health,2024-11-21,90,False,False,False,https://www.raceland-senior-living.com,Active,Louisiana Department of Health,2025-07-12,32.841891,-91.645734
170,Cajun Village,4379 Broad Street,Larose,Lafourche,LA,70174,(504) 819-6314,Intermediate Care Facility,"Memory Care, Intermediate Care, Independent Living, Continuing Care",28,LA-ALF-51328,Louisiana Department of Health,2024-09-14,84,True,False,True,https://www.larose-senior-living.com,Active,Louisiana Department of Health,2025-07-12,29.361493,-93.140109
171,Southern Plaza,9462 Veterans Boulevard,Thibodaux,Lafourche,LA,71355,(318) 738-3329,Intermediate Care Facility,"Continuing Care, Skilled Nursing",37,LA-ALF-90148,Louisiana Department of Health,2024-02-16,100,True,False,False,https://www.thibodaux-senior-living.com,Active,Louisiana Department of Health,2025-07-12,31.716697,-91.33972
172,Oak Plaza,4466 Broad Street,Raceland,Lafourche,LA,71581,(985) 206-3227,Adult Residential Care,"Respite Care, Adult Day Care, Adult Residential Care",95,LA-ALF-68688,Louisiana Department of Health,2024-04-28,91,True,True,True,https://www.raceland-senior-living.com,Active,Louisiana Department of Health,2025-07-12,31.121115,-93.29671
173,Reserve Plaza,9941 Bourbon Street,Reserve,St. John the Baptist,LA,70681,(985) 617-4569,Skilled Nursing Facility,"Adult Day Care, Adult Residential Care, Continuing Care, Independent Living",78,LA-ALF-88426,Louisiana Department of Health,2024-05-21,90,True,True,False,https://www.reserve-senior-living.com,Active,Louisiana Department of Health,2025-07-12,32.545632,-89.424564
174,Garyville Memory Care,4865 Canal Street,Garyville,St. John the Baptist,LA,70392,(318) 582-2591,Intermediate Care Facility,"Continuing Care, Intermediate Care, Skilled Nursing",91,LA-ALF-88855,Louisiana Department of Health,2024-06-25,99,True,False,False,https://www.garyville-senior-living.com,Active,Louisiana Department of Health,2025-07-12,30.536021,-93.530472
175,Oak Care Center,1292 River Road,LaPlace,St. John the Baptist,LA,70866,(318) 591-8557,Assisted Living Facility,"Continuing Care, Assisted Living, Skilled Nursing",76,LA-ALF-93182,Louisiana Department of Health,2024-05-16,82,False,False,False,https://www.laplace-senior-living.com,Active,Louisiana Department of Health,2025-07-12,29.956131,-89.481475
176,Garden Commons,1699 Harrison Avenue,Garyville,St. John the Baptist,LA,70412,(225) 518-7343,Skilled Nursing Facility,"Continuing Care, Adult Day Care, Memory Care, Respite Care",32,LA-ALF-76488,Louisiana Department of Health,2024-03-14,76,False,True,False,https://www.garyville-senior-living.com,Active,Louisiana Department of Health,2025-07-12,32.622814,-91.614337
177,Bayou Senior Living,2987 River Road,Convent,St. James,LA,70286,(318) 783-5084,Residential Care Home,"Adult Day Care, Respite Care, Independent Living",106,LA-ALF-46130,Louisiana Department of Health,2024-05-02,77,False,True,True,https://www.convent-senior-living.com,Active,Louisiana Department of Health,2025-07-12,29.183323,-91.214472
178,Garden Residence,2531 Veterans Boulevard,Convent,St. James,LA,70596,(985) 574-4110,Adult Day Health Care,"Intermediate Care, Continuing Care, Skilled Nursing",64,LA-ALF-62951,Louisiana Department of Health,2024-01-15,98,True,False,False,https://www.convent-senior-living.com,Active,Louisiana Department of Health,2025-07-12,30.814655,-89.658605
179,Live Oak Residence,939 Elysian Fields,Convent,St. James,LA,70792,(985) 972-7376,Skilled Nursing Facility,"Skilled Nursing, Adult Residential Care, Independent Living, Adult Day Care",43,LA-ALF-29008,Louisiana Department of Health,2024-11-15,96,False,False,True,https://www.convent-senior-living.com,Active,Louisiana Department of Health,2025-07-12,32.02027,-93.988607
180,Pecan Residence,7494 Causeway Boulevard,Gonzales,Ascension,LA,70254,(225) 241-8322,Adult Day Health Care,"Independent Living, Assisted Living",55,LA-ALF-72664,Louisiana Department of Health,2024-06-28,84,False,False,False,https://www.gonzales-senior-living.com,Active,Louisiana Department of Health,2025-07-12,30.520904,-91.803281
181,Ascension House,1597 River Road,Donaldsonville,Ascension,LA,70882,(318) 603-3842,Intermediate Care Facility,"Adult Day Care, Memory Care, Intermediate Care",98,LA-ALF-95016,Louisiana Department of Health,2024-10-11,94,True,False,False,https://www.donaldsonville-senior-living.com,Active,Louisiana Department of Health,2025-07-12,32.265918,-92.859834
182,Ascension Assisted Living,6186 Esplanade Avenue,Gonzales,Ascension,LA,70997,(318) 268-6374,Memory Care Community,"Adult Day Care, Memory Care, Assisted Living, Skilled Nursing",139,LA-ALF-62946,Louisiana Department of Health,2024-08-21,99,True,True,True,https://www.gonzales-senior-living.com,Active,Louisiana Department of Health,2025-07-12,30.636518,-90.255309
183,Bayou Center,1861 Elysian Fields,Prairieville,Ascension,LA,71365,(318) 641-7765,Memory Care Community,"Intermediate Care, Adult Residential Care",134,LA-ALF-18213,Louisiana Department of Health,2024-07-10,89,True,False,False,https://www.prairieville-senior-living.com,Active,Louisiana Department of Health,2025-07-12,31.281774,-93.460559
184,Oak Village,9088 Carrollton Avenue,Plaquemine,Iberville,LA,70668,(985) 322-3640,Memory Care Community,"Adult Day Care, Assisted Living, Continuing Care",93,LA-ALF-81042,Louisiana Department of Health,2024-04-25,100,True,False,True,https://www.plaquemine-senior-living.com,Active,Louisiana Department of Health,2025-07-12,29.906347,-90.954844
185,Southern Retirement Community,5423 Royal Street,White Castle,Iberville,LA,71438,(985) 729-6249,Adult Day Health Care,"Adult Day Care, Independent Living, Continuing Care",62,LA-ALF-80564,Louisiana Department of Health,2024-05-16,100,False,True,False,https://www.whitecastle-senior-living.com,Active,Louisiana Department of Health,2025-07-12,31.765139,-89.935799
186,Bayou Retirement Community,407 Causeway Boulevard,Plaquemine,Iberville,LA,70785,(504) 553-2194,Intermediate Care Facility,"Intermediate Care, Continuing Care, Skilled Nursing, Adult Residential Care",38,LA-ALF-36820,Louisiana Department of Health,2024-01-24,86,False,False,True,https://www.plaquemine-senior-living.com,Active,Louisiana Department of Health,2025-07-12,29.262111,-93.583821
187,Garden Manor,3949 Bourbon Street,Brusly,West Baton Rouge,LA,70663,(318) 364-1107,Intermediate Care Facility,"Memory Care, Adult Residential Care",43,LA-ALF-59214,Louisiana Department of Health,2024-12-07,77,True,True,False,https://www.brusly-senior-living.com,Active,Louisiana Department of Health,2025-07-12,30.155154,-93.480292
188,Cypress Assisted Living,8264 Royal Street,Port Allen,West Baton Rouge,LA,70197,(985) 784-5633,Memory Care Community,"Skilled Nursing, Memory Care, Respite Care",108,LA-ALF-71014,Louisiana Department of Health,2024-09-01,95,True,False,True,https://www.portallen-senior-living.com,Active,Louisiana Department of Health,2025-07-12,31.06728,-90.412472
189,East Baton Rouge House,2369 Causeway Boulevard,Baton Rouge,East Baton Rouge,LA,70808,(225) 868-8743,Intermediate Care Facility,"Adult Residential Care, Continuing Care, Memory Care",99,LA-ALF-42712,Louisiana Department of Health,2024-06-25,89,False,False,False,https://www.batonrouge-senior-living.com,Active,Louisiana Department of Health,2025-07-12,30.464397,-91.162566
190,Zachary Gardens,7078 Carrollton Avenue,Zachary,East Baton Rouge,LA,70839,(985) 293-2103,Residential Care Home,"Independent Living, Adult Day Care, Continuing Care, Intermediate Care",77,LA-ALF-82771,Louisiana Department of Health,2024-04-22,87,True,False,False,https://www.zachary-senior-living.com,Active,Louisiana Department of Health,2025-07-12,32.546489,-90.927892
191,Cypress Memory Care,6710 Veterans Boulevard,Zachary,East Baton Rouge,LA,70895,(337) 659-9478,Skilled Nursing Facility,"Adult Residential Care, Intermediate Care, Continuing Care, Adult Day Care",86,LA-ALF-95401,Louisiana Department of Health,2024-08-01,86,True,False,False,https://www.zachary-senior-living.com,Active,Louisiana Department of Health,2025-07-12,29.630705,-89.364947
192,Baton Rouge Residence,2635 Airline Highway,Baton Rouge,East Baton Rouge,LA,70807,(504) 598-7740,Intermediate Care Facility,"Adult Day Care, Adult Residential Care",51,LA-ALF-56389,Louisiana Department of Health,2024-09-26,81,False,False,False,https://www.batonrouge-senior-living.com,Active,Louisiana Department of Health,2025-07-12,30.463789,-91.186099
193,Live Oak Estates,1610 Esplanade Avenue,Zachary,East Baton Rouge,LA,70855,(318) 945-8471,Skilled Nursing Facility,"Assisted Living, Independent Living",68,LA-ALF-43043,Louisiana Department of Health,2024-08-06,84,False,True,False,https://www.zachary-senior-living.com,Active,Louisiana Department of Health,2025-07-12,29.207932,-89.113138
194,Cajun Place,6478 Elysian Fields,Baton Rouge,East Baton Rouge,LA,70806,(318) 438-5058,Assisted Living Facility,"Assisted Living, Independent Living, Memory Care, Intermediate Care",96,LA-ALF-54060,Louisiana Department of Health,2024-02-04,80,False,True,True,https://www.batonrouge-senior-living.com,Active,Louisiana Department of Health,2025-07-12,30.470847,-91.17598
195,Live Oak House,1001 Veterans Boulevard,Zachary,East Baton Rouge,LA,70860,(318) 611-5822,Continuing Care Retirement Community,"Assisted Living, Intermediate Care, Skilled Nursing",120,LA-ALF-34078,Louisiana Department of Health,2024-10-25,100,True,False,True,https://www.zachary-senior-living.com,Active,Louisiana Department of Health,2025-07-12,31.181453,-90.124074
196,Delta Center,9130 Royal Street,Morganza,Pointe Coupee,LA,71773,(225) 322-1636,Adult Residential Care,"Respite Care, Adult Day Care, Intermediate Care, Independent Living",97,LA-ALF-40243,Louisiana Department of Health,2024-12-13,85,True,True,True,https://www.morganza-senior-living.com,Active,Louisiana Department of Health,2025-07-12,29.323413,-90.184475
197,Creole House,779 St. Charles Avenue,Livonia,Pointe Coupee,LA,70567,(985) 824-5845,Assisted Living Facility,"Intermediate Care, Adult Day Care",133,LA-ALF-94316,Louisiana Department of Health,2024-04-12,77,True,True,True,https://www.livonia-senior-living.com,Active,Louisiana Department of Health,2025-07-12,32.967932,-91.109846
198,Plantation Place,6629 River Road,New Roads,Pointe Coupee,LA,71210,(318) 733-7755,Skilled Nursing Facility,"Assisted Living, Skilled Nursing, Respite Care",67,LA-ALF-38288,Louisiana Department of Health,2024-04-20,73,False,True,True,https://www.newroads-senior-living.com,Active,Louisiana Department of Health,2025-07-12,29.494353,-91.62906
199,West Feliciana Manor,388 Causeway Boulevard,Jackson,West Feliciana,LA,71206,(985) 715-9354,Adult Residential Care,"Memory Care, Assisted Living",41,LA-ALF-81849,Louisiana Department of Health,2024-08-04,79,False,True,True,https://www.jackson-senior-living.com,Active,Louisiana Department of Health,2025-07-12,30.391009,-93.78123
200,Southern Residence,9792 Veterans Boulevard,St. Francisville,West Feliciana,LA,71380,(985) 485-6595,Continuing Care Retirement Community,"Continuing Care, Adult Day Care",54,LA-ALF-62344,Louisiana Department of Health,2024-07-08,82,True,True,True,https://www.stfrancisville-senior-living.com,Active,Louisiana Department of Health,2025-07-12,30.946116,-89.361158
201,Norwood Care Center,9156 Jefferson Highway,Norwood,East Feliciana,LA,70367,(985) 513-7678,Adult Day Health Care,"Adult Day Care, Assisted Living",82,LA-ALF-93069,Louisiana Department of Health,2024-06-25,89,True,False,False,https://www.norwood-senior-living.com,Active,Louisiana Department of Health,2025-07-12,30.872435,-90.644594
202,Creole Assisted Living,7858 Jefferson Highway,Norwood,East Feliciana,LA,70517,(225) 612-8458,Intermediate Care Facility,"Adult Day Care, Assisted Living, Continuing Care",115,LA-ALF-16869,Louisiana Department of Health,2024-07-18,84,False,True,False,https://www.norwood-senior-living.com,Active,Louisiana Department of Health,2025-07-12,29.319854,-90.842112
203,Willow Assisted Living,1348 Royal Street,Denham Springs,Livingston,LA,71290,(985) 594-1241,Intermediate Care Facility,"Continuing Care, Independent Living",133,LA-ALF-75435,Louisiana Department of Health,2024-01-27,87,False,True,True,https://www.denhamsprings-senior-living.com,Active,Louisiana Department of Health,2025-07-12,32.180212,-90.897741
204,Livingston Center,9950 Broad Street,Livingston,Livingston,LA,71573,(985) 777-7739,Memory Care Community,"Adult Residential Care, Memory Care",95,LA-ALF-66911,Louisiana Department of Health,2024-12-20,92,False,True,False,https://www.livingston-senior-living.com,Active,Louisiana Department of Health,2025-07-12,31.287218,-93.590946
205,Heritage Village,7572 Royal Street,Walker,Livingston,LA,70654,(504) 700-6190,Adult Day Health Care,"Adult Day Care, Adult Residential Care, Assisted Living, Respite Care",54,LA-ALF-94289,Louisiana Department of Health,2024-07-22,76,True,False,False,https://www.walker-senior-living.com,Active,Louisiana Department of Health,2025-07-12,31.38081,-92.657074
206,Livingston Plaza,1654 West Bank Expressway,Walker,Livingston,LA,70575,(985) 221-8470,Adult Residential Care,"Independent Living, Adult Day Care, Respite Care, Skilled Nursing",82,LA-ALF-70644,Louisiana Department of Health,2024-09-03,100,False,True,True,https://www.walker-senior-living.com,Active,Louisiana Department of Health,2025-07-12,31.849985,-92.305245
207,Live Oak Care Center,5385 Magazine Street,Livingston,Livingston,LA,71106,(225) 340-7918,Continuing Care Retirement Community,"Continuing Care, Memory Care",63,LA-ALF-68430,Louisiana Department of Health,2024-03-18,74,False,True,False,https://www.livingston-senior-living.com,Active,Louisiana Department of Health,2025-07-12,32.72064,-90.991459
208,Bayou Care Center,9114 River Road,Livingston,Livingston,LA,70143,(318) 651-6627,Assisted Living Facility,"Assisted Living, Continuing Care",141,LA-ALF-61600,Louisiana Department of Health,2024-12-11,99,True,False,True,https://www.livingston-senior-living.com,Active,Louisiana Department of Health,2025-07-12,32.924661,-92.585674
209,Spanish Moss Residence,4827 Causeway Boulevard,Hammond,Tangipahoa,LA,71968,(225) 619-2604,Adult Day Health Care,"Assisted Living, Adult Residential Care",76,LA-ALF-82933,Louisiana Department of Health,2024-03-06,79,False,True,False,https://www.hammond-senior-living.com,Active,Louisiana Department of Health,2025-07-12,29.429665,-92.911479
210,Spanish Moss Commons,6584 Veterans Boulevard,Amite,Tangipahoa,LA,71536,(318) 993-4653,Intermediate Care Facility,"Independent Living, Adult Residential Care, Respite Care",96,LA-ALF-21760,Louisiana Department of Health,2024-02-17,74,True,True,False,https://www.amite-senior-living.com,Active,Louisiana Department of Health,2025-07-12,31.056883,-89.043168
211,River Estates,4133 Canal Street,Hammond,Tangipahoa,LA,71960,(225) 896-3855,Skilled Nursing Facility,"Adult Residential Care, Respite Care, Memory Care",60,LA-ALF-29839,Louisiana Department of Health,2024-06-09,96,False,False,False,https://www.hammond-senior-living.com,Active,Louisiana Department of Health,2025-07-12,30.506343,-90.422398
212,Colonial Commons,4799 West Bank Expressway,Amite,Tangipahoa,LA,70958,(504) 675-5631,Residential Care Home,"Adult Residential Care, Assisted Living, Memory Care, Adult Day Care",37,LA-ALF-45329,Louisiana Department of Health,2024-04-13,87,False,True,False,https://www.amite-senior-living.com,Active,Louisiana Department of Health,2025-07-12,29.971571,-92.242171
213,Bienville Estates,6066 Carrollton Avenue,Amite,Tangipahoa,LA,71741,(985) 395-4499,Continuing Care Retirement Community,"Adult Residential Care, Continuing Care",74,LA-ALF-87054,Louisiana Department of Health,2024-02-02,93,True,True,False,https://www.amite-senior-living.com,Active,Louisiana Department of Health,2025-07-12,31.741537,-91.059897
214,Cajun Center,2927 River Road,Franklinton,Washington,LA,71302,(318) 613-4093,Skilled Nursing Facility,"Continuing Care, Adult Residential Care, Intermediate Care, Adult Day Care",148,LA-ALF-74759,Louisiana Department of Health,2024-10-07,74,True,False,True,https://www.franklinton-senior-living.com,Active,Louisiana Department of Health,2025-07-12,29.644602,-91.278106
215,Louisiana Place,6369 Causeway Boulevard,Bogalusa,Washington,LA,71933,(985) 938-1746,Adult Day Health Care,"Memory Care, Adult Residential Care, Intermediate Care",128,LA-ALF-49196,Louisiana Department of Health,2024-11-03,87,False,False,True,https://www.bogalusa-senior-living.com,Active,Louisiana Department of Health,2025-07-12,30.973652,-92.008811
216,Southern Estates,7121 River Road,Pine,St. Helena,LA,70861,(318) 562-6462,Adult Day Health Care,"Memory Care, Respite Care, Continuing Care, Adult Day Care",96,LA-ALF-75827,Louisiana Department of Health,2024-09-23,98,False,False,False,https://www.pine-senior-living.com,Active,Louisiana Department of Health,2025-07-12,32.652146,-91.919906
217,Creole Memory Care,5178 River Road,Pine,St. Helena,LA,70180,(225) 439-4047,Assisted Living Facility,"Assisted Living, Skilled Nursing",60,LA-ALF-70542,Louisiana Department of Health,2024-11-22,97,True,True,False,https://www.pine-senior-living.com,Active,Louisiana Department of Health,2025-07-12,29.549441,-90.310689
218,River Plaza,4046 St. Charles Avenue,Pine,St. Helena,LA,71852,(504) 642-3330,Adult Day Health Care,"Continuing Care, Respite Care",30,LA-ALF-43288,Louisiana Department of Health,2024-09-21,89,True,True,False,https://www.pine-senior-living.com,Active,Louisiana Department of Health,2025-07-12,29.054751,-89.935815
219,Oak Senior Living,7633 Airline Highway,Covington,St. Tammany,LA,71707,(504) 819-7187,Adult Residential Care,"Adult Day Care, Assisted Living, Adult Residential Care",55,LA-ALF-12317,Louisiana Department of Health,2024-07-17,81,True,False,True,https://www.covington-senior-living.com,Active,Louisiana Department of Health,2025-07-12,32.401633,-92.945994
220,Cajun Memory Care,499 Causeway Boulevard,Slidell,St. Tammany,LA,70985,(985) 720-2859,Adult Day Health Care,"Respite Care, Adult Residential Care",59,LA-ALF-66039,Louisiana Department of Health,2024-02-05,75,False,True,False,https://www.slidell-senior-living.com,Active,Louisiana Department of Health,2025-07-12,29.879058,-90.479261
221,Louisiana Assisted Living,1748 West Bank Expressway,Covington,St. Tammany,LA,71711,(504) 627-1016,Skilled Nursing Facility,"Independent Living, Skilled Nursing, Respite Care, Adult Residential Care",128,LA-ALF-53367,Louisiana Department of Health,2024-04-02,95,True,True,False,https://www.covington-senior-living.com,Active,Louisiana Department of Health,2025-07-12,29.698053,-90.338077
222,Magnolia House,9037 Esplanade Avenue,Covington,St. Tammany,LA,70771,(225) 341-7415,Assisted Living Facility,"Memory Care, Adult Residential Care, Intermediate Care, Respite Care",125,LA-ALF-96079,Louisiana Department of Health,2024-06-02,86,True,True,True,https://www.covington-senior-living.com,Active,Louisiana Department of Health,2025-07-12,31.864339,-89.766445
223,River Place,9183 West Bank Expressway,Covington,St. Tammany,LA,71478,(337) 940-9973,Memory Care Community,"Adult Day Care, Assisted Living, Intermediate Care",39,LA-ALF-32780,Louisiana Department of Health,2024-02-19,92,True,True,False,https://www.covington-senior-living.com,Active,Louisiana Department of Health,2025-07-12,29.483597,-93.494211
224,Spanish Moss Commons,3920 Elysian Fields,Slidell,St. Tammany,LA,70612,(504) 368-5503,Memory Care Community,"Respite Care, Adult Day Care",100,LA-ALF-27087,Louisiana Department of Health,2024-06-26,98,False,False,True,https://www.slidell-senior-living.com,Active,Louisiana Department of Health,2025-07-12,32.239644,-89.502289
225,Covington Residence,7700 Carrollton Avenue,Covington,St. Tammany,LA,71740,(225) 330-1722,Intermediate Care Facility,"Assisted Living, Adult Residential Care, Memory Care, Adult Day Care",81,LA-ALF-39989,Louisiana Department of Health,2024-12-04,77,False,False,True,https://www.covington-senior-living.com,Active,Louisiana Department of Health,2025-07-12,29.24518,-92.237013
226,Bayou Gardens,978 Veterans Boulevard,Gretna,Orleans,LA,70172,(318) 871-2696,Intermediate Care Facility,"Memory Care, Continuing Care, Independent Living",103,LA-ALF-22584,Louisiana Department of Health,2024-02-25,73,False,True,True,https://www.gretna-senior-living.com,Active,Louisiana Department of Health,2025-07-12,32.387609,-93.743086
227,Bayou Care Center,8190 Broad Street,Gretna,Orleans,LA,70116,(318) 563-7596,Continuing Care Retirement Community,"Continuing Care, Respite Care, Memory Care, Independent Living",134,LA-ALF-61821,Louisiana Department of Health,2024-05-01,85,True,False,False,https://www.gretna-senior-living.com,Active,Louisiana Department of Health,2025-07-12,32.286786,-90.581047
228,Algiers House,4590 Harrison Avenue,Algiers,Orleans,LA,71750,(225) 813-6331,Assisted Living Facility,"Independent Living, Skilled Nursing, Assisted Living",80,LA-ALF-95950,Louisiana Department of Health,2024-09-18,95,False,True,True,https://www.algiers-senior-living.com,Active,Louisiana Department of Health,2025-07-12,31.947178,-93.324833
229,Cypress Retirement Community,7946 Veterans Boulevard,New Orleans,Orleans,LA,70116,(225) 653-4684,Skilled Nursing Facility,"Adult Residential Care, Respite Care, Intermediate Care, Independent Living",115,LA-ALF-81409,Louisiana Department of Health,2024-07-12,97,True,False,True,https://www.neworleans-senior-living.com,Active,Louisiana Department of Health,2025-07-12,29.951503,-90.071474
230,Plantation Assisted Living,8246 Magazine Street,Gretna,Orleans,LA,70111,(225) 278-9754,Residential Care Home,"Continuing Care, Intermediate Care, Adult Day Care",147,LA-ALF-74284,Louisiana Department of Health,2024-06-05,85,True,True,False,https://www.gretna-senior-living.com,Active,Louisiana Department of Health,2025-07-12,32.418867,-90.465464
231,Colonial Care Center,4749 St. Charles Avenue,Algiers,Orleans,LA,70846,(337) 905-9641,Adult Residential Care,"Adult Day Care, Intermediate Care, Assisted Living, Continuing Care",62,LA-ALF-16235,Louisiana Department of Health,2024-06-23,75,True,False,False,https://www.algiers-senior-living.com,Active,Louisiana Department of Health,2025-07-12,29.251307,-93.827067
232,Gretna Gardens,553 Jefferson Highway,Gretna,Orleans,LA,70179,(337) 425-3791,Adult Day Health Care,"Continuing Care, Memory Care, Assisted Living",26,LA-ALF-98460,Louisiana Department of Health,2024-05-13,75,False,True,True,https://www.gretna-senior-living.com,Active,Louisiana Department of Health,2025-07-12,29.260218,-89.853154
233,Magnolia Estates,6744 Elysian Fields,Metairie,Jefferson,LA,70167,(504) 319-7714,Memory Care Community,"Independent Living, Respite Care, Adult Day Care",107,LA-ALF-77212,Louisiana Department of Health,2024-09-09,98,False,True,False,https://www.metairie-senior-living.com,Active,Louisiana Department of Health,2025-07-12,31.915892,-92.296795
234,Delta Village,8965 Causeway Boulevard,Metairie,Jefferson,LA,70179,(504) 773-9569,Skilled Nursing Facility,"Adult Residential Care, Adult Day Care, Skilled Nursing",138,LA-ALF-29975,Louisiana Department of Health,2024-06-07,80,True,True,True,https://www.metairie-senior-living.com,Active,Louisiana Department of Health,2025-07-12,32.099609,-92.404491
235,Pecan Estates,817 Magazine Street,Kenner,Jefferson,LA,70065,(337) 377-8840,Assisted Living Facility,"Skilled Nursing, Adult Residential Care, Assisted Living, Respite Care",145,LA-ALF-10907,Louisiana Department of Health,2024-12-28,74,True,False,False,https://www.kenner-senior-living.com,Active,Louisiana Department of Health,2025-07-12,30.000157,-90.211932
236,Spanish Moss Village,9726 Royal Street,Metairie,Jefferson,LA,70187,(985) 798-2478,Residential Care Home,"Adult Day Care, Independent Living, Assisted Living",46,LA-ALF-21816,Louisiana Department of Health,2024-09-04,93,True,False,True,https://www.metairie-senior-living.com,Active,Louisiana Department of Health,2025-07-12,32.103521,-89.539636
237,Heritage House,5476 Magazine Street,Westwego,Jefferson,LA,71394,(985) 733-9709,Assisted Living Facility,"Respite Care, Assisted Living, Skilled Nursing, Intermediate Care",35,LA-ALF-48351,Louisiana Department of Health,2024-01-13,79,True,True,True,https://www.westwego-senior-living.com,Active,Louisiana Department of Health,2025-07-12,32.841503,-91.312056
238,River House,6713 River Road,Kenner,Jefferson,LA,70066,(337) 373-6073,Skilled Nursing Facility,"Adult Day Care, Continuing Care, Skilled Nursing, Respite Care",132,LA-ALF-84688,Louisiana Department of Health,2024-07-02,78,False,True,False,https://www.kenner-senior-living.com,Active,Louisiana Department of Health,2025-07-12,30.00086,-90.224182
239,Creole Senior Living,6684 Magazine Street,Boutte,St. Charles,LA,71425,(337) 609-4825,Skilled Nursing Facility,"Respite Care, Assisted Living",89,LA-ALF-92577,Louisiana Department of Health,2024-07-18,90,True,True,False,https://www.boutte-senior-living.com,Active,Louisiana Department of Health,2025-07-12,31.458308,-91.634475
240,Hahnville Assisted Living,8924 Airline Highway,Hahnville,St. Charles,LA,70934,(337) 670-6783,Intermediate Care Facility,"Assisted Living, Respite Care, Intermediate Care, Independent Living",40,LA-ALF-53467,Louisiana Department of Health,2024-12-26,94,True,False,True,https://www.hahnville-senior-living.com,Active,Louisiana Department of Health,2025-07-12,30.65869,-89.394424
241,St. Charles Home,9114 Veterans Boulevard,Boutte,St. Charles,LA,71700,(318) 547-1636,Skilled Nursing Facility,"Adult Day Care, Respite Care, Memory Care, Intermediate Care",148,LA-ALF-41319,Louisiana Department of Health,2024-07-27,97,False,True,True,https://www.boutte-senior-living.com,Active,Louisiana Department of Health,2025-07-12,31.5175,-89.331251
242,St. Bernard Court,6938 Causeway Boulevard,Arabi,St. Bernard,LA,70626,(225) 308-7087,Skilled Nursing Facility,"Respite Care, Assisted Living, Adult Residential Care, Skilled Nursing",111,LA-ALF-68390,Louisiana Department of Health,2024-12-19,99,False,False,False,https://www.arabi-senior-living.com,Active,Louisiana Department of Health,2025-07-12,30.798133,-92.589008
243,Cypress Gardens,7605 Canal Street,Chalmette,St. Bernard,LA,71947,(225) 468-5249,Assisted Living Facility,"Intermediate Care, Assisted Living, Independent Living, Adult Day Care",51,LA-ALF-92986,Louisiana Department of Health,2024-03-13,97,True,True,False,https://www.chalmette-senior-living.com,Active,Louisiana Department of Health,2025-07-12,32.645718,-89.483536
244,Buras Plaza,2222 St. Charles Avenue,Buras,Plaquemines,LA,71782,(337) 605-9404,Adult Day Health Care,"Memory Care, Independent Living, Respite Care",66,LA-ALF-84225,Louisiana Department of Health,2024-02-19,73,True,False,False,https://www.buras-senior-living.com,Active,Louisiana Department of Health,2025-07-12,32.680658,-90.476813
245,Spanish Moss Plaza,9084 Harrison Avenue,Buras,Plaquemines,LA,70403,(318) 604-6782,Adult Residential Care,"Intermediate Care, Memory Care, Respite Care, Adult Residential Care",100,LA-ALF-93483,Louisiana Department of Health,2024-11-12,85,True,True,True,https://www.buras-senior-living.com,Active,Louisiana Department of Health,2025-07-12,30.41887,-90.906211
246,Plaquemines Village,2245 River Road,Port Sulphur,Plaquemines,LA,70958,(337) 942-5510,Assisted Living Facility,"Continuing Care, Intermediate Care, Independent Living, Skilled Nursing",125,LA-ALF-22489,Louisiana Department of Health,2024-02-14,98,True,False,True,https://www.portsulphur-senior-living.com,Active,Louisiana Department of Health,2025-07-12,30.425468,-89.033565
247,Magnolia Place,2825 Bourbon Street,Buras,Plaquemines,LA,71688,(504) 425-9342,Skilled Nursing Facility,"Respite Care, Assisted Living, Skilled Nursing",35,LA-ALF-22052,Louisiana Department of Health,2024-02-23,97,False,False,False,https://www.buras-senior-living.com,Active,Louisiana Department of Health,2025-07-12,29.022607,-93.552058
