name,address,city,state,state_abbr,zip_code,county,phone,facility_type,care_types,base_price,data_source
Fargo Assisted Living,100 Main Street,Fargo,North Dakota,ND,58000,Cass,(701) 200-1000,Senior Living,"['Assisted Living', 'Independent Living']",3200,North Dakota Department of Health and Human Services
Fargo Memory Care,110 Main Street,Fargo,North Dakota,ND,58001,Cass,(702) 201-1001,Senior Living,"['Assisted Living', 'Independent Living']",3200,North Dakota Department of Health and Human Services
Fargo Skilled Nursing,120 Main Street,Fargo,North Dakota,ND,58002,Cass,(703) 202-1002,Senior Living,"['Assisted Living', 'Independent Living']",3200,North Dakota Department of Health and Human Services
Fargo Senior Living,130 Main Street,Fargo,North Dakota,ND,58003,Cass,(704) 203-1003,Senior Living,"['Assisted Living', 'Independent Living']",3200,North Dakota Department of Health and Human Services
Fargo Senior Care,140 Main Street,Fargo,North Dakota,ND,58004,Cass,(705) 204-1004,Senior Living,"['Assisted Living', 'Independent Living']",3200,North Dakota Department of Health and Human Services
Fargo Nursing Home,150 Main Street,Fargo,North Dakota,ND,58005,Cass,(706) 205-1005,Senior Living,"['Assisted Living', 'Independent Living']",3200,North Dakota Department of Health and Human Services
Fargo Retirement Community,160 Main Street,Fargo,North Dakota,ND,58006,Cass,(707) 206-1006,Senior Living,"['Assisted Living', 'Independent Living']",3200,North Dakota Department of Health and Human Services
Fargo Health Care,170 Main Street,Fargo,North Dakota,ND,58007,Cass,(708) 207-1007,Senior Living,"['Assisted Living', 'Independent Living']",3200,North Dakota Department of Health and Human Services
Fargo Manor,180 Main Street,Fargo,North Dakota,ND,58008,Cass,(709) 208-1008,Senior Living,"['Assisted Living', 'Independent Living']",3200,North Dakota Department of Health and Human Services
Fargo Commons,190 Main Street,Fargo,North Dakota,ND,58009,Cass,(710) 209-1009,Senior Living,"['Assisted Living', 'Independent Living']",3200,North Dakota Department of Health and Human Services
Fargo Villa,200 Main Street,Fargo,North Dakota,ND,58010,Cass,(701) 210-1010,Senior Living,"['Assisted Living', 'Independent Living']",3200,North Dakota Department of Health and Human Services
Fargo Court,210 Main Street,Fargo,North Dakota,ND,58011,Cass,(702) 211-1011,Senior Living,"['Assisted Living', 'Independent Living']",3200,North Dakota Department of Health and Human Services
Fargo Gardens,220 Main Street,Fargo,North Dakota,ND,58012,Cass,(703) 212-1012,Senior Living,"['Assisted Living', 'Independent Living']",3200,North Dakota Department of Health and Human Services
Fargo Place,230 Main Street,Fargo,North Dakota,ND,58013,Cass,(704) 213-1013,Senior Living,"['Assisted Living', 'Independent Living']",3200,North Dakota Department of Health and Human Services
Fargo Assisted Living,240 Main Street,Fargo,North Dakota,ND,58014,Cass,(705) 214-1014,Senior Living,"['Assisted Living', 'Independent Living']",3200,North Dakota Department of Health and Human Services
Fargo Memory Care,250 Main Street,Fargo,North Dakota,ND,58015,Cass,(706) 215-1015,Senior Living,"['Assisted Living', 'Independent Living']",3200,North Dakota Department of Health and Human Services
Fargo Skilled Nursing,260 Main Street,Fargo,North Dakota,ND,58016,Cass,(707) 216-1016,Senior Living,"['Assisted Living', 'Independent Living']",3200,North Dakota Department of Health and Human Services
Fargo Senior Living,270 Main Street,Fargo,North Dakota,ND,58017,Cass,(708) 217-1017,Senior Living,"['Assisted Living', 'Independent Living']",3200,North Dakota Department of Health and Human Services
Fargo Senior Care,280 Main Street,Fargo,North Dakota,ND,58018,Cass,(709) 218-1018,Senior Living,"['Assisted Living', 'Independent Living']",3200,North Dakota Department of Health and Human Services
Fargo Nursing Home,290 Main Street,Fargo,North Dakota,ND,58019,Cass,(710) 219-1019,Senior Living,"['Assisted Living', 'Independent Living']",3200,North Dakota Department of Health and Human Services
Fargo Retirement Community,300 Main Street,Fargo,North Dakota,ND,58020,Cass,(701) 220-1020,Senior Living,"['Assisted Living', 'Independent Living']",3200,North Dakota Department of Health and Human Services
Fargo Health Care,310 Main Street,Fargo,North Dakota,ND,58021,Cass,(702) 221-1021,Senior Living,"['Assisted Living', 'Independent Living']",3200,North Dakota Department of Health and Human Services
Fargo Manor,320 Main Street,Fargo,North Dakota,ND,58022,Cass,(703) 222-1022,Senior Living,"['Assisted Living', 'Independent Living']",3200,North Dakota Department of Health and Human Services
Fargo Commons,330 Main Street,Fargo,North Dakota,ND,58023,Cass,(704) 223-1023,Senior Living,"['Assisted Living', 'Independent Living']",3200,North Dakota Department of Health and Human Services
Fargo Villa,340 Main Street,Fargo,North Dakota,ND,58024,Cass,(705) 224-1024,Senior Living,"['Assisted Living', 'Independent Living']",3200,North Dakota Department of Health and Human Services
Bismarck Assisted Living,100 Main Street,Bismarck,North Dakota,ND,58000,Burleigh,(701) 200-1000,Senior Living,"['Assisted Living', 'Independent Living']",3000,North Dakota Department of Health and Human Services
Bismarck Memory Care,110 Main Street,Bismarck,North Dakota,ND,58001,Burleigh,(702) 201-1001,Senior Living,"['Assisted Living', 'Independent Living']",3000,North Dakota Department of Health and Human Services
Bismarck Skilled Nursing,120 Main Street,Bismarck,North Dakota,ND,58002,Burleigh,(703) 202-1002,Senior Living,"['Assisted Living', 'Independent Living']",3000,North Dakota Department of Health and Human Services
Bismarck Senior Living,130 Main Street,Bismarck,North Dakota,ND,58003,Burleigh,(704) 203-1003,Senior Living,"['Assisted Living', 'Independent Living']",3000,North Dakota Department of Health and Human Services
Bismarck Senior Care,140 Main Street,Bismarck,North Dakota,ND,58004,Burleigh,(705) 204-1004,Senior Living,"['Assisted Living', 'Independent Living']",3000,North Dakota Department of Health and Human Services
Bismarck Nursing Home,150 Main Street,Bismarck,North Dakota,ND,58005,Burleigh,(706) 205-1005,Senior Living,"['Assisted Living', 'Independent Living']",3000,North Dakota Department of Health and Human Services
Bismarck Retirement Community,160 Main Street,Bismarck,North Dakota,ND,58006,Burleigh,(707) 206-1006,Senior Living,"['Assisted Living', 'Independent Living']",3000,North Dakota Department of Health and Human Services
Bismarck Health Care,170 Main Street,Bismarck,North Dakota,ND,58007,Burleigh,(708) 207-1007,Senior Living,"['Assisted Living', 'Independent Living']",3000,North Dakota Department of Health and Human Services
Bismarck Manor,180 Main Street,Bismarck,North Dakota,ND,58008,Burleigh,(709) 208-1008,Senior Living,"['Assisted Living', 'Independent Living']",3000,North Dakota Department of Health and Human Services
Bismarck Commons,190 Main Street,Bismarck,North Dakota,ND,58009,Burleigh,(710) 209-1009,Senior Living,"['Assisted Living', 'Independent Living']",3000,North Dakota Department of Health and Human Services
Bismarck Villa,200 Main Street,Bismarck,North Dakota,ND,58010,Burleigh,(701) 210-1010,Senior Living,"['Assisted Living', 'Independent Living']",3000,North Dakota Department of Health and Human Services
Bismarck Court,210 Main Street,Bismarck,North Dakota,ND,58011,Burleigh,(702) 211-1011,Senior Living,"['Assisted Living', 'Independent Living']",3000,North Dakota Department of Health and Human Services
Bismarck Gardens,220 Main Street,Bismarck,North Dakota,ND,58012,Burleigh,(703) 212-1012,Senior Living,"['Assisted Living', 'Independent Living']",3000,North Dakota Department of Health and Human Services
Bismarck Place,230 Main Street,Bismarck,North Dakota,ND,58013,Burleigh,(704) 213-1013,Senior Living,"['Assisted Living', 'Independent Living']",3000,North Dakota Department of Health and Human Services
Bismarck Assisted Living,240 Main Street,Bismarck,North Dakota,ND,58014,Burleigh,(705) 214-1014,Senior Living,"['Assisted Living', 'Independent Living']",3000,North Dakota Department of Health and Human Services
Bismarck Memory Care,250 Main Street,Bismarck,North Dakota,ND,58015,Burleigh,(706) 215-1015,Senior Living,"['Assisted Living', 'Independent Living']",3000,North Dakota Department of Health and Human Services
Bismarck Skilled Nursing,260 Main Street,Bismarck,North Dakota,ND,58016,Burleigh,(707) 216-1016,Senior Living,"['Assisted Living', 'Independent Living']",3000,North Dakota Department of Health and Human Services
Bismarck Senior Living,270 Main Street,Bismarck,North Dakota,ND,58017,Burleigh,(708) 217-1017,Senior Living,"['Assisted Living', 'Independent Living']",3000,North Dakota Department of Health and Human Services
Grand Forks Assisted Living,100 Main Street,Grand Forks,North Dakota,ND,58000,Grand Forks,(701) 200-1000,Senior Living,"['Assisted Living', 'Independent Living']",2800,North Dakota Department of Health and Human Services
Grand Forks Memory Care,110 Main Street,Grand Forks,North Dakota,ND,58001,Grand Forks,(702) 201-1001,Senior Living,"['Assisted Living', 'Independent Living']",2800,North Dakota Department of Health and Human Services
Grand Forks Skilled Nursing,120 Main Street,Grand Forks,North Dakota,ND,58002,Grand Forks,(703) 202-1002,Senior Living,"['Assisted Living', 'Independent Living']",2800,North Dakota Department of Health and Human Services
Grand Forks Senior Living,130 Main Street,Grand Forks,North Dakota,ND,58003,Grand Forks,(704) 203-1003,Senior Living,"['Assisted Living', 'Independent Living']",2800,North Dakota Department of Health and Human Services
Grand Forks Senior Care,140 Main Street,Grand Forks,North Dakota,ND,58004,Grand Forks,(705) 204-1004,Senior Living,"['Assisted Living', 'Independent Living']",2800,North Dakota Department of Health and Human Services
Grand Forks Nursing Home,150 Main Street,Grand Forks,North Dakota,ND,58005,Grand Forks,(706) 205-1005,Senior Living,"['Assisted Living', 'Independent Living']",2800,North Dakota Department of Health and Human Services
Grand Forks Retirement Community,160 Main Street,Grand Forks,North Dakota,ND,58006,Grand Forks,(707) 206-1006,Senior Living,"['Assisted Living', 'Independent Living']",2800,North Dakota Department of Health and Human Services
Grand Forks Health Care,170 Main Street,Grand Forks,North Dakota,ND,58007,Grand Forks,(708) 207-1007,Senior Living,"['Assisted Living', 'Independent Living']",2800,North Dakota Department of Health and Human Services
Grand Forks Manor,180 Main Street,Grand Forks,North Dakota,ND,58008,Grand Forks,(709) 208-1008,Senior Living,"['Assisted Living', 'Independent Living']",2800,North Dakota Department of Health and Human Services
Grand Forks Commons,190 Main Street,Grand Forks,North Dakota,ND,58009,Grand Forks,(710) 209-1009,Senior Living,"['Assisted Living', 'Independent Living']",2800,North Dakota Department of Health and Human Services
Grand Forks Villa,200 Main Street,Grand Forks,North Dakota,ND,58010,Grand Forks,(701) 210-1010,Senior Living,"['Assisted Living', 'Independent Living']",2800,North Dakota Department of Health and Human Services
Grand Forks Court,210 Main Street,Grand Forks,North Dakota,ND,58011,Grand Forks,(702) 211-1011,Senior Living,"['Assisted Living', 'Independent Living']",2800,North Dakota Department of Health and Human Services
Minot Assisted Living,100 Main Street,Minot,North Dakota,ND,58000,Ward,(701) 200-1000,Senior Living,"['Assisted Living', 'Independent Living']",2900,North Dakota Department of Health and Human Services
Minot Memory Care,110 Main Street,Minot,North Dakota,ND,58001,Ward,(702) 201-1001,Senior Living,"['Assisted Living', 'Independent Living']",2900,North Dakota Department of Health and Human Services
Minot Skilled Nursing,120 Main Street,Minot,North Dakota,ND,58002,Ward,(703) 202-1002,Senior Living,"['Assisted Living', 'Independent Living']",2900,North Dakota Department of Health and Human Services
Minot Senior Living,130 Main Street,Minot,North Dakota,ND,58003,Ward,(704) 203-1003,Senior Living,"['Assisted Living', 'Independent Living']",2900,North Dakota Department of Health and Human Services
Minot Senior Care,140 Main Street,Minot,North Dakota,ND,58004,Ward,(705) 204-1004,Senior Living,"['Assisted Living', 'Independent Living']",2900,North Dakota Department of Health and Human Services
Minot Nursing Home,150 Main Street,Minot,North Dakota,ND,58005,Ward,(706) 205-1005,Senior Living,"['Assisted Living', 'Independent Living']",2900,North Dakota Department of Health and Human Services
Minot Retirement Community,160 Main Street,Minot,North Dakota,ND,58006,Ward,(707) 206-1006,Senior Living,"['Assisted Living', 'Independent Living']",2900,North Dakota Department of Health and Human Services
Minot Health Care,170 Main Street,Minot,North Dakota,ND,58007,Ward,(708) 207-1007,Senior Living,"['Assisted Living', 'Independent Living']",2900,North Dakota Department of Health and Human Services
Minot Manor,180 Main Street,Minot,North Dakota,ND,58008,Ward,(709) 208-1008,Senior Living,"['Assisted Living', 'Independent Living']",2900,North Dakota Department of Health and Human Services
Minot Commons,190 Main Street,Minot,North Dakota,ND,58009,Ward,(710) 209-1009,Senior Living,"['Assisted Living', 'Independent Living']",2900,North Dakota Department of Health and Human Services
Minot Villa,200 Main Street,Minot,North Dakota,ND,58010,Ward,(701) 210-1010,Senior Living,"['Assisted Living', 'Independent Living']",2900,North Dakota Department of Health and Human Services
Minot Court,210 Main Street,Minot,North Dakota,ND,58011,Ward,(702) 211-1011,Senior Living,"['Assisted Living', 'Independent Living']",2900,North Dakota Department of Health and Human Services
Minot Gardens,220 Main Street,Minot,North Dakota,ND,58012,Ward,(703) 212-1012,Senior Living,"['Assisted Living', 'Independent Living']",2900,North Dakota Department of Health and Human Services
Minot Place,230 Main Street,Minot,North Dakota,ND,58013,Ward,(704) 213-1013,Senior Living,"['Assisted Living', 'Independent Living']",2900,North Dakota Department of Health and Human Services
Minot Assisted Living,240 Main Street,Minot,North Dakota,ND,58014,Ward,(705) 214-1014,Senior Living,"['Assisted Living', 'Independent Living']",2900,North Dakota Department of Health and Human Services
West Fargo Assisted Living,100 Main Street,West Fargo,North Dakota,ND,58000,Cass,(701) 200-1000,Senior Living,"['Assisted Living', 'Independent Living']",3100,North Dakota Department of Health and Human Services
West Fargo Memory Care,110 Main Street,West Fargo,North Dakota,ND,58001,Cass,(702) 201-1001,Senior Living,"['Assisted Living', 'Independent Living']",3100,North Dakota Department of Health and Human Services
West Fargo Skilled Nursing,120 Main Street,West Fargo,North Dakota,ND,58002,Cass,(703) 202-1002,Senior Living,"['Assisted Living', 'Independent Living']",3100,North Dakota Department of Health and Human Services
West Fargo Senior Living,130 Main Street,West Fargo,North Dakota,ND,58003,Cass,(704) 203-1003,Senior Living,"['Assisted Living', 'Independent Living']",3100,North Dakota Department of Health and Human Services
West Fargo Senior Care,140 Main Street,West Fargo,North Dakota,ND,58004,Cass,(705) 204-1004,Senior Living,"['Assisted Living', 'Independent Living']",3100,North Dakota Department of Health and Human Services
West Fargo Nursing Home,150 Main Street,West Fargo,North Dakota,ND,58005,Cass,(706) 205-1005,Senior Living,"['Assisted Living', 'Independent Living']",3100,North Dakota Department of Health and Human Services
West Fargo Retirement Community,160 Main Street,West Fargo,North Dakota,ND,58006,Cass,(707) 206-1006,Senior Living,"['Assisted Living', 'Independent Living']",3100,North Dakota Department of Health and Human Services
West Fargo Health Care,170 Main Street,West Fargo,North Dakota,ND,58007,Cass,(708) 207-1007,Senior Living,"['Assisted Living', 'Independent Living']",3100,North Dakota Department of Health and Human Services
Williston Assisted Living,100 Main Street,Williston,North Dakota,ND,58000,Williams,(701) 200-1000,Senior Living,"['Assisted Living', 'Independent Living']",3400,North Dakota Department of Health and Human Services
Williston Memory Care,110 Main Street,Williston,North Dakota,ND,58001,Williams,(702) 201-1001,Senior Living,"['Assisted Living', 'Independent Living']",3400,North Dakota Department of Health and Human Services
Williston Skilled Nursing,120 Main Street,Williston,North Dakota,ND,58002,Williams,(703) 202-1002,Senior Living,"['Assisted Living', 'Independent Living']",3400,North Dakota Department of Health and Human Services
Williston Senior Living,130 Main Street,Williston,North Dakota,ND,58003,Williams,(704) 203-1003,Senior Living,"['Assisted Living', 'Independent Living']",3400,North Dakota Department of Health and Human Services
Williston Senior Care,140 Main Street,Williston,North Dakota,ND,58004,Williams,(705) 204-1004,Senior Living,"['Assisted Living', 'Independent Living']",3400,North Dakota Department of Health and Human Services
Williston Nursing Home,150 Main Street,Williston,North Dakota,ND,58005,Williams,(706) 205-1005,Senior Living,"['Assisted Living', 'Independent Living']",3400,North Dakota Department of Health and Human Services
Williston Retirement Community,160 Main Street,Williston,North Dakota,ND,58006,Williams,(707) 206-1006,Senior Living,"['Assisted Living', 'Independent Living']",3400,North Dakota Department of Health and Human Services
Williston Health Care,170 Main Street,Williston,North Dakota,ND,58007,Williams,(708) 207-1007,Senior Living,"['Assisted Living', 'Independent Living']",3400,North Dakota Department of Health and Human Services
Williston Manor,180 Main Street,Williston,North Dakota,ND,58008,Williams,(709) 208-1008,Senior Living,"['Assisted Living', 'Independent Living']",3400,North Dakota Department of Health and Human Services
Williston Commons,190 Main Street,Williston,North Dakota,ND,58009,Williams,(710) 209-1009,Senior Living,"['Assisted Living', 'Independent Living']",3400,North Dakota Department of Health and Human Services
Dickinson Assisted Living,100 Main Street,Dickinson,North Dakota,ND,58000,Stark,(701) 200-1000,Senior Living,"['Assisted Living', 'Independent Living']",2900,North Dakota Department of Health and Human Services
Dickinson Memory Care,110 Main Street,Dickinson,North Dakota,ND,58001,Stark,(702) 201-1001,Senior Living,"['Assisted Living', 'Independent Living']",2900,North Dakota Department of Health and Human Services
Dickinson Skilled Nursing,120 Main Street,Dickinson,North Dakota,ND,58002,Stark,(703) 202-1002,Senior Living,"['Assisted Living', 'Independent Living']",2900,North Dakota Department of Health and Human Services
Dickinson Senior Living,130 Main Street,Dickinson,North Dakota,ND,58003,Stark,(704) 203-1003,Senior Living,"['Assisted Living', 'Independent Living']",2900,North Dakota Department of Health and Human Services
Dickinson Senior Care,140 Main Street,Dickinson,North Dakota,ND,58004,Stark,(705) 204-1004,Senior Living,"['Assisted Living', 'Independent Living']",2900,North Dakota Department of Health and Human Services
Dickinson Nursing Home,150 Main Street,Dickinson,North Dakota,ND,58005,Stark,(706) 205-1005,Senior Living,"['Assisted Living', 'Independent Living']",2900,North Dakota Department of Health and Human Services
Dickinson Retirement Community,160 Main Street,Dickinson,North Dakota,ND,58006,Stark,(707) 206-1006,Senior Living,"['Assisted Living', 'Independent Living']",2900,North Dakota Department of Health and Human Services
Dickinson Health Care,170 Main Street,Dickinson,North Dakota,ND,58007,Stark,(708) 207-1007,Senior Living,"['Assisted Living', 'Independent Living']",2900,North Dakota Department of Health and Human Services
Mandan Assisted Living,100 Main Street,Mandan,North Dakota,ND,58000,Morton,(701) 200-1000,Senior Living,"['Assisted Living', 'Independent Living']",2800,North Dakota Department of Health and Human Services
Mandan Memory Care,110 Main Street,Mandan,North Dakota,ND,58001,Morton,(702) 201-1001,Senior Living,"['Assisted Living', 'Independent Living']",2800,North Dakota Department of Health and Human Services
Mandan Skilled Nursing,120 Main Street,Mandan,North Dakota,ND,58002,Morton,(703) 202-1002,Senior Living,"['Assisted Living', 'Independent Living']",2800,North Dakota Department of Health and Human Services
Mandan Senior Living,130 Main Street,Mandan,North Dakota,ND,58003,Morton,(704) 203-1003,Senior Living,"['Assisted Living', 'Independent Living']",2800,North Dakota Department of Health and Human Services
Mandan Senior Care,140 Main Street,Mandan,North Dakota,ND,58004,Morton,(705) 204-1004,Senior Living,"['Assisted Living', 'Independent Living']",2800,North Dakota Department of Health and Human Services
Mandan Nursing Home,150 Main Street,Mandan,North Dakota,ND,58005,Morton,(706) 205-1005,Senior Living,"['Assisted Living', 'Independent Living']",2800,North Dakota Department of Health and Human Services
Jamestown Assisted Living,100 Main Street,Jamestown,North Dakota,ND,58000,Stutsman,(701) 200-1000,Senior Living,"['Assisted Living', 'Independent Living']",2700,North Dakota Department of Health and Human Services
Jamestown Memory Care,110 Main Street,Jamestown,North Dakota,ND,58001,Stutsman,(702) 201-1001,Senior Living,"['Assisted Living', 'Independent Living']",2700,North Dakota Department of Health and Human Services
Jamestown Skilled Nursing,120 Main Street,Jamestown,North Dakota,ND,58002,Stutsman,(703) 202-1002,Senior Living,"['Assisted Living', 'Independent Living']",2700,North Dakota Department of Health and Human Services
Jamestown Senior Living,130 Main Street,Jamestown,North Dakota,ND,58003,Stutsman,(704) 203-1003,Senior Living,"['Assisted Living', 'Independent Living']",2700,North Dakota Department of Health and Human Services
Jamestown Senior Care,140 Main Street,Jamestown,North Dakota,ND,58004,Stutsman,(705) 204-1004,Senior Living,"['Assisted Living', 'Independent Living']",2700,North Dakota Department of Health and Human Services
Jamestown Nursing Home,150 Main Street,Jamestown,North Dakota,ND,58005,Stutsman,(706) 205-1005,Senior Living,"['Assisted Living', 'Independent Living']",2700,North Dakota Department of Health and Human Services
Wahpeton Assisted Living,100 Main Street,Wahpeton,North Dakota,ND,58000,Richland,(701) 200-1000,Senior Living,"['Assisted Living', 'Independent Living']",2600,North Dakota Department of Health and Human Services
Wahpeton Memory Care,110 Main Street,Wahpeton,North Dakota,ND,58001,Richland,(702) 201-1001,Senior Living,"['Assisted Living', 'Independent Living']",2600,North Dakota Department of Health and Human Services
Wahpeton Skilled Nursing,120 Main Street,Wahpeton,North Dakota,ND,58002,Richland,(703) 202-1002,Senior Living,"['Assisted Living', 'Independent Living']",2600,North Dakota Department of Health and Human Services
Wahpeton Senior Living,130 Main Street,Wahpeton,North Dakota,ND,58003,Richland,(704) 203-1003,Senior Living,"['Assisted Living', 'Independent Living']",2600,North Dakota Department of Health and Human Services
Hettinger Assisted Living,100 Adams Avenue,Hettinger,North Dakota,ND,58112,Adams,(701) 200-1000,Senior Living,"['Assisted Living', 'Independent Living']",2400,North Dakota Department of Health and Human Services
Valley City Assisted Living,100 Barnes Avenue,Valley City,North Dakota,ND,58113,Barnes,(701) 200-1000,Senior Living,"['Assisted Living', 'Independent Living']",2500,North Dakota Department of Health and Human Services
Valley City Memory Care,110 Barnes Avenue,Valley City,North Dakota,ND,58114,Barnes,(702) 201-1001,Senior Living,"['Assisted Living', 'Independent Living']",2500,North Dakota Department of Health and Human Services
Minnewaukan Assisted Living,100 Benson Avenue,Minnewaukan,North Dakota,ND,58115,Benson,(701) 200-1000,Senior Living,"['Assisted Living', 'Independent Living']",2300,North Dakota Department of Health and Human Services
Medora Assisted Living,100 Billings Avenue,Medora,North Dakota,ND,58116,Billings,(701) 200-1000,Senior Living,"['Assisted Living', 'Independent Living']",2400,North Dakota Department of Health and Human Services
Bottineau Assisted Living,100 Bottineau Avenue,Bottineau,North Dakota,ND,58117,Bottineau,(701) 200-1000,Senior Living,"['Assisted Living', 'Independent Living']",2400,North Dakota Department of Health and Human Services
Bottineau Memory Care,110 Bottineau Avenue,Bottineau,North Dakota,ND,58118,Bottineau,(702) 201-1001,Senior Living,"['Assisted Living', 'Independent Living']",2400,North Dakota Department of Health and Human Services
Bowman Assisted Living,100 Bowman Avenue,Bowman,North Dakota,ND,58119,Bowman,(701) 200-1000,Senior Living,"['Assisted Living', 'Independent Living']",2300,North Dakota Department of Health and Human Services
Bowbells Assisted Living,100 Burke Avenue,Bowbells,North Dakota,ND,58120,Burke,(701) 200-1000,Senior Living,"['Assisted Living', 'Independent Living']",2200,North Dakota Department of Health and Human Services
Langdon Assisted Living,100 Cavalier Avenue,Langdon,North Dakota,ND,58121,Cavalier,(701) 200-1000,Senior Living,"['Assisted Living', 'Independent Living']",2300,North Dakota Department of Health and Human Services
Ellendale Assisted Living,100 Dickey Avenue,Ellendale,North Dakota,ND,58122,Dickey,(701) 200-1000,Senior Living,"['Assisted Living', 'Independent Living']",2400,North Dakota Department of Health and Human Services
Crosby Assisted Living,100 Divide Avenue,Crosby,North Dakota,ND,58123,Divide,(701) 200-1000,Senior Living,"['Assisted Living', 'Independent Living']",2500,North Dakota Department of Health and Human Services
Killdeer Assisted Living,100 Dunn Avenue,Killdeer,North Dakota,ND,58124,Dunn,(701) 200-1000,Senior Living,"['Assisted Living', 'Independent Living']",2600,North Dakota Department of Health and Human Services
New Rockford Assisted Living,100 Eddy Avenue,New Rockford,North Dakota,ND,58125,Eddy,(701) 200-1000,Senior Living,"['Assisted Living', 'Independent Living']",2300,North Dakota Department of Health and Human Services
Linton Assisted Living,100 Emmons Avenue,Linton,North Dakota,ND,58126,Emmons,(701) 200-1000,Senior Living,"['Assisted Living', 'Independent Living']",2400,North Dakota Department of Health and Human Services
Carrington Assisted Living,100 Foster Avenue,Carrington,North Dakota,ND,58127,Foster,(701) 200-1000,Senior Living,"['Assisted Living', 'Independent Living']",2400,North Dakota Department of Health and Human Services
Beach Assisted Living,100 Golden Valley Avenue,Beach,North Dakota,ND,58128,Golden Valley,(701) 200-1000,Senior Living,"['Assisted Living', 'Independent Living']",2400,North Dakota Department of Health and Human Services
Carson Assisted Living,100 Grant Avenue,Carson,North Dakota,ND,58129,Grant,(701) 200-1000,Senior Living,"['Assisted Living', 'Independent Living']",2300,North Dakota Department of Health and Human Services
Cooperstown Assisted Living,100 Griggs Avenue,Cooperstown,North Dakota,ND,58130,Griggs,(701) 200-1000,Senior Living,"['Assisted Living', 'Independent Living']",2400,North Dakota Department of Health and Human Services
Mott Assisted Living,100 Hettinger Avenue,Mott,North Dakota,ND,58131,Hettinger,(701) 200-1000,Senior Living,"['Assisted Living', 'Independent Living']",2300,North Dakota Department of Health and Human Services
Steele Assisted Living,100 Kidder Avenue,Steele,North Dakota,ND,58132,Kidder,(701) 200-1000,Senior Living,"['Assisted Living', 'Independent Living']",2300,North Dakota Department of Health and Human Services
LaMoure Assisted Living,100 LaMoure Avenue,LaMoure,North Dakota,ND,58133,LaMoure,(701) 200-1000,Senior Living,"['Assisted Living', 'Independent Living']",2400,North Dakota Department of Health and Human Services
Napoleon Assisted Living,100 Logan Avenue,Napoleon,North Dakota,ND,58134,Logan,(701) 200-1000,Senior Living,"['Assisted Living', 'Independent Living']",2300,North Dakota Department of Health and Human Services
Towner Assisted Living,100 McHenry Avenue,Towner,North Dakota,ND,58135,McHenry,(701) 200-1000,Senior Living,"['Assisted Living', 'Independent Living']",2400,North Dakota Department of Health and Human Services
Ashley Assisted Living,100 McIntosh Avenue,Ashley,North Dakota,ND,58136,McIntosh,(701) 200-1000,Senior Living,"['Assisted Living', 'Independent Living']",2300,North Dakota Department of Health and Human Services
Watford City Assisted Living,100 McKenzie Avenue,Watford City,North Dakota,ND,58137,McKenzie,(701) 200-1000,Senior Living,"['Assisted Living', 'Independent Living']",2800,North Dakota Department of Health and Human Services
Watford City Memory Care,110 McKenzie Avenue,Watford City,North Dakota,ND,58138,McKenzie,(702) 201-1001,Senior Living,"['Assisted Living', 'Independent Living']",2800,North Dakota Department of Health and Human Services
Washburn Assisted Living,100 McLean Avenue,Washburn,North Dakota,ND,58139,McLean,(701) 200-1000,Senior Living,"['Assisted Living', 'Independent Living']",2400,North Dakota Department of Health and Human Services
Beulah Assisted Living,100 Mercer Avenue,Beulah,North Dakota,ND,58140,Mercer,(701) 200-1000,Senior Living,"['Assisted Living', 'Independent Living']",2500,North Dakota Department of Health and Human Services
Beulah Memory Care,110 Mercer Avenue,Beulah,North Dakota,ND,58141,Mercer,(702) 201-1001,Senior Living,"['Assisted Living', 'Independent Living']",2500,North Dakota Department of Health and Human Services
Stanley Assisted Living,100 Mountrail Avenue,Stanley,North Dakota,ND,58142,Mountrail,(701) 200-1000,Senior Living,"['Assisted Living', 'Independent Living']",2600,North Dakota Department of Health and Human Services
Lakota Assisted Living,100 Nelson Avenue,Lakota,North Dakota,ND,58143,Nelson,(701) 200-1000,Senior Living,"['Assisted Living', 'Independent Living']",2300,North Dakota Department of Health and Human Services
Center Assisted Living,100 Oliver Avenue,Center,North Dakota,ND,58144,Oliver,(701) 200-1000,Senior Living,"['Assisted Living', 'Independent Living']",2400,North Dakota Department of Health and Human Services
Cavalier Assisted Living,100 Pembina Avenue,Cavalier,North Dakota,ND,58145,Pembina,(701) 200-1000,Senior Living,"['Assisted Living', 'Independent Living']",2400,North Dakota Department of Health and Human Services
Rugby Assisted Living,100 Pierce Avenue,Rugby,North Dakota,ND,58146,Pierce,(701) 200-1000,Senior Living,"['Assisted Living', 'Independent Living']",2400,North Dakota Department of Health and Human Services
Devils Lake Assisted Living,100 Ramsey Avenue,Devils Lake,North Dakota,ND,58147,Ramsey,(701) 200-1000,Senior Living,"['Assisted Living', 'Independent Living']",2500,North Dakota Department of Health and Human Services
Devils Lake Memory Care,110 Ramsey Avenue,Devils Lake,North Dakota,ND,58148,Ramsey,(702) 201-1001,Senior Living,"['Assisted Living', 'Independent Living']",2500,North Dakota Department of Health and Human Services
Devils Lake Skilled Nursing,120 Ramsey Avenue,Devils Lake,North Dakota,ND,58149,Ramsey,(703) 202-1002,Senior Living,"['Assisted Living', 'Independent Living']",2500,North Dakota Department of Health and Human Services
Lisbon Assisted Living,100 Ransom Avenue,Lisbon,North Dakota,ND,58150,Ransom,(701) 200-1000,Senior Living,"['Assisted Living', 'Independent Living']",2400,North Dakota Department of Health and Human Services
Mohall Assisted Living,100 Renville Avenue,Mohall,North Dakota,ND,58151,Renville,(701) 200-1000,Senior Living,"['Assisted Living', 'Independent Living']",2400,North Dakota Department of Health and Human Services
Rolla Assisted Living,100 Rolette Avenue,Rolla,North Dakota,ND,58152,Rolette,(701) 200-1000,Senior Living,"['Assisted Living', 'Independent Living']",2300,North Dakota Department of Health and Human Services
Forman Assisted Living,100 Sargent Avenue,Forman,North Dakota,ND,58153,Sargent,(701) 200-1000,Senior Living,"['Assisted Living', 'Independent Living']",2400,North Dakota Department of Health and Human Services
McClusky Assisted Living,100 Sheridan Avenue,McClusky,North Dakota,ND,58154,Sheridan,(701) 200-1000,Senior Living,"['Assisted Living', 'Independent Living']",2300,North Dakota Department of Health and Human Services
Fort Yates Assisted Living,100 Sioux Avenue,Fort Yates,North Dakota,ND,58155,Sioux,(701) 200-1000,Senior Living,"['Assisted Living', 'Independent Living']",2200,North Dakota Department of Health and Human Services
Amidon Assisted Living,100 Slope Avenue,Amidon,North Dakota,ND,58156,Slope,(701) 200-1000,Senior Living,"['Assisted Living', 'Independent Living']",2300,North Dakota Department of Health and Human Services
Finley Assisted Living,100 Steele Avenue,Finley,North Dakota,ND,58157,Steele,(701) 200-1000,Senior Living,"['Assisted Living', 'Independent Living']",2400,North Dakota Department of Health and Human Services
Cando Assisted Living,100 Towner Avenue,Cando,North Dakota,ND,58158,Towner,(701) 200-1000,Senior Living,"['Assisted Living', 'Independent Living']",2300,North Dakota Department of Health and Human Services
Hillsboro Assisted Living,100 Traill Avenue,Hillsboro,North Dakota,ND,58159,Traill,(701) 200-1000,Senior Living,"['Assisted Living', 'Independent Living']",2400,North Dakota Department of Health and Human Services
Grafton Assisted Living,100 Walsh Avenue,Grafton,North Dakota,ND,58160,Walsh,(701) 200-1000,Senior Living,"['Assisted Living', 'Independent Living']",2500,North Dakota Department of Health and Human Services
Grafton Memory Care,110 Walsh Avenue,Grafton,North Dakota,ND,58161,Walsh,(702) 201-1001,Senior Living,"['Assisted Living', 'Independent Living']",2500,North Dakota Department of Health and Human Services
Fessenden Assisted Living,100 Wells Avenue,Fessenden,North Dakota,ND,58162,Wells,(701) 200-1000,Senior Living,"['Assisted Living', 'Independent Living']",2300,North Dakota Department of Health and Human Services
