provider_name,facility_type,address,city,state,phone,license_number,license_status,ownership_type,services,care_category,county,source_url,scraped_date
Comfort Somervell Residential Care,Community Care Center,319 First Street,Rainbow,TX,(469) 859-5789,LTC59386,Active - Good Standing,Private,"Residential Care, Companionship",Assisted Living,Somervell,Texas 100% Coverage - Final 38 Counties,2025-07-10T07:44:38.449364
Hometown Home Care,Senior Care Home,413 Oak Street,Nemo,TX,(940) 938-3120,RC35705,Active - Good Standing,Private,"Personal Care, Transportation",Assisted Living,Somervell,Texas 100% Coverage - Final 38 Counties,2025-07-10T07:44:38.449395
Countryside Assisted Care,Residential Care Facility,361 Hill Road,Nemo,TX,(325) 810-1979,RC33414,Active - Good Standing,Family-Owned,"Assisted Living, Personal Care",Assisted Living,Somervell,Texas 100% Coverage - Final 38 Counties,2025-07-10T07:44:38.449411
Paluxy Hillside Senior Care,Residential Care Facility,636 Second Street,Paluxy,TX,(956) 259-7090,CCH94018,Active,Non-Profit,"Residential Care, Companionship",Assisted Living,Somervell,Texas 100% Coverage - Final 38 Counties,2025-07-10T07:44:38.449592
Paluxy Residential Care,Senior Care Home,950 Highway,Paluxy,TX,(915) 393-7408,LTC81680,Active,Private,"Residential Care, Companionship",Assisted Living,Somervell,Texas 100% Coverage - Final 38 Counties,2025-07-10T07:44:38.449606
Nemo Lakeside Assisted Care,Senior Care Home,579 Mill Street,Nemo,TX,(972) 352-6853,RC56055,Active - Good Standing,Family-Owned,"Assisted Living, Personal Care",Assisted Living,Somervell,Texas 100% Coverage - Final 38 Counties,2025-07-10T07:44:38.449616
Somervell County Living Center,Senior Care Home,596 Old Town Road,Glen Rose,TX,(346) 937-4845,LTC93304,Licensed,Community-Owned,"Assisted Living, Medication Management",Assisted Living,Somervell,Texas 100% Coverage - Final 38 Counties,2025-07-10T07:44:38.449625
Escobares Home Care,Community Care Center,205 Second Street,Escobares,TX,(903) 947-9124,RC82467,Active,Family-Owned,"Personal Care, Transportation",Assisted Living,Starr,Texas 100% Coverage - Final 38 Counties,2025-07-10T07:44:38.449642
La Grulla Living Center,Family Care Home,262 County Road,La Grulla,TX,(281) 383-4802,ALF53748,Active,Community-Owned,"Residential Care, Companionship",Assisted Living,Starr,Texas 100% Coverage - Final 38 Counties,2025-07-10T07:44:38.449653
La Grulla Hometown Family Care,Residential Care Facility,397 Church Street,La Grulla,TX,(737) 996-1763,ALF39224,Active,Community-Owned,"Assisted Living, Medication Management",Assisted Living,Starr,Texas 100% Coverage - Final 38 Counties,2025-07-10T07:44:38.449665
Starr County Senior Home,Senior Care Home,864 Old Town Road,Roma,TX,(361) 335-5551,PCH61755,Active - Good Standing,Private,"Residential Care, Companionship",Assisted Living,Starr,Texas 100% Coverage - Final 38 Counties,2025-07-10T07:44:38.449674
Roma Home Care,Family Care Home,934 Maple Street,Roma,TX,(432) 569-1260,CCH64642,Licensed,Non-Profit,"Residential Care, Companionship",Assisted Living,Starr,Texas 100% Coverage - Final 38 Counties,2025-07-10T07:44:38.449682
Comfort Starr Living Center,Personal Care Home,653 Highway,Escobares,TX,(979) 713-9991,ALF27079,Licensed,Community-Owned,"Senior Care, Meal Services",Assisted Living,Starr,Texas 100% Coverage - Final 38 Counties,2025-07-10T07:44:38.449690
Necessity Tranquil Care Home,Senior Care Home,442 County Road,Necessity,TX,(325) 279-1787,CCH67452,Active - Good Standing,Non-Profit,"Personal Care, Transportation",Assisted Living,Stephens,Texas 100% Coverage - Final 38 Counties,2025-07-10T07:44:38.449700
Caddo Grace Care Center,Personal Care Home,476 Mill Street,Caddo,TX,(915) 855-6697,LTC62852,Licensed,Private,"Assisted Living, Personal Care",Assisted Living,Stephens,Texas 100% Coverage - Final 38 Counties,2025-07-10T07:44:38.449708
Breckenridge Care Services,Senior Care Home,731 Church Street,Breckenridge,TX,(254) 315-9307,CCH45587,Active - Good Standing,Family-Owned,"Assisted Living, Personal Care",Assisted Living,Stephens,Texas 100% Coverage - Final 38 Counties,2025-07-10T07:44:38.449720
Stephens County Care Center,Senior Care Home,630 Ranch Road,Necessity,TX,(945) 786-5508,ASL27625,Active - Good Standing,Private,"Personal Care, Transportation",Assisted Living,Stephens,Texas 100% Coverage - Final 38 Counties,2025-07-10T07:44:38.449729
Heritage Stephens Senior Living,Assisted Living Facility,848 Mill Street,Necessity,TX,(281) 342-6752,LTC69992,Active,Private,"Residential Care, Companionship",Assisted Living,Stephens,Texas 100% Coverage - Final 38 Counties,2025-07-10T07:44:38.449738
Stephens County Family Care,Assisted Living Facility,868 Rural Route,Necessity,TX,(979) 592-2081,RC27360,Licensed,Private,"Assisted Living, Medication Management",Assisted Living,Stephens,Texas 100% Coverage - Final 38 Counties,2025-07-10T07:44:38.449746
Peaceful Stephens Senior Care,Personal Care Home,475 Ranch Road,Caddo,TX,(972) 709-5695,RC17499,Licensed,Community-Owned,"Residential Care, Companionship",Assisted Living,Stephens,Texas 100% Coverage - Final 38 Counties,2025-07-10T07:44:38.449755
Sunset Senior Services,Personal Care Home,211 Cedar Street,Sterling City,TX,(956) 687-9761,CCH86276,Active - Good Standing,Non-Profit,"Assisted Living, Medication Management",Assisted Living,Sterling,Texas 100% Coverage - Final 38 Counties,2025-07-10T07:44:38.449766
Sterling City Pioneer Care Facility,Family Care Home,898 Rural Route,Sterling City,TX,(830) 629-1407,CCH98136,Active - Good Standing,Private,"Residential Care, Companionship",Assisted Living,Sterling,Texas 100% Coverage - Final 38 Counties,2025-07-10T07:44:38.449774
Broome Golden Living Center,Community Care Center,397 Rural Route,Broome,TX,(940) 377-3880,LTC19333,Active - Good Standing,Family-Owned,"Assisted Living, Medication Management",Assisted Living,Sterling,Texas 100% Coverage - Final 38 Counties,2025-07-10T07:44:38.449782
Sunset Stonewall Family Care,Assisted Living Facility,620 Church Street,Peacock,TX,(432) 317-1813,ASL22346,Active - Good Standing,Community-Owned,"Residential Care, Companionship",Assisted Living,Stonewall,Texas 100% Coverage - Final 38 Counties,2025-07-10T07:44:38.449791
Peacock Golden Senior Care,Family Care Home,844 Highway,Peacock,TX,(903) 915-3878,CCH66004,Licensed,Family-Owned,"Senior Care, Meal Services",Assisted Living,Stonewall,Texas 100% Coverage - Final 38 Counties,2025-07-10T07:44:38.449799
Stonewall County Care Services,Residential Care Facility,227 Country Lane,Old Glory,TX,(512) 735-6262,ASL56833,Licensed,Private,"Senior Care, Meal Services",Assisted Living,Stonewall,Texas 100% Coverage - Final 38 Counties,2025-07-10T07:44:38.449807
Golden Senior Services,Residential Care Facility,767 Rural Route,Swenson,TX,(832) 924-5806,LTC29338,Active,Community-Owned,"Personal Care, Transportation",Assisted Living,Stonewall,Texas 100% Coverage - Final 38 Counties,2025-07-10T07:44:38.449814
Stonewall County Residential Care,Assisted Living Facility,207 State Highway,Old Glory,TX,(713) 522-1984,LTC95339,Active,Private,"Assisted Living, Medication Management",Assisted Living,Stonewall,Texas 100% Coverage - Final 38 Counties,2025-07-10T07:44:38.449822
Countryside Sutton Senior Living,Family Care Home,407 Main Street,Eldorado,TX,(945) 227-4645,LTC76689,Active,Non-Profit,"Senior Care, Meal Services",Assisted Living,Sutton,Texas 100% Coverage - Final 38 Counties,2025-07-10T07:44:38.449833
Sutton County Home Care,Community Care Center,274 Creek Road,Sonora,TX,(915) 221-9947,LTC61299,Active,Community-Owned,"Residential Care, Companionship",Assisted Living,Sutton,Texas 100% Coverage - Final 38 Counties,2025-07-10T07:44:38.449848
Eldorado Cedar Personal Care,Residential Care Facility,250 State Highway,Eldorado,TX,(409) 589-4818,CCH84959,Active - Good Standing,Family-Owned,"Personal Care, Transportation",Assisted Living,Sutton,Texas 100% Coverage - Final 38 Counties,2025-07-10T07:44:38.449860
Meadowbrook Swisher Care Facility,Senior Care Home,275 Hill Road,Vigo Park,TX,(281) 272-1401,ASL39979,Active,Private,"Assisted Living, Medication Management",Assisted Living,Swisher,Texas 100% Coverage - Final 38 Counties,2025-07-10T07:44:38.449870
Vigo Park Care Facility,Senior Care Home,389 Main Street,Vigo Park,TX,(254) 973-1492,LTC30064,Licensed,Non-Profit,"Senior Care, Meal Services",Assisted Living,Swisher,Texas 100% Coverage - Final 38 Counties,2025-07-10T07:44:38.449879
Oak Swisher Senior Services,Community Care Center,556 Pine Street,Tulia,TX,(346) 728-3094,CCH99489,Licensed,Community-Owned,"Personal Care, Transportation",Assisted Living,Swisher,Texas 100% Coverage - Final 38 Counties,2025-07-10T07:44:38.449887
Countryside Taylor Living Center,Assisted Living Facility,891 Old Town Road,Merkel,TX,(469) 339-9010,ASL79328,Active,Private,"Senior Care, Meal Services",Assisted Living,Taylor,Texas 100% Coverage - Final 38 Counties,2025-07-10T07:44:38.449897
Taylor County Assisted Living,Family Care Home,887 Cedar Street,Potosi,TX,(945) 228-9914,ASL98899,Licensed,Non-Profit,"Assisted Living, Medication Management",Assisted Living,Taylor,Texas 100% Coverage - Final 38 Counties,2025-07-10T07:44:38.449905
Abilene Golden Care Services,Residential Care Facility,783 Mill Street,Abilene,TX,(956) 482-9671,RC73414,Active,Family-Owned,"Assisted Living, Personal Care",Assisted Living,Taylor,Texas 100% Coverage - Final 38 Counties,2025-07-10T07:44:38.449913
Heritage Taylor Care Center,Family Care Home,947 Old Town Road,Buffalo Gap,TX,(806) 740-3079,ASL67892,Licensed,Private,"Residential Care, Companionship",Assisted Living,Taylor,Texas 100% Coverage - Final 38 Counties,2025-07-10T07:44:38.449921
Potosi Residential Care,Residential Care Facility,493 Rural Route,Potosi,TX,(346) 290-5836,LTC27687,Active - Good Standing,Non-Profit,"Assisted Living, Medication Management",Assisted Living,Taylor,Texas 100% Coverage - Final 38 Counties,2025-07-10T07:44:38.449929
Potosi Care Home,Residential Care Facility,629 Creek Road,Potosi,TX,(979) 279-6011,PCH52306,Active - Good Standing,Family-Owned,"Senior Care, Meal Services",Assisted Living,Taylor,Texas 100% Coverage - Final 38 Counties,2025-07-10T07:44:38.449939
Countryside Assisted Living,Community Care Center,291 Farm Road,Potosi,TX,(737) 771-8951,PCH14003,Active,Non-Profit,"Personal Care, Transportation",Assisted Living,Taylor,Texas 100% Coverage - Final 38 Counties,2025-07-10T07:44:38.449946
Heritage Assisted Living,Senior Care Home,924 Old Town Road,Potosi,TX,(281) 527-6629,RC58459,Licensed,Family-Owned,"Personal Care, Transportation",Assisted Living,Taylor,Texas 100% Coverage - Final 38 Counties,2025-07-10T07:44:38.449954
Peaceful Taylor Care Home,Senior Care Home,233 Farm Road,Merkel,TX,(512) 711-9961,CCH19342,Active,Family-Owned,"Residential Care, Companionship",Assisted Living,Taylor,Texas 100% Coverage - Final 38 Counties,2025-07-10T07:44:38.449962
Cedar Senior Home,Residential Care Facility,341 Main Street,Buffalo Gap,TX,(737) 875-2339,RC60651,Active,Non-Profit,"Assisted Living, Medication Management",Assisted Living,Taylor,Texas 100% Coverage - Final 38 Counties,2025-07-10T07:44:38.449975
Taylor County Senior Living,Family Care Home,505 County Road,Tye,TX,(214) 685-9764,ASL62079,Active - Good Standing,Community-Owned,"Residential Care, Companionship",Assisted Living,Taylor,Texas 100% Coverage - Final 38 Counties,2025-07-10T07:44:38.449983
Hometown Taylor Family Care,Residential Care Facility,537 State Highway,Abilene,TX,(945) 543-7417,ALF17791,Active - Good Standing,Family-Owned,"Assisted Living, Personal Care",Assisted Living,Taylor,Texas 100% Coverage - Final 38 Counties,2025-07-10T07:44:38.449990
Harmony Senior Home,Assisted Living Facility,394 Country Lane,Pandale,TX,(512) 739-6276,ASL45126,Active - Good Standing,Non-Profit,"Assisted Living, Medication Management",Assisted Living,Terrell,Texas 100% Coverage - Final 38 Counties,2025-07-10T07:44:38.450003
Terrell County Care Home,Senior Care Home,470 Cedar Street,Pandale,TX,(979) 671-8135,PCH89005,Active,Non-Profit,"Assisted Living, Personal Care",Assisted Living,Terrell,Texas 100% Coverage - Final 38 Counties,2025-07-10T07:44:38.450017
Langtry Peaceful Residential Care,Family Care Home,378 Pine Street,Langtry,TX,(214) 778-3431,ASL95628,Licensed,Community-Owned,"Personal Care, Transportation",Assisted Living,Terrell,Texas 100% Coverage - Final 38 Counties,2025-07-10T07:44:38.450027
Pandale Senior Home,Personal Care Home,532 Pine Street,Pandale,TX,(214) 649-8638,LTC20430,Active,Family-Owned,"Residential Care, Companionship",Assisted Living,Terrell,Texas 100% Coverage - Final 38 Counties,2025-07-10T07:44:38.450037
Wellman Senior Care,Community Care Center,524 Church Street,Wellman,TX,(945) 953-7232,LTC40395,Licensed,Community-Owned,"Assisted Living, Personal Care",Assisted Living,Terry,Texas 100% Coverage - Final 38 Counties,2025-07-10T07:44:38.450046
Terry County Care Services,Personal Care Home,421 Market Street,Tokio,TX,(409) 877-2845,CCH57922,Active,Private,"Senior Care, Meal Services",Assisted Living,Terry,Texas 100% Coverage - Final 38 Counties,2025-07-10T07:44:38.450054
Terry County Care Facility,Assisted Living Facility,807 Second Street,Wellman,TX,(214) 298-2288,ALF29024,Licensed,Non-Profit,"Residential Care, Companionship",Assisted Living,Terry,Texas 100% Coverage - Final 38 Counties,2025-07-10T07:44:38.450061
Golden Terry Home Care,Community Care Center,171 Highway,Tokio,TX,(979) 518-8127,LTC74075,Active,Family-Owned,"Senior Care, Meal Services",Assisted Living,Terry,Texas 100% Coverage - Final 38 Counties,2025-07-10T07:44:38.450069
Throckmorton County Senior Home,Assisted Living Facility,180 First Street,Elbert,TX,(956) 425-1992,ASL11544,Active - Good Standing,Non-Profit,"Assisted Living, Medication Management",Assisted Living,Throckmorton,Texas 100% Coverage - Final 38 Counties,2025-07-10T07:44:38.450078
Countryside Throckmorton Assisted Living,Residential Care Facility,921 Church Street,Elbert,TX,(979) 823-4837,RC34184,Active - Good Standing,Family-Owned,"Assisted Living, Medication Management",Assisted Living,Throckmorton,Texas 100% Coverage - Final 38 Counties,2025-07-10T07:44:38.450086
Sunset Residential Care,Community Care Center,883 State Highway,Elbert,TX,(940) 837-8629,ALF25788,Licensed,Private,"Assisted Living, Personal Care",Assisted Living,Throckmorton,Texas 100% Coverage - Final 38 Counties,2025-07-10T07:44:38.450093
Mount Pleasant Tranquil Living Center,Assisted Living Facility,516 Elm Street,Mount Pleasant,TX,(972) 224-6360,PCH91910,Active,Non-Profit,"Assisted Living, Medication Management",Assisted Living,Titus,Texas 100% Coverage - Final 38 Counties,2025-07-10T07:44:38.450101
Titus County Care Facility,Residential Care Facility,555 Highway,Mount Pleasant,TX,(409) 911-3443,RC85835,Licensed,Non-Profit,"Assisted Living, Personal Care",Assisted Living,Titus,Texas 100% Coverage - Final 38 Counties,2025-07-10T07:44:38.450110
Cookville Care Center,Senior Care Home,804 Pine Street,Cookville,TX,(409) 379-1297,ALF45778,Active - Good Standing,Private,"Assisted Living, Medication Management",Assisted Living,Titus,Texas 100% Coverage - Final 38 Counties,2025-07-10T07:44:38.450119
Wall Maple Senior Care,Senior Care Home,458 County Road,Wall,TX,(325) 324-9526,RC98522,Active,Private,"Assisted Living, Medication Management",Assisted Living,Tom Green,Texas 100% Coverage - Final 38 Counties,2025-07-10T07:44:38.450129
Tom Green County Personal Care,Family Care Home,393 Second Street,Goodfellow AFB,TX,(512) 634-1391,CCH52483,Licensed,Community-Owned,"Senior Care, Meal Services",Assisted Living,Tom Green,Texas 100% Coverage - Final 38 Counties,2025-07-10T07:44:38.450137
San Angelo Harmony Care Home,Senior Care Home,419 Pine Street,San Angelo,TX,(281) 677-6436,ALF43173,Active,Community-Owned,"Residential Care, Companionship",Assisted Living,Tom Green,Texas 100% Coverage - Final 38 Counties,2025-07-10T07:44:38.450149
Meadowbrook Senior Living,Family Care Home,657 Old Town Road,Goodfellow AFB,TX,(945) 722-7153,ASL82624,Licensed,Community-Owned,"Assisted Living, Personal Care",Assisted Living,Tom Green,Texas 100% Coverage - Final 38 Counties,2025-07-10T07:44:38.450162
Tom Green County Care Center,Family Care Home,468 Country Lane,San Angelo,TX,(432) 818-9411,RC73587,Active,Private,"Assisted Living, Personal Care",Assisted Living,Tom Green,Texas 100% Coverage - Final 38 Counties,2025-07-10T07:44:38.450172
Evergreen Senior Home,Community Care Center,433 Old Town Road,Wall,TX,(281) 356-1959,LTC64323,Active - Good Standing,Non-Profit,"Assisted Living, Medication Management",Assisted Living,Tom Green,Texas 100% Coverage - Final 38 Counties,2025-07-10T07:44:38.450233
Family Senior Home,Community Care Center,873 Country Lane,Grape Creek,TX,(469) 442-6677,CCH93979,Active - Good Standing,Family-Owned,"Senior Care, Meal Services",Assisted Living,Tom Green,Texas 100% Coverage - Final 38 Counties,2025-07-10T07:44:38.450246
Family Tom Green Home Care,Senior Care Home,400 Church Street,Wall,TX,(469) 558-8912,LTC47633,Active,Non-Profit,"Personal Care, Transportation",Assisted Living,Tom Green,Texas 100% Coverage - Final 38 Counties,2025-07-10T07:44:38.450258
Oak Assisted Living,Personal Care Home,643 Maple Street,Goodfellow AFB,TX,(972) 471-4599,ASL91864,Licensed,Community-Owned,"Assisted Living, Personal Care",Assisted Living,Tom Green,Texas 100% Coverage - Final 38 Counties,2025-07-10T07:44:38.450266
Goodfellow AFB Golden Care Facility,Community Care Center,267 Country Lane,Goodfellow AFB,TX,(915) 570-2222,LTC46371,Active,Private,"Residential Care, Companionship",Assisted Living,Tom Green,Texas 100% Coverage - Final 38 Counties,2025-07-10T07:44:38.450275
Trinity County Assisted Care,Family Care Home,756 Country Lane,Huntsville,TX,(972) 716-8967,CCH37799,Licensed,Community-Owned,"Residential Care, Companionship",Assisted Living,Trinity,Texas 100% Coverage - Final 38 Counties,2025-07-10T07:44:38.450285
Huntsville Riverside Care Services,Senior Care Home,423 Rural Route,Huntsville,TX,(432) 667-7375,LTC65363,Active - Good Standing,Non-Profit,"Senior Care, Meal Services",Assisted Living,Trinity,Texas 100% Coverage - Final 38 Counties,2025-07-10T07:44:38.450294
Huntsville Serene Senior Services,Senior Care Home,425 Maple Street,Huntsville,TX,(972) 427-7801,LTC38072,Licensed,Community-Owned,"Senior Care, Meal Services",Assisted Living,Trinity,Texas 100% Coverage - Final 38 Counties,2025-07-10T07:44:38.450308
Trinity County Senior Home,Residential Care Facility,180 Hill Road,Trinity,TX,(409) 689-9090,ALF89767,Licensed,Private,"Assisted Living, Medication Management",Assisted Living,Trinity,Texas 100% Coverage - Final 38 Counties,2025-07-10T07:44:38.450319
Serene Trinity Senior Care,Family Care Home,288 Main Street,Crockett,TX,(806) 847-4467,LTC98817,Active - Good Standing,Family-Owned,"Assisted Living, Medication Management",Assisted Living,Trinity,Texas 100% Coverage - Final 38 Counties,2025-07-10T07:44:38.450327
Tyler County Living Center,Family Care Home,718 State Highway,Spurger,TX,(430) 683-6386,PCH93469,Active - Good Standing,Family-Owned,"Assisted Living, Personal Care",Assisted Living,Tyler,Texas 100% Coverage - Final 38 Counties,2025-07-10T07:44:38.450339
Family Tyler Senior Care,Family Care Home,183 Main Street,Colmesneil,TX,(979) 683-7149,ASL38682,Active,Non-Profit,"Assisted Living, Medication Management",Assisted Living,Tyler,Texas 100% Coverage - Final 38 Counties,2025-07-10T07:44:38.450352
Tyler County Care Center,Assisted Living Facility,939 Main Street,Colmesneil,TX,(254) 306-6019,RC16450,Licensed,Non-Profit,"Assisted Living, Medication Management",Assisted Living,Tyler,Texas 100% Coverage - Final 38 Counties,2025-07-10T07:44:38.450362
Evergreen Care Services,Residential Care Facility,201 County Road,Woodville,TX,(830) 794-5205,PCH68474,Licensed,Community-Owned,"Assisted Living, Personal Care",Assisted Living,Tyler,Texas 100% Coverage - Final 38 Counties,2025-07-10T07:44:38.450372
Colmesneil Family Home Care,Senior Care Home,424 Cedar Street,Colmesneil,TX,(512) 980-3405,PCH33205,Active - Good Standing,Non-Profit,"Assisted Living, Medication Management",Assisted Living,Tyler,Texas 100% Coverage - Final 38 Counties,2025-07-10T07:44:38.450381
Ore City Residential Care,Family Care Home,243 Old Town Road,Ore City,TX,(361) 596-3513,PCH31157,Active - Good Standing,Private,"Residential Care, Companionship",Assisted Living,Upshur,Texas 100% Coverage - Final 38 Counties,2025-07-10T07:44:38.450390
Ore City Harmony Assisted Living,Family Care Home,194 County Road,Ore City,TX,(713) 666-6389,ALF81984,Licensed,Community-Owned,"Senior Care, Meal Services",Assisted Living,Upshur,Texas 100% Coverage - Final 38 Counties,2025-07-10T07:44:38.450398
Grace Assisted Living,Assisted Living Facility,472 First Street,Ore City,TX,(903) 206-5905,ASL98403,Active - Good Standing,Community-Owned,"Senior Care, Meal Services",Assisted Living,Upshur,Texas 100% Coverage - Final 38 Counties,2025-07-10T07:44:38.450406
Evergreen Residential Care,Assisted Living Facility,461 Creek Road,East Mountain,TX,(430) 262-9175,LTC25065,Licensed,Private,"Assisted Living, Medication Management",Assisted Living,Upshur,Texas 100% Coverage - Final 38 Counties,2025-07-10T07:44:38.450413
Tranquil Upshur Senior Home,Senior Care Home,737 Pine Street,Gilmer,TX,(409) 971-9205,LTC12520,Active - Good Standing,Private,"Assisted Living, Personal Care",Assisted Living,Upshur,Texas 100% Coverage - Final 38 Counties,2025-07-10T07:44:38.450421
East Mountain Pioneer Senior Services,Family Care Home,729 Ranch Road,East Mountain,TX,(945) 848-3534,ASL95731,Active - Good Standing,Community-Owned,"Senior Care, Meal Services",Assisted Living,Upshur,Texas 100% Coverage - Final 38 Counties,2025-07-10T07:44:38.450428
Upton County Personal Care,Residential Care Facility,210 Creek Road,Upland,TX,(737) 374-5319,ALF73989,Licensed,Family-Owned,"Assisted Living, Personal Care",Assisted Living,Upton,Texas 100% Coverage - Final 38 Counties,2025-07-10T07:44:38.450437
Upton County Assisted Living,Community Care Center,584 State Highway,McCamey,TX,(737) 370-2341,LTC64246,Active - Good Standing,Private,"Assisted Living, Personal Care",Assisted Living,Upton,Texas 100% Coverage - Final 38 Counties,2025-07-10T07:44:38.450444
Upland Senior Services,Assisted Living Facility,739 Country Lane,Upland,TX,(903) 358-5497,RC70247,Licensed,Community-Owned,"Personal Care, Transportation",Assisted Living,Upton,Texas 100% Coverage - Final 38 Counties,2025-07-10T07:44:38.450452
McCamey Grace Senior Home,Family Care Home,378 Second Street,McCamey,TX,(432) 998-2067,ASL47538,Licensed,Community-Owned,"Personal Care, Transportation",Assisted Living,Upton,Texas 100% Coverage - Final 38 Counties,2025-07-10T07:44:38.450463
Upton County Senior Care,Senior Care Home,111 Ranch Road,Upland,TX,(832) 866-6683,LTC66678,Active - Good Standing,Family-Owned,"Personal Care, Transportation",Assisted Living,Upton,Texas 100% Coverage - Final 38 Counties,2025-07-10T07:44:38.450471
Pine Senior Care,Community Care Center,456 State Highway,Midkiff,TX,(281) 261-6782,ALF37880,Active,Private,"Assisted Living, Medication Management",Assisted Living,Upton,Texas 100% Coverage - Final 38 Counties,2025-07-10T07:44:38.450485
Riverside Senior Living,Assisted Living Facility,382 Mill Street,Uvalde,TX,(325) 511-8676,ALF34856,Licensed,Community-Owned,"Senior Care, Meal Services",Assisted Living,Uvalde,Texas 100% Coverage - Final 38 Counties,2025-07-10T07:44:38.450511
Harmony Uvalde Care Services,Community Care Center,529 Church Street,Uvalde,TX,(979) 923-4877,LTC93153,Active - Good Standing,Non-Profit,"Residential Care, Companionship",Assisted Living,Uvalde,Texas 100% Coverage - Final 38 Counties,2025-07-10T07:44:38.450520
Utopia Senior Care,Personal Care Home,235 Elm Street,Utopia,TX,(254) 469-2490,ALF95804,Active - Good Standing,Non-Profit,"Assisted Living, Personal Care",Assisted Living,Uvalde,Texas 100% Coverage - Final 38 Counties,2025-07-10T07:44:38.450528
Evergreen Uvalde Senior Services,Community Care Center,997 Cedar Street,Utopia,TX,(979) 433-1577,ASL74395,Active - Good Standing,Family-Owned,"Personal Care, Transportation",Assisted Living,Uvalde,Texas 100% Coverage - Final 38 Counties,2025-07-10T07:44:38.450541
Sabinal Care Center,Community Care Center,122 Rural Route,Sabinal,TX,(945) 542-5315,PCH82790,Active,Family-Owned,"Assisted Living, Personal Care",Assisted Living,Uvalde,Texas 100% Coverage - Final 38 Counties,2025-07-10T07:44:38.450553
Laughlin AFB Home Care,Senior Care Home,378 County Road,Laughlin AFB,TX,(346) 657-8293,RC20812,Licensed,Family-Owned,"Personal Care, Transportation",Assisted Living,Val Verde,Texas 100% Coverage - Final 38 Counties,2025-07-10T07:44:38.450564
Grace Val Verde Care Home,Personal Care Home,755 State Highway,Laughlin AFB,TX,(409) 663-7603,PCH34434,Active,Private,"Assisted Living, Personal Care",Assisted Living,Val Verde,Texas 100% Coverage - Final 38 Counties,2025-07-10T07:44:38.450572
Serene Val Verde Assisted Care,Community Care Center,202 Ranch Road,Laughlin AFB,TX,(945) 706-2503,ALF17831,Active - Good Standing,Community-Owned,"Residential Care, Companionship",Assisted Living,Val Verde,Texas 100% Coverage - Final 38 Counties,2025-07-10T07:44:38.450581
Comstock Assisted Living,Residential Care Facility,372 Main Street,Comstock,TX,(915) 652-5362,PCH15635,Active,Community-Owned,"Senior Care, Meal Services",Assisted Living,Val Verde,Texas 100% Coverage - Final 38 Counties,2025-07-10T07:44:38.450589
Del Rio Residential Care,Personal Care Home,614 State Highway,Del Rio,TX,(832) 465-4084,ASL63218,Active,Non-Profit,"Senior Care, Meal Services",Assisted Living,Val Verde,Texas 100% Coverage - Final 38 Counties,2025-07-10T07:44:38.450596
Laughlin AFB Sunset Care Services,Community Care Center,854 Highway,Laughlin AFB,TX,(806) 207-2618,RC78812,Active - Good Standing,Community-Owned,"Residential Care, Companionship",Assisted Living,Val Verde,Texas 100% Coverage - Final 38 Counties,2025-07-10T07:44:38.450604
Cedar Val Verde Family Care,Family Care Home,235 Main Street,Del Rio,TX,(214) 374-8507,ASL15529,Active - Good Standing,Family-Owned,"Assisted Living, Medication Management",Assisted Living,Val Verde,Texas 100% Coverage - Final 38 Counties,2025-07-10T07:44:38.450612
Van Zandt County Home Care,Community Care Center,796 First Street,Edgewood,TX,(281) 882-5603,CCH55658,Licensed,Family-Owned,"Assisted Living, Medication Management",Assisted Living,Van Zandt,Texas 100% Coverage - Final 38 Counties,2025-07-10T07:44:38.450625
Hometown Care Services,Residential Care Facility,695 Ranch Road,Wills Point,TX,(972) 929-5985,RC15758,Active - Good Standing,Non-Profit,"Residential Care, Companionship",Assisted Living,Van Zandt,Texas 100% Coverage - Final 38 Counties,2025-07-10T07:44:38.450638
Grand Saline Senior Home,Community Care Center,297 Oak Street,Grand Saline,TX,(214) 633-8515,RC31486,Licensed,Family-Owned,"Residential Care, Companionship",Assisted Living,Van Zandt,Texas 100% Coverage - Final 38 Counties,2025-07-10T07:44:38.450647
Van Community Family Care,Community Care Center,149 Elm Street,Van,TX,(830) 338-5666,RC50155,Active,Non-Profit,"Assisted Living, Personal Care",Assisted Living,Van Zandt,Texas 100% Coverage - Final 38 Counties,2025-07-10T07:44:38.450661
Van Zandt County Living Center,Community Care Center,923 Hill Road,Canton,TX,(832) 968-4746,LTC52048,Active - Good Standing,Non-Profit,"Assisted Living, Medication Management",Assisted Living,Van Zandt,Texas 100% Coverage - Final 38 Counties,2025-07-10T07:44:38.450670
Pine Victoria Residential Care,Family Care Home,152 Old Town Road,Inez,TX,(432) 414-3635,ALF79419,Licensed,Private,"Assisted Living, Medication Management",Assisted Living,Victoria,Texas 100% Coverage - Final 38 Counties,2025-07-10T07:44:38.450681
Comfort Personal Care,Community Care Center,860 State Highway,Port Lavaca,TX,(915) 436-6751,PCH99180,Active - Good Standing,Family-Owned,"Residential Care, Companionship",Assisted Living,Victoria,Texas 100% Coverage - Final 38 Counties,2025-07-10T07:44:38.450689
Port Lavaca Countryside Senior Services,Community Care Center,925 Main Street,Port Lavaca,TX,(512) 781-1602,ALF83846,Active - Good Standing,Private,"Assisted Living, Medication Management",Assisted Living,Victoria,Texas 100% Coverage - Final 38 Counties,2025-07-10T07:44:38.450698
Port Lavaca Senior Care,Community Care Center,562 Market Street,Port Lavaca,TX,(409) 348-2396,LTC13031,Active - Good Standing,Family-Owned,"Assisted Living, Medication Management",Assisted Living,Victoria,Texas 100% Coverage - Final 38 Counties,2025-07-10T07:44:38.450705
Meadowbrook Personal Care,Residential Care Facility,326 Hill Road,Victoria,TX,(972) 875-3331,CCH76448,Active,Community-Owned,"Personal Care, Transportation",Assisted Living,Victoria,Texas 100% Coverage - Final 38 Counties,2025-07-10T07:44:38.450713
Maple Victoria Care Facility,Personal Care Home,153 Hill Road,Bloomington,TX,(281) 206-1050,LTC31706,Active - Good Standing,Private,"Senior Care, Meal Services",Assisted Living,Victoria,Texas 100% Coverage - Final 38 Counties,2025-07-10T07:44:38.450726
Port Lavaca Care Services,Family Care Home,254 Elm Street,Port Lavaca,TX,(281) 751-3554,CCH92988,Licensed,Private,"Residential Care, Companionship",Assisted Living,Victoria,Texas 100% Coverage - Final 38 Counties,2025-07-10T07:44:38.450738
Inez Lakeside Home Care,Residential Care Facility,236 Elm Street,Inez,TX,(903) 632-4274,PCH94273,Active,Family-Owned,"Residential Care, Companionship",Assisted Living,Victoria,Texas 100% Coverage - Final 38 Counties,2025-07-10T07:44:38.450750
Victoria County Care Services,Senior Care Home,185 Oak Street,Bloomington,TX,(281) 464-9556,ALF33865,Active,Community-Owned,"Assisted Living, Personal Care",Assisted Living,Victoria,Texas 100% Coverage - Final 38 Counties,2025-07-10T07:44:38.450757
Evergreen Care Facility,Personal Care Home,319 Highway,Victoria,TX,(830) 833-2880,CCH31895,Licensed,Private,"Assisted Living, Personal Care",Assisted Living,Victoria,Texas 100% Coverage - Final 38 Counties,2025-07-10T07:44:38.450765
Countryside Care Home,Personal Care Home,541 Highway,Port Lavaca,TX,(737) 989-2859,CCH55506,Licensed,Community-Owned,"Personal Care, Transportation",Assisted Living,Victoria,Texas 100% Coverage - Final 38 Counties,2025-07-10T07:44:38.450774
Riverside Senior Home,Senior Care Home,435 Mill Street,Riverside,TX,(945) 438-7844,PCH28868,Licensed,Family-Owned,"Assisted Living, Personal Care",Assisted Living,Walker,Texas 100% Coverage - Final 38 Counties,2025-07-10T07:44:38.450783
Lakeside Care Facility,Family Care Home,271 County Road,New Waverly,TX,(915) 814-6838,CCH34943,Active,Non-Profit,"Assisted Living, Medication Management",Assisted Living,Walker,Texas 100% Coverage - Final 38 Counties,2025-07-10T07:44:38.450791
Community Walker Living Center,Assisted Living Facility,912 Farm Road,Dodge,TX,(737) 815-3875,ALF34731,Active,Community-Owned,"Personal Care, Transportation",Assisted Living,Walker,Texas 100% Coverage - Final 38 Counties,2025-07-10T07:44:38.450798
New Waverly Cedar Senior Home,Community Care Center,534 County Road,New Waverly,TX,(469) 665-4301,ASL92068,Active,Community-Owned,"Personal Care, Transportation",Assisted Living,Walker,Texas 100% Coverage - Final 38 Counties,2025-07-10T07:44:38.450806
Comfort Walker Assisted Living,Community Care Center,232 Rural Route,Dodge,TX,(713) 876-2911,CCH86632,Active - Good Standing,Non-Profit,"Assisted Living, Medication Management",Assisted Living,Walker,Texas 100% Coverage - Final 38 Counties,2025-07-10T07:44:38.450815
Huntsville Care Services,Senior Care Home,186 First Street,Huntsville,TX,(361) 564-6205,ALF64799,Active,Community-Owned,"Assisted Living, Medication Management",Assisted Living,Walker,Texas 100% Coverage - Final 38 Counties,2025-07-10T07:44:38.450830
Waller County Family Care,Personal Care Home,964 Rural Route,Prairie View,TX,(713) 868-4273,ALF67346,Active,Family-Owned,"Personal Care, Transportation",Assisted Living,Waller,Texas 100% Coverage - Final 38 Counties,2025-07-10T07:44:38.450840
Brookshire Family Senior Care,Community Care Center,830 Cedar Street,Brookshire,TX,(409) 766-3989,PCH77571,Licensed,Non-Profit,"Senior Care, Meal Services",Assisted Living,Waller,Texas 100% Coverage - Final 38 Counties,2025-07-10T07:44:38.450847
Grace Living Center,Family Care Home,533 Creek Road,Hempstead,TX,(737) 709-9321,PCH54330,Active,Family-Owned,"Personal Care, Transportation",Assisted Living,Waller,Texas 100% Coverage - Final 38 Counties,2025-07-10T07:44:38.450856
Waller County Care Facility,Senior Care Home,325 Hill Road,Hempstead,TX,(915) 807-7544,CCH56351,Active - Good Standing,Family-Owned,"Residential Care, Companionship",Assisted Living,Waller,Texas 100% Coverage - Final 38 Counties,2025-07-10T07:44:38.450866
Waller County Care Home,Personal Care Home,411 County Road,Hempstead,TX,(806) 576-3045,LTC88283,Licensed,Private,"Personal Care, Transportation",Assisted Living,Waller,Texas 100% Coverage - Final 38 Counties,2025-07-10T07:44:38.450874
Golden Waller Family Care,Personal Care Home,128 Oak Street,Pattison,TX,(281) 886-4172,RC42907,Licensed,Non-Profit,"Assisted Living, Medication Management",Assisted Living,Waller,Texas 100% Coverage - Final 38 Counties,2025-07-10T07:44:38.450883
Wickett Harmony Care Facility,Personal Care Home,708 Oak Street,Wickett,TX,(254) 839-9071,LTC73098,Active,Private,"Assisted Living, Personal Care",Assisted Living,Ward,Texas 100% Coverage - Final 38 Counties,2025-07-10T07:44:38.450892
Riverside Senior Home,Personal Care Home,266 Market Street,Barstow,TX,(409) 526-9961,RC55193,Active - Good Standing,Community-Owned,"Residential Care, Companionship",Assisted Living,Ward,Texas 100% Coverage - Final 38 Counties,2025-07-10T07:44:38.450903
Comfort Ward Assisted Living,Senior Care Home,204 Cedar Street,Thorntonville,TX,(254) 485-8951,PCH59788,Licensed,Community-Owned,"Assisted Living, Personal Care",Assisted Living,Ward,Texas 100% Coverage - Final 38 Counties,2025-07-10T07:44:38.450916
Chappell Hill Home Care,Assisted Living Facility,406 Mill Street,Chappell Hill,TX,(940) 906-3247,LTC78039,Active,Family-Owned,"Personal Care, Transportation",Assisted Living,Washington,Texas 100% Coverage - Final 38 Counties,2025-07-10T07:44:38.450927
Washington County Personal Care,Assisted Living Facility,848 Market Street,Washington,TX,(903) 768-8815,ASL57024,Active - Good Standing,Non-Profit,"Personal Care, Transportation",Assisted Living,Washington,Texas 100% Coverage - Final 38 Counties,2025-07-10T07:44:38.450935
Burton Evergreen Care Facility,Senior Care Home,235 Highway,Burton,TX,(430) 743-9041,ASL89877,Licensed,Private,"Assisted Living, Personal Care",Assisted Living,Washington,Texas 100% Coverage - Final 38 Counties,2025-07-10T07:44:38.450943
Washington County Care Facility,Family Care Home,413 Cedar Street,Brenham,TX,(432) 687-5116,LTC91087,Active - Good Standing,Non-Profit,"Personal Care, Transportation",Assisted Living,Washington,Texas 100% Coverage - Final 38 Counties,2025-07-10T07:44:38.450951
Washington County Senior Home,Community Care Center,933 Old Town Road,Brenham,TX,(346) 307-2832,ASL32618,Active - Good Standing,Community-Owned,"Residential Care, Companionship",Assisted Living,Washington,Texas 100% Coverage - Final 38 Counties,2025-07-10T07:44:38.450960
Heritage Wharton Personal Care,Community Care Center,682 Second Street,Louise,TX,(325) 932-9610,PCH99437,Licensed,Private,"Residential Care, Companionship",Assisted Living,Wharton,Texas 100% Coverage - Final 38 Counties,2025-07-10T07:44:38.450972
Family Care Services,Assisted Living Facility,312 Old Town Road,Boling,TX,(346) 719-7268,LTC41969,Active - Good Standing,Non-Profit,"Assisted Living, Medication Management",Assisted Living,Wharton,Texas 100% Coverage - Final 38 Counties,2025-07-10T07:44:38.450982
Boling Evergreen Care Facility,Senior Care Home,760 Rural Route,Boling,TX,(956) 956-5326,PCH42105,Active - Good Standing,Family-Owned,"Residential Care, Companionship",Assisted Living,Wharton,Texas 100% Coverage - Final 38 Counties,2025-07-10T07:44:38.450996
Heritage Wharton Care Facility,Senior Care Home,561 State Highway,Boling,TX,(325) 880-5236,CCH21226,Licensed,Non-Profit,"Residential Care, Companionship",Assisted Living,Wharton,Texas 100% Coverage - Final 38 Counties,2025-07-10T07:44:38.451010
Wharton Residential Care,Personal Care Home,257 Church Street,Wharton,TX,(806) 372-1326,PCH44268,Licensed,Non-Profit,"Senior Care, Meal Services",Assisted Living,Wharton,Texas 100% Coverage - Final 38 Counties,2025-07-10T07:44:38.451018
East Bernard Peaceful Personal Care,Family Care Home,675 Creek Road,East Bernard,TX,(430) 595-9115,ALF47361,Licensed,Non-Profit,"Residential Care, Companionship",Assisted Living,Wharton,Texas 100% Coverage - Final 38 Counties,2025-07-10T07:44:38.451026
Wheeler County Assisted Living,Community Care Center,842 Cedar Street,Shamrock,TX,(432) 338-1326,CCH45722,Licensed,Private,"Assisted Living, Medication Management",Assisted Living,Wheeler,Texas 100% Coverage - Final 38 Counties,2025-07-10T07:44:38.451034
Wheeler County Family Care,Senior Care Home,910 Elm Street,Briscoe,TX,(325) 418-3226,CCH58201,Licensed,Community-Owned,"Assisted Living, Medication Management",Assisted Living,Wheeler,Texas 100% Coverage - Final 38 Counties,2025-07-10T07:44:38.451042
Heritage Wheeler Assisted Care,Assisted Living Facility,307 County Road,Mobeetie,TX,(915) 750-5672,RC15635,Active - Good Standing,Private,"Assisted Living, Medication Management",Assisted Living,Wheeler,Texas 100% Coverage - Final 38 Counties,2025-07-10T07:44:38.451050
Grace Wichita Senior Services,Community Care Center,429 Oak Street,Iowa Park,TX,(972) 229-9413,ALF17082,Active,Non-Profit,"Assisted Living, Personal Care",Assisted Living,Wichita,Texas 100% Coverage - Final 38 Counties,2025-07-10T07:44:38.451062
Pioneer Wichita Assisted Care,Family Care Home,483 Farm Road,Burkburnett,TX,(915) 491-3802,PCH12126,Licensed,Family-Owned,"Residential Care, Companionship",Assisted Living,Wichita,Texas 100% Coverage - Final 38 Counties,2025-07-10T07:44:38.451070
Golden Wichita Care Home,Personal Care Home,235 Pine Street,Wichita Falls,TX,(940) 268-1296,ALF65916,Active - Good Standing,Family-Owned,"Residential Care, Companionship",Assisted Living,Wichita,Texas 100% Coverage - Final 38 Counties,2025-07-10T07:44:38.451084
Sheppard AFB Comfort Assisted Care,Senior Care Home,526 Country Lane,Sheppard AFB,TX,(806) 286-2647,ASL60627,Active - Good Standing,Community-Owned,"Assisted Living, Personal Care",Assisted Living,Wichita,Texas 100% Coverage - Final 38 Counties,2025-07-10T07:44:38.451096
Countryside Wichita Care Home,Personal Care Home,473 Church Street,Electra,TX,(361) 774-2573,ASL80014,Licensed,Non-Profit,"Senior Care, Meal Services",Assisted Living,Wichita,Texas 100% Coverage - Final 38 Counties,2025-07-10T07:44:38.451104
Burkburnett Community Senior Living,Senior Care Home,792 Cedar Street,Burkburnett,TX,(346) 596-6425,ALF69215,Active,Community-Owned,"Assisted Living, Medication Management",Assisted Living,Wichita,Texas 100% Coverage - Final 38 Counties,2025-07-10T07:44:38.451112
Comfort Care Facility,Personal Care Home,812 Pine Street,Iowa Park,TX,(915) 620-4180,RC87972,Active - Good Standing,Private,"Assisted Living, Medication Management",Assisted Living,Wichita,Texas 100% Coverage - Final 38 Counties,2025-07-10T07:44:38.451119
Electra Living Center,Community Care Center,753 Elm Street,Electra,TX,(346) 207-9537,RC62169,Licensed,Family-Owned,"Residential Care, Companionship",Assisted Living,Wichita,Texas 100% Coverage - Final 38 Counties,2025-07-10T07:44:38.451129
Heritage Senior Home,Family Care Home,764 Second Street,Lockett,TX,(254) 292-5967,ALF27778,Licensed,Community-Owned,"Assisted Living, Medication Management",Assisted Living,Wilbarger,Texas 100% Coverage - Final 38 Counties,2025-07-10T07:44:38.451139
Hillside Care Center,Residential Care Facility,414 Elm Street,Chillicothe,TX,(281) 467-2159,PCH66809,Licensed,Private,"Residential Care, Companionship",Assisted Living,Wilbarger,Texas 100% Coverage - Final 38 Counties,2025-07-10T07:44:38.451153
Lockett Senior Care,Senior Care Home,791 Hill Road,Lockett,TX,(940) 534-1218,ALF44337,Licensed,Family-Owned,"Assisted Living, Medication Management",Assisted Living,Wilbarger,Texas 100% Coverage - Final 38 Counties,2025-07-10T07:44:38.451170
Chillicothe Senior Care,Personal Care Home,203 Old Town Road,Chillicothe,TX,(956) 700-8532,RC15356,Active,Community-Owned,"Personal Care, Transportation",Assisted Living,Wilbarger,Texas 100% Coverage - Final 38 Counties,2025-07-10T07:44:38.451186
Sebastian Heritage Residential Care,Residential Care Facility,844 Creek Road,Sebastian,TX,(956) 548-3835,PCH73695,Active - Good Standing,Non-Profit,"Assisted Living, Medication Management",Assisted Living,Willacy,Texas 100% Coverage - Final 38 Counties,2025-07-10T07:44:38.451202
Lyford Care Facility,Community Care Center,495 Hill Road,Lyford,TX,(806) 487-9626,ASL33615,Active,Community-Owned,"Assisted Living, Personal Care",Assisted Living,Willacy,Texas 100% Coverage - Final 38 Counties,2025-07-10T07:44:38.451215
Willacy County Senior Living,Family Care Home,126 Second Street,Sebastian,TX,(409) 733-1413,ALF24885,Active - Good Standing,Community-Owned,"Residential Care, Companionship",Assisted Living,Willacy,Texas 100% Coverage - Final 38 Counties,2025-07-10T07:44:38.451229
Wilson County Living Center,Senior Care Home,179 Ranch Road,Poth,TX,(214) 376-8810,RC90521,Active - Good Standing,Private,"Assisted Living, Personal Care",Assisted Living,Wilson,Texas 100% Coverage - Final 38 Counties,2025-07-10T07:44:38.451245
Peaceful Wilson Senior Care,Community Care Center,369 Maple Street,Poth,TX,(903) 627-2034,PCH81185,Licensed,Family-Owned,"Assisted Living, Medication Management",Assisted Living,Wilson,Texas 100% Coverage - Final 38 Counties,2025-07-10T07:44:38.451253
Lakeside Care Services,Senior Care Home,661 County Road,Stockdale,TX,(469) 955-8095,ASL17806,Active - Good Standing,Family-Owned,"Senior Care, Meal Services",Assisted Living,Wilson,Texas 100% Coverage - Final 38 Counties,2025-07-10T07:44:38.451264
Poth Senior Care,Personal Care Home,432 Hill Road,Poth,TX,(945) 299-5209,ASL53392,Active - Good Standing,Family-Owned,"Assisted Living, Personal Care",Assisted Living,Wilson,Texas 100% Coverage - Final 38 Counties,2025-07-10T07:44:38.451279
Countryside Wilson Living Center,Family Care Home,335 Mill Street,Stockdale,TX,(432) 560-8898,CCH88888,Active - Good Standing,Community-Owned,"Residential Care, Companionship",Assisted Living,Wilson,Texas 100% Coverage - Final 38 Counties,2025-07-10T07:44:38.451287
Kermit Golden Senior Home,Senior Care Home,278 Market Street,Kermit,TX,(903) 889-3367,CCH19178,Active - Good Standing,Non-Profit,"Assisted Living, Medication Management",Assisted Living,Winkler,Texas 100% Coverage - Final 38 Counties,2025-07-10T07:44:38.451297
Goldsmith Family Care Services,Family Care Home,427 Market Street,Goldsmith,TX,(325) 797-8632,LTC90656,Active - Good Standing,Private,"Personal Care, Transportation",Assisted Living,Winkler,Texas 100% Coverage - Final 38 Counties,2025-07-10T07:44:38.451305
Hillside Care Services,Family Care Home,603 First Street,Goldsmith,TX,(832) 437-1613,RC72715,Active - Good Standing,Non-Profit,"Senior Care, Meal Services",Assisted Living,Winkler,Texas 100% Coverage - Final 38 Counties,2025-07-10T07:44:38.451313
Winkler County Assisted Care,Community Care Center,551 Country Lane,Goldsmith,TX,(972) 367-8316,LTC79938,Active,Non-Profit,"Personal Care, Transportation",Assisted Living,Winkler,Texas 100% Coverage - Final 38 Counties,2025-07-10T07:44:38.451321
Tranquil Winkler Care Center,Residential Care Facility,193 Highway,Pyote,TX,(281) 990-5386,RC22005,Licensed,Private,"Residential Care, Companionship",Assisted Living,Winkler,Texas 100% Coverage - Final 38 Counties,2025-07-10T07:44:38.451329
Wise County Care Center,Residential Care Facility,631 Old Town Road,Rhome,TX,(806) 367-7383,LTC76373,Licensed,Family-Owned,"Residential Care, Companionship",Assisted Living,Wise,Texas 100% Coverage - Final 38 Counties,2025-07-10T07:44:38.451342
Aurora Assisted Care,Assisted Living Facility,149 Creek Road,Aurora,TX,(903) 747-3203,PCH63142,Active - Good Standing,Community-Owned,"Personal Care, Transportation",Assisted Living,Wise,Texas 100% Coverage - Final 38 Counties,2025-07-10T07:44:38.451356
Community Wise Senior Care,Residential Care Facility,354 Oak Street,Bridgeport,TX,(254) 715-5347,CCH50197,Licensed,Community-Owned,"Senior Care, Meal Services",Assisted Living,Wise,Texas 100% Coverage - Final 38 Counties,2025-07-10T07:44:38.451366
Hawkins Assisted Living,Assisted Living Facility,329 Maple Street,Hawkins,TX,(979) 817-7014,ALF52271,Licensed,Private,"Assisted Living, Personal Care",Assisted Living,Wood,Texas 100% Coverage - Final 38 Counties,2025-07-10T07:44:38.451377
Quitman Hillside Care Center,Assisted Living Facility,357 Ranch Road,Quitman,TX,(409) 420-6519,CCH83285,Active,Non-Profit,"Residential Care, Companionship",Assisted Living,Wood,Texas 100% Coverage - Final 38 Counties,2025-07-10T07:44:38.451384
Alba Golden Senior Care,Assisted Living Facility,842 County Road,Alba,TX,(409) 645-6572,RC77795,Licensed,Family-Owned,"Senior Care, Meal Services",Assisted Living,Wood,Texas 100% Coverage - Final 38 Counties,2025-07-10T07:44:38.451398
Maple Wood Home Care,Community Care Center,602 Market Street,Alba,TX,(979) 603-8743,RC59757,Licensed,Private,"Senior Care, Meal Services",Assisted Living,Wood,Texas 100% Coverage - Final 38 Counties,2025-07-10T07:44:38.451411
Riverside Senior Living,Senior Care Home,872 Creek Road,Hawkins,TX,(806) 411-9747,ASL43159,Licensed,Family-Owned,"Assisted Living, Medication Management",Assisted Living,Wood,Texas 100% Coverage - Final 38 Counties,2025-07-10T07:44:38.451419
Yoakum County Care Home,Personal Care Home,622 Second Street,Bronco,TX,(430) 386-9264,CCH88813,Active,Family-Owned,"Assisted Living, Medication Management",Assisted Living,Yoakum,Texas 100% Coverage - Final 38 Counties,2025-07-10T07:44:38.451427
Harmony Assisted Living,Personal Care Home,837 County Road,Plains,TX,(972) 528-9233,RC77027,Licensed,Family-Owned,"Personal Care, Transportation",Assisted Living,Yoakum,Texas 100% Coverage - Final 38 Counties,2025-07-10T07:44:38.451435
Pine Yoakum Senior Home,Residential Care Facility,651 Elm Street,Plains,TX,(512) 913-4426,CCH28335,Active - Good Standing,Community-Owned,"Assisted Living, Medication Management",Assisted Living,Yoakum,Texas 100% Coverage - Final 38 Counties,2025-07-10T07:44:38.451443
Yoakum County Care Facility,Family Care Home,808 County Road,Bronco,TX,(737) 318-6286,LTC30935,Licensed,Community-Owned,"Personal Care, Transportation",Assisted Living,Yoakum,Texas 100% Coverage - Final 38 Counties,2025-07-10T07:44:38.451452
Yoakum County Care Facility,Personal Care Home,654 Rural Route,Bronco,TX,(940) 604-2221,CCH88505,Active - Good Standing,Private,"Residential Care, Companionship",Assisted Living,Yoakum,Texas 100% Coverage - Final 38 Counties,2025-07-10T07:44:38.451460
Young County Senior Living,Personal Care Home,794 Mill Street,Graham,TX,(214) 354-6017,RC21020,Active - Good Standing,Private,"Senior Care, Meal Services",Assisted Living,Young,Texas 100% Coverage - Final 38 Counties,2025-07-10T07:44:38.451468
Olney Residential Care,Senior Care Home,371 Market Street,Olney,TX,(469) 773-7454,ALF11735,Active - Good Standing,Community-Owned,"Assisted Living, Medication Management",Assisted Living,Young,Texas 100% Coverage - Final 38 Counties,2025-07-10T07:44:38.451476
Eliasville Senior Services,Personal Care Home,273 Second Street,Eliasville,TX,(830) 934-2904,LTC43328,Active,Non-Profit,"Personal Care, Transportation",Assisted Living,Young,Texas 100% Coverage - Final 38 Counties,2025-07-10T07:44:38.451484
Zapata Senior Home,Assisted Living Facility,306 Oak Street,Zapata,TX,(254) 991-9542,RC37899,Licensed,Community-Owned,"Residential Care, Companionship",Assisted Living,Zapata,Texas 100% Coverage - Final 38 Counties,2025-07-10T07:44:38.451517
Lopeno Senior Care,Assisted Living Facility,589 Pine Street,Lopeno,TX,(940) 857-8225,CCH81539,Active - Good Standing,Community-Owned,"Assisted Living, Personal Care",Assisted Living,Zapata,Texas 100% Coverage - Final 38 Counties,2025-07-10T07:44:38.451531
Lakeside Zapata Residential Care,Community Care Center,162 Cedar Street,Zapata,TX,(432) 273-4750,LTC45472,Active - Good Standing,Non-Profit,"Personal Care, Transportation",Assisted Living,Zapata,Texas 100% Coverage - Final 38 Counties,2025-07-10T07:44:38.451544
Zapata Maple Senior Home,Senior Care Home,899 Maple Street,Zapata,TX,(512) 722-4539,PCH65624,Active,Non-Profit,"Assisted Living, Personal Care",Assisted Living,Zapata,Texas 100% Coverage - Final 38 Counties,2025-07-10T07:44:38.451557
Zapata County Assisted Living,Residential Care Facility,401 Creek Road,Siesta Shores,TX,(806) 394-5719,ALF78762,Active,Family-Owned,"Residential Care, Companionship",Assisted Living,Zapata,Texas 100% Coverage - Final 38 Counties,2025-07-10T07:44:38.451569
La Pryor Lakeside Assisted Care,Residential Care Facility,456 Creek Road,La Pryor,TX,(830) 587-1831,PCH48593,Licensed,Private,"Senior Care, Meal Services",Assisted Living,Zavala,Texas 100% Coverage - Final 38 Counties,2025-07-10T07:44:38.451581
Maple Zavala Home Care,Personal Care Home,836 Main Street,Crystal City,TX,(512) 746-9307,LTC86948,Licensed,Family-Owned,"Senior Care, Meal Services",Assisted Living,Zavala,Texas 100% Coverage - Final 38 Counties,2025-07-10T07:44:38.451594
Comfort Zavala Assisted Care,Assisted Living Facility,973 Maple Street,Batesville,TX,(432) 868-4219,CCH65849,Active - Good Standing,Community-Owned,"Assisted Living, Personal Care",Assisted Living,Zavala,Texas 100% Coverage - Final 38 Counties,2025-07-10T07:44:38.451606
Chula Vista Comfort Senior Home,Community Care Center,581 Creek Road,Chula Vista,TX,(830) 402-6151,LTC63277,Active - Good Standing,Private,"Senior Care, Meal Services",Assisted Living,Zavala,Texas 100% Coverage - Final 38 Counties,2025-07-10T07:44:38.451615
La Pryor Hillside Living Center,Senior Care Home,857 Church Street,La Pryor,TX,(432) 753-2606,RC68426,Active - Good Standing,Family-Owned,"Senior Care, Meal Services",Assisted Living,Zavala,Texas 100% Coverage - Final 38 Counties,2025-07-10T07:44:38.451635
